// Copyright 2026 QMK -- generated source code only, font retains original copyright
// SPDX-License-Identifier: GPL-2.0-or-later

// This file was auto-generated by `painter-convert-font-image` with arguments:
//    format         | pal16
//    unicode_glyphs | 
//    output         | zodiarkpi
//    input          | notosans32.png

// Font's metadata
// ---------------
// Glyphs:  , !, ", #, $, %, &, ', (, ), *, +, ,, -, ., /, 0, 1, 2, 3, 4, 5, 6, 7, 8, 9, :, ;, <, =, >, ?, @, A, B, C, D, E, F, G, H, I, J, K, L, M, N, O, P, Q, R, S, T, U, V, W, X, Y, Z, [, \, ], ^, _, `, a, b, c, d, e, f, g, h, i, j, k, l, m, n, o, p, q, r, s, t, u, v, w, x, y, z, {, |, }, ~

#include <qp.h>

const uint32_t font_notosans32_length = 16849;

// clang-format off
const uint8_t font_notosans32[16849] = {
    0x00, 0xFF, 0x14, 0x00, 0x00, 0x51, 0x46, 0x46, 0x01, 0xD1, 0x41, 0x00, 0x00, 0x2E, 0xBE, 0xFF,
    0xFF, 0x21, 0x01, 0x00, 0x00, 0x06, 0x00, 0x01, 0xFF, 0x01, 0xFE, 0x1D, 0x01, 0x00, 0x07, 0x00,
    0x00, 0x08, 0x01, 0x00, 0xCF, 0x1A, 0x00, 0xD1, 0x2E, 0x00, 0x90, 0x5C, 0x00, 0xDA, 0x8E, 0x00,
    0x14, 0xDD, 0x00, 0x88, 0x18, 0x01, 0x4A, 0x24, 0x01, 0x4A, 0x4F, 0x01, 0x4F, 0x7A, 0x01, 0xD0,
    0x96, 0x01, 0x88, 0xAF, 0x01, 0x4A, 0xB9, 0x01, 0xC8, 0xC0, 0x01, 0x4D, 0xC8, 0x01, 0x90, 0xEE,
    0x01, 0x90, 0x23, 0x02, 0x50, 0x4A, 0x02, 0xD0, 0x75, 0x02, 0x10, 0xA7, 0x02, 0x90, 0xD1, 0x02,
    0x50, 0xFF, 0x02, 0x50, 0x33, 0x03, 0xD0, 0x58, 0x03, 0x90, 0x8C, 0x03, 0x49, 0xC0, 0x03, 0x89,
    0xD0, 0x03, 0x50, 0xE4, 0x03, 0xD0, 0x04, 0x04, 0x10, 0x12, 0x04, 0x8D, 0x31, 0x04, 0x99, 0x58,
    0x04, 0x53, 0xA6, 0x04, 0x92, 0xDC, 0x04, 0x11, 0x14, 0x05, 0x94, 0x44, 0x05, 0x4F, 0x84, 0x05,
    0x4F, 0xAA, 0x05, 0xD4, 0xCF, 0x05, 0x95, 0x0C, 0x06, 0x0B, 0x4F, 0x06, 0x09, 0x72, 0x06, 0x13,
    0x98, 0x06, 0xCE, 0xD3, 0x06, 0xDA, 0xF7, 0x06, 0xD6, 0x4B, 0x07, 0x15, 0x96, 0x07, 0x51, 0xDA,
    0x07, 0x15, 0x08, 0x08, 0x92, 0x56, 0x08, 0xCF, 0x8E, 0x08, 0x4F, 0xBD, 0x08, 0xD4, 0xE0, 0x08,
    0x92, 0x25, 0x09, 0xDB, 0x59, 0x09, 0x91, 0xAF, 0x09, 0xD1, 0xE5, 0x09, 0x8F, 0x13, 0x0A, 0x0A,
    0x39, 0x0A, 0x8D, 0x63, 0x0A, 0x4A, 0x8A, 0x0A, 0xD1, 0xB4, 0x0A, 0x4E, 0xD5, 0x0A, 0xCA, 0xD9,
    0x0A, 0xD0, 0xE3, 0x0A, 0x51, 0x0C, 0x0B, 0x4E, 0x45, 0x0B, 0x91, 0x66, 0x0B, 0x90, 0x9E, 0x0B,
    0xCC, 0xC3, 0x0B, 0x91, 0xE9, 0x0B, 0x51, 0x25, 0x0C, 0x88, 0x5D, 0x0C, 0x88, 0x7B, 0x0C, 0x11,
    0xA3, 0x0C, 0x48, 0xD8, 0x0C, 0x5A, 0xF8, 0x0C, 0x51, 0x3C, 0x0D, 0x51, 0x68, 0x0D, 0x91, 0x93,
    0x0D, 0xD1, 0xCE, 0x0D, 0x8C, 0x07, 0x0E, 0x0D, 0x29, 0x0E, 0xCC, 0x4A, 0x0E, 0xD1, 0x6D, 0x0E,
    0xD0, 0x9A, 0x0E, 0x98, 0xC2, 0x0E, 0x8F, 0xFD, 0x0E, 0x10, 0x24, 0x0F, 0x8D, 0x59, 0x0F, 0x4C,
    0x77, 0x0F, 0x0F, 0xA8, 0x0F, 0x8C, 0xDA, 0x0F, 0x50, 0x0A, 0x10, 0x03, 0xFC, 0x30, 0x00, 0x00,
    0x00, 0x00, 0xFF, 0x00, 0x00, 0xFA, 0x00, 0x00, 0xEE, 0x00, 0x00, 0xDA, 0x00, 0x00, 0xC4, 0x00,
    0x00, 0xB3, 0x00, 0x00, 0x96, 0x00, 0x00, 0x7B, 0x00, 0x00, 0x66, 0x00, 0x00, 0x54, 0x00, 0x00,
    0x40, 0x00, 0x00, 0x2B, 0x00, 0x00, 0x18, 0x00, 0x00, 0x07, 0xD4, 0xFF, 0xFF, 0x00, 0x00, 0x00,
    0x04, 0xFB, 0x5C, 0x40, 0x00, 0x73, 0xFF, 0x80, 0x0F, 0x08, 0xFF, 0x80, 0xAF, 0x02, 0x33, 0x81,
    0xF6, 0xAF, 0x02, 0x00, 0x81, 0xF5, 0xBF, 0x02, 0x00, 0x81, 0xF5, 0xBF, 0x02, 0x00, 0x81, 0xF6,
    0xCF, 0x02, 0x00, 0x81, 0xF6, 0xDF, 0x02, 0x00, 0x81, 0xF7, 0xFF, 0x02, 0x00, 0xA4, 0xF7, 0xFF,
    0x02, 0x00, 0xF8, 0xFF, 0x02, 0x00, 0xF8, 0xFF, 0x03, 0x00, 0xF9, 0xFF, 0x04, 0x00, 0xFA, 0xFF,
    0x04, 0x00, 0xFA, 0xFF, 0x05, 0x00, 0xFB, 0xFF, 0x05, 0x00, 0xFB, 0xFF, 0x06, 0x00, 0xFC, 0xFF,
    0x69, 0x66, 0xFD, 0x09, 0xFF, 0x87, 0x49, 0x63, 0xFD, 0xCF, 0x01, 0x00, 0xF7, 0x9F, 0x02, 0x00,
    0x81, 0xF5, 0xAF, 0x02, 0x00, 0x87, 0xF5, 0xFF, 0x04, 0x20, 0xFA, 0xFF, 0xAF, 0xC9, 0x1D, 0xFF,
    0x0F, 0xFF, 0x80, 0x9F, 0x02, 0x33, 0x8C, 0xFB, 0x36, 0x33, 0xF5, 0xFF, 0x0A, 0x00, 0xC0, 0x6F,
    0x00, 0x40, 0xFF, 0xBF, 0x02, 0x00, 0x99, 0xFD, 0x07, 0x00, 0xF5, 0xFF, 0x0C, 0x00, 0xF1, 0x7F,
    0x00, 0x50, 0xFF, 0xDF, 0x00, 0x30, 0xFF, 0x08, 0x00, 0xF6, 0xFF, 0x1F, 0x00, 0xF4, 0x9F, 0x00,
    0x70, 0x02, 0xFF, 0x8C, 0x02, 0x40, 0xFF, 0x0A, 0x00, 0xF8, 0xFF, 0x3F, 0x00, 0xF5, 0xBF, 0x00,
    0x90, 0x02, 0xFF, 0x85, 0x89, 0xA8, 0xFF, 0x8D, 0x88, 0xFC, 0x7F, 0xFF, 0x26, 0xFF, 0x80, 0x0F,
    0x14, 0xFF, 0x84, 0x35, 0xB3, 0xAF, 0x33, 0xF6, 0x03, 0xFF, 0x84, 0x0D, 0x00, 0xFC, 0x08, 0x50,
    0x03, 0xFF, 0x85, 0xBF, 0x00, 0xF1, 0x6F, 0x00, 0xF7, 0x03, 0xFF, 0x84, 0x09, 0x30, 0xFF, 0x04,
    0x90, 0x03, 0xFF, 0x85, 0x7F, 0x00, 0xF5, 0x2F, 0x00, 0xFB, 0x03, 0xFF, 0x8F, 0x05, 0x70, 0xCF,
    0x00, 0xD0, 0xFF, 0xAF, 0x66, 0x26, 0x00, 0x65, 0x06, 0x10, 0x66, 0xF7, 0x08, 0x06, 0x00, 0x81,
    0x30, 0x8F, 0x07, 0x00, 0x88, 0xF3, 0x6A, 0x56, 0x00, 0x62, 0x36, 0x00, 0x64, 0x76, 0x02, 0xFF,
    0x84, 0x08, 0x40, 0xFF, 0x03, 0xA0, 0x03, 0xFF, 0x85, 0x6F, 0x00, 0xF6, 0x0D, 0x00, 0xFC, 0x03,
    0xFF, 0x8F, 0x05, 0x80, 0xBF, 0x00, 0xF1, 0xFF, 0xBF, 0x77, 0x27, 0x00, 0x76, 0x06, 0x20, 0x77,
    0xD7, 0x09, 0x07, 0x00, 0x80, 0x9D, 0x07, 0x00, 0x8F, 0xD0, 0x6B, 0x46, 0x00, 0x62, 0x26, 0x00,
    0x65, 0x66, 0xFD, 0xFF, 0x07, 0x50, 0xFF, 0x02, 0xA0, 0x03, 0xFF, 0x85, 0x6F, 0x00, 0xF7, 0x0C,
    0x00, 0xFC, 0x03, 0xFF, 0x84, 0x04, 0x90, 0xAF, 0x00, 0xF2, 0x03, 0xFF, 0x84, 0x2F, 0x00, 0xFB,
    0x08, 0x40, 0x03, 0xFF, 0x85, 0xDF, 0x00, 0xD0, 0x6F, 0x00, 0xF6, 0x03, 0xFF, 0x84, 0x0B, 0x20,
    0xFF, 0x04, 0x80, 0x46, 0xFF, 0x80, 0x0F, 0x03, 0xFF, 0x81, 0xAF, 0xFA, 0x06, 0xFF, 0x81, 0x4F,
    0xF2, 0x06, 0xFF, 0x81, 0x4F, 0xF2, 0x05, 0xFF, 0x84, 0x6B, 0x14, 0x20, 0x63, 0xD9, 0x02, 0xFF,
    0x80, 0x7F, 0x04, 0x00, 0x83, 0x20, 0xFB, 0xFF, 0x06, 0x04, 0x00, 0x82, 0x20, 0xFD, 0xBF, 0x02,
    0x00, 0x91, 0x22, 0x51, 0x02, 0x60, 0xFF, 0x7F, 0x00, 0x20, 0x4C, 0xF2, 0xBF, 0xB6, 0xFF, 0x6F,
    0x00, 0x60, 0x4F, 0xF2, 0x03, 0xFF, 0x84, 0x7F, 0x00, 0x30, 0x4D, 0xF2, 0x03, 0xFF, 0x80, 0xAF,
    0x02, 0x00, 0x81, 0x34, 0xF2, 0x04, 0xFF, 0x80, 0x05, 0x02, 0x00, 0x80, 0xC2, 0x04, 0xFF, 0x80,
    0x5D, 0x02, 0x00, 0x81, 0x10, 0xD6, 0x04, 0xFF, 0x80, 0x28, 0x02, 0x00, 0x81, 0x20, 0xF9, 0x03,
    0xFF, 0x81, 0xCF, 0x17, 0x02, 0x00, 0x80, 0x90, 0x04, 0xFF, 0x80, 0x4F, 0x02, 0x00, 0x81, 0x20,
    0xFC, 0x03, 0xFF, 0x84, 0x4F, 0x92, 0x01, 0x00, 0xF8, 0x03, 0xFF, 0x98, 0x4F, 0xF2, 0x06, 0x00,
    0xF6, 0x8F, 0xFB, 0xFF, 0x4F, 0xF2, 0x06, 0x00, 0xF7, 0x5F, 0x50, 0xD9, 0x4F, 0xA2, 0x02, 0x00,
    0xF9, 0x5F, 0x00, 0x10, 0x23, 0x02, 0x00, 0x82, 0x30, 0xFD, 0x5F, 0x05, 0x00, 0x83, 0xB2, 0xFF,
    0xAF, 0x25, 0x03, 0x00, 0x81, 0x50, 0xFC, 0x02, 0xFF, 0x84, 0xDF, 0x8B, 0x27, 0x91, 0xFC, 0x05,
    0xFF, 0x81, 0x4F, 0xF2, 0x06, 0xFF, 0x81, 0x4F, 0xF2, 0x06, 0xFF, 0x81, 0x5F, 0xF4, 0x33, 0xFF,
    0x0F, 0xFF, 0x81, 0xBD, 0xFC, 0x0A, 0xFF, 0x83, 0x6D, 0x01, 0x40, 0xFB, 0x02, 0xFF, 0x82, 0xDF,
    0x34, 0x93, 0x04, 0xFF, 0x80, 0x05, 0x02, 0x00, 0x80, 0xB2, 0x02, 0xFF, 0x82, 0x9F, 0x00, 0xD2,
    0x03, 0xFF, 0x84, 0xAF, 0x00, 0x20, 0x01, 0x50, 0x02, 0xFF, 0x82, 0x4F, 0x00, 0xF6, 0x03, 0xFF,
    0x89, 0x6F, 0x00, 0xD3, 0x09, 0x00, 0xFC, 0xFF, 0x0A, 0x00, 0xFC, 0x03, 0xFF, 0x88, 0x3F, 0x00,
    0xF6, 0x1D, 0x00, 0xF8, 0xFF, 0x05, 0x50, 0x04, 0xFF, 0x88, 0x1F, 0x00, 0xF7, 0x3F, 0x00, 0xF7,
    0xCF, 0x01, 0xA0, 0x04, 0xFF, 0x88, 0x0D, 0x00, 0xF8, 0x3F, 0x00, 0xF6, 0x6F, 0x00, 0xF4, 0x04,
    0xFF, 0x88, 0x0D, 0x00, 0xF8, 0x3F, 0x00, 0xF6, 0x2D, 0x00, 0xF8, 0x04, 0xFF, 0x8A, 0x1F, 0x00,
    0xF7, 0x3F, 0x00, 0xF7, 0x08, 0x20, 0xFD, 0xFF, 0xFD, 0x02, 0xFF, 0x95, 0x3F, 0x00, 0xF6, 0x1D,
    0x00, 0xF8, 0x03, 0x70, 0xAF, 0x14, 0x30, 0xF9, 0xFF, 0x6F, 0x00, 0xD3, 0x09, 0x00, 0xAB, 0x00,
    0xC1, 0x1A, 0x02, 0x00, 0x90, 0x80, 0xFF, 0xBF, 0x00, 0x30, 0x01, 0x40, 0x5F, 0x00, 0xF6, 0x04,
    0x00, 0x01, 0x20, 0xFC, 0xFF, 0x06, 0x02, 0x00, 0x95, 0xB1, 0x0B, 0x00, 0xBB, 0x00, 0x90, 0x2C,
    0x00, 0xF7, 0xFF, 0x7F, 0x02, 0x30, 0xFA, 0x06, 0x40, 0x8F, 0x00, 0xF2, 0x5F, 0x00, 0xF5, 0x02,
    0xFF, 0x8A, 0xBD, 0xFC, 0xCF, 0x01, 0x90, 0x6F, 0x00, 0xF3, 0x6F, 0x00, 0xF3, 0x04, 0xFF, 0x88,
    0x7F, 0x00, 0xF3, 0x6F, 0x00, 0xF4, 0x7F, 0x00, 0xF2, 0x04, 0xFF, 0x88, 0x2D, 0x00, 0xF8, 0x6F,
    0x00, 0xF4, 0x7F, 0x00, 0xF2, 0x04, 0xFF, 0x88, 0x09, 0x20, 0xFD, 0x6F, 0x00, 0xF4, 0x7F, 0x00,
    0xF3, 0x04, 0xFF, 0x88, 0x04, 0x60, 0xFF, 0x8F, 0x00, 0xF2, 0x6F, 0x00, 0xF4, 0x03, 0xFF, 0x89,
    0xAF, 0x00, 0xC0, 0xFF, 0xBF, 0x00, 0xB0, 0x3D, 0x00, 0xF6, 0x03, 0xFF, 0x82, 0x5F, 0x00, 0xF5,
    0x02, 0xFF, 0x84, 0x03, 0x20, 0x04, 0x00, 0xFB, 0x03, 0xFF, 0x82, 0x1C, 0x00, 0xFA, 0x02, 0xFF,
    0x80, 0x0A, 0x02, 0x00, 0x80, 0x60, 0x04, 0xFF, 0x81, 0x06, 0x40, 0x03, 0xFF, 0x83, 0x9F, 0x02,
    0x00, 0xD6, 0x0A, 0xFF, 0x81, 0xAD, 0xCA, 0x5D, 0xFF, 0x0D, 0xFF, 0x81, 0xCF, 0xCB, 0x07, 0xFF,
    0x83, 0x6D, 0x02, 0x00, 0x83, 0x05, 0xFF, 0x81, 0xCF, 0x03, 0x03, 0x00, 0x80, 0xF6, 0x04, 0xFF,
    0x80, 0x5F, 0x04, 0x00, 0x80, 0x90, 0x04, 0xFF, 0x85, 0x0B, 0x00, 0x50, 0x37, 0x00, 0x50, 0x04,
    0xFF, 0x85, 0x09, 0x00, 0xF3, 0xAF, 0x00, 0x40, 0x04, 0xFF, 0x85, 0x09, 0x00, 0xF5, 0xBF, 0x00,
    0x40, 0x04, 0xFF, 0x85, 0x0A, 0x00, 0xF3, 0x7F, 0x00, 0x60, 0x04, 0xFF, 0x85, 0x0C, 0x00, 0xA0,
    0x1B, 0x00, 0xA0, 0x04, 0xFF, 0x85, 0x5F, 0x00, 0x30, 0x02, 0x00, 0xF6, 0x04, 0xFF, 0x81, 0xBF,
    0x01, 0x02, 0x00, 0x81, 0x40, 0xFD, 0x04, 0xFF, 0x81, 0xDF, 0x04, 0x02, 0x00, 0x86, 0xD5, 0xFF,
    0xCD, 0xCC, 0xFC, 0xFF, 0x4C, 0x03, 0x00, 0x86, 0xF9, 0xFF, 0x06, 0x00, 0xF2, 0xDF, 0x04, 0x03,
    0x00, 0x85, 0xB1, 0xFF, 0x03, 0x00, 0xF5, 0x8F, 0x02, 0x00, 0x83, 0x36, 0x00, 0x30, 0xBC, 0x02,
    0x00, 0x8F, 0xF9, 0x4F, 0x00, 0x30, 0xBD, 0x01, 0x00, 0x75, 0x00, 0x20, 0xFD, 0x0D, 0x00, 0x60,
    0xFF, 0x08, 0x03, 0x00, 0x86, 0x60, 0xFF, 0x0C, 0x00, 0x70, 0xFF, 0x6F, 0x03, 0x00, 0x87, 0xB1,
    0xFF, 0x0C, 0x00, 0x60, 0xFF, 0xDF, 0x04, 0x02, 0x00, 0x87, 0xF6, 0xFF, 0x2F, 0x00, 0x10, 0xFB,
    0xFF, 0x09, 0x02, 0x00, 0x82, 0xFB, 0xFF, 0x5F, 0x02, 0x00, 0x81, 0x61, 0x56, 0x03, 0x00, 0x83,
    0xD4, 0xFF, 0xBF, 0x01, 0x06, 0x00, 0x80, 0x60, 0x02, 0xFF, 0x80, 0x19, 0x04, 0x00, 0x80, 0x52,
    0x02, 0x00, 0x83, 0xF7, 0xFF, 0xBF, 0x15, 0x02, 0x00, 0x84, 0x73, 0xDC, 0x03, 0x00, 0xA0, 0x02,
    0xFF, 0x82, 0xDF, 0x9A, 0xCA, 0x4B, 0xFF, 0x08, 0xFF, 0x80, 0x9F, 0x02, 0x33, 0x81, 0xFB, 0xAF,
    0x02, 0x00, 0x81, 0xFC, 0xBF, 0x02, 0x00, 0x87, 0xFD, 0xCF, 0x00, 0x10, 0xFF, 0xDF, 0x00, 0x30,
    0x02, 0xFF, 0x81, 0x01, 0x40, 0x02, 0xFF, 0x81, 0x02, 0x40, 0x02, 0xFF, 0x81, 0x03, 0x50, 0x02,
    0xFF, 0x81, 0x89, 0xA8, 0x59, 0xFF, 0x0C, 0xFF, 0x82, 0xAF, 0x22, 0x82, 0x02, 0xFF, 0x82, 0x3D,
    0x00, 0xD3, 0x02, 0xFF, 0x86, 0x07, 0x00, 0xFA, 0xFF, 0xCF, 0x01, 0x40, 0x02, 0xFF, 0x82, 0x7F,
    0x00, 0x90, 0x02, 0xFF, 0x82, 0x2D, 0x00, 0xD2, 0x02, 0xFF, 0x82, 0x09, 0x00, 0xF6, 0x02, 0xFF,
    0x82, 0x06, 0x00, 0xFA, 0x02, 0xFF, 0x86, 0x03, 0x10, 0xFD, 0xFF, 0xCF, 0x00, 0x40, 0x02, 0xFF,
    0x82, 0xAF, 0x00, 0x60, 0x02, 0xFF, 0x82, 0x8F, 0x00, 0x70, 0x02, 0xFF, 0x82, 0x7F, 0x00, 0x80,
    0x02, 0xFF, 0x82, 0x6F, 0x00, 0x80, 0x02, 0xFF, 0x82, 0x6F, 0x00, 0x80, 0x02, 0xFF, 0x82, 0x7F,
    0x00, 0x80, 0x02, 0xFF, 0x82, 0x7F, 0x00, 0x70, 0x02, 0xFF, 0x82, 0x9F, 0x00, 0x60, 0x02, 0xFF,
    0x82, 0xBF, 0x00, 0x40, 0x02, 0xFF, 0x83, 0xDF, 0x01, 0x10, 0xFD, 0x02, 0xFF, 0x82, 0x05, 0x00,
    0xFA, 0x02, 0xFF, 0x82, 0x08, 0x00, 0xF6, 0x02, 0xFF, 0x82, 0x1C, 0x00, 0xF2, 0x02, 0xFF, 0x82,
    0x5F, 0x00, 0x90, 0x02, 0xFF, 0x82, 0xBF, 0x00, 0x40, 0x03, 0xFF, 0x82, 0x06, 0x00, 0xFA, 0x02,
    0xFF, 0x82, 0x2C, 0x00, 0xF4, 0x02, 0xFF, 0x82, 0x9F, 0x00, 0x80, 0x03, 0xFF, 0x81, 0xCC, 0xDC,
    0x0A, 0xFF, 0x0A, 0xFF, 0x82, 0x3C, 0x22, 0xF7, 0x02, 0xFF, 0x82, 0x7F, 0x00, 0xA0, 0x02, 0xFF,
    0x82, 0xDF, 0x02, 0x30, 0x03, 0xFF, 0x82, 0x08, 0x00, 0xF8, 0x02, 0xFF, 0x82, 0x2D, 0x00, 0xF3,
    0x02, 0xFF, 0x82, 0x6F, 0x00, 0xA0, 0x02, 0xFF, 0x82, 0xAF, 0x00, 0x50, 0x02, 0xFF, 0x83, 0xDF,
    0x02, 0x20, 0xFD, 0x02, 0xFF, 0x82, 0x05, 0x00, 0xFA, 0x02, 0xFF, 0x82, 0x07, 0x00, 0xF8, 0x02,
    0xFF, 0x82, 0x09, 0x00, 0xF6, 0x02, 0xFF, 0x82, 0x0A, 0x00, 0xF5, 0x02, 0xFF, 0x82, 0x0B, 0x00,
    0xF4, 0x02, 0xFF, 0x82, 0x0C, 0x00, 0xF3, 0x02, 0xFF, 0x82, 0x0C, 0x00, 0xF3, 0x02, 0xFF, 0x82,
    0x0C, 0x00, 0xF3, 0x02, 0xFF, 0x82, 0x0B, 0x00, 0xF4, 0x02, 0xFF, 0x82, 0x09, 0x00, 0xF6, 0x02,
    0xFF, 0x82, 0x07, 0x00, 0xF7, 0x02, 0xFF, 0x82, 0x05, 0x00, 0xFA, 0x02, 0xFF, 0x86, 0x02, 0x10,
    0xFD, 0xFF, 0xAF, 0x00, 0x40, 0x02, 0xFF, 0x82, 0x6F, 0x00, 0x80, 0x02, 0xFF, 0x82, 0x2D, 0x00,
    0xD2, 0x02, 0xFF, 0x8B, 0x08, 0x00, 0xF7, 0xFF, 0xDF, 0x03, 0x20, 0xFD, 0xFF, 0x8F, 0x00, 0x90,
    0x02, 0xFF, 0x82, 0x2C, 0x00, 0xF5, 0x02, 0xFF, 0x82, 0xCD, 0xCC, 0xFD, 0x0C, 0xFF, 0x02, 0xFF,
    0x82, 0xBF, 0x88, 0xA8, 0x05, 0xFF, 0x82, 0x09, 0x00, 0xF7, 0x04, 0xFF, 0x82, 0xBF, 0x00, 0x90,
    0x05, 0xFF, 0x82, 0x0C, 0x00, 0xFA, 0x02, 0xFF, 0x8F, 0x7F, 0x95, 0xFD, 0x02, 0xC0, 0x9D, 0x55,
    0xFF, 0x04, 0x10, 0x25, 0x00, 0x26, 0x00, 0xF2, 0x2F, 0x06, 0x00, 0x81, 0xCB, 0x23, 0x04, 0x00,
    0x84, 0x10, 0xA3, 0xFF, 0xDF, 0x1A, 0x02, 0x00, 0x80, 0xD9, 0x03, 0xFF, 0x80, 0x4D, 0x02, 0x00,
    0x81, 0x30, 0xFC, 0x02, 0xFF, 0x8C, 0x6F, 0x00, 0x90, 0x01, 0x40, 0xFD, 0xFF, 0x7F, 0x00, 0x50,
    0x6F, 0x00, 0x60, 0x02, 0xFF, 0x85, 0x29, 0x00, 0xFA, 0x1C, 0x10, 0xF7, 0x02, 0xFF, 0x84, 0x6C,
    0xF5, 0xFF, 0x46, 0xFB, 0x03, 0xFF, 0x82, 0xDF, 0xFF, 0xDF, 0x7F, 0xFF, 0x0A, 0xFF, 0x80, 0x0F,
    0x2B, 0xFF, 0x81, 0xDF, 0xFD, 0x06, 0xFF, 0x81, 0x04, 0x50, 0x06, 0xFF, 0x81, 0x04, 0x50, 0x06,
    0xFF, 0x81, 0x04, 0x50, 0x06, 0xFF, 0x81, 0x04, 0x50, 0x06, 0xFF, 0x81, 0x04, 0x50, 0x06, 0xFF,
    0x81, 0x04, 0x50, 0x03, 0xFF, 0x80, 0x2F, 0x02, 0x11, 0x02, 0x00, 0x02, 0x11, 0x81, 0xF4, 0x2F,
    0x06, 0x00, 0x81, 0xF3, 0x2F, 0x06, 0x00, 0x81, 0xF3, 0x8F, 0x02, 0x88, 0x81, 0x03, 0x40, 0x02,
    0x88, 0x80, 0xF9, 0x03, 0xFF, 0x81, 0x04, 0x50, 0x06, 0xFF, 0x81, 0x04, 0x50, 0x06, 0xFF, 0x81,
    0x04, 0x50, 0x06, 0xFF, 0x81, 0x04, 0x50, 0x06, 0xFF, 0x81, 0x04, 0x50, 0x06, 0xFF, 0x81, 0x89,
    0xA8, 0x5B, 0xFF, 0x55, 0xFF, 0xA1, 0x57, 0x55, 0xF7, 0xFF, 0x04, 0x00, 0xF6, 0xFF, 0x02, 0x00,
    0xF9, 0xCF, 0x00, 0x10, 0xFC, 0xAF, 0x00, 0x40, 0xFF, 0x7F, 0x00, 0x80, 0xFF, 0x5F, 0x00, 0xD1,
    0xFF, 0x3F, 0x00, 0xF6, 0xFF, 0xBF, 0xBB, 0xFC, 0x0D, 0xFF, 0x46, 0xFF, 0x80, 0x6C, 0x03, 0x66,
    0x81, 0xF6, 0x0C, 0x03, 0x00, 0x81, 0xF1, 0x0C, 0x03, 0x00, 0x81, 0xF1, 0x0C, 0x03, 0x00, 0x81,
    0xF1, 0x8D, 0x03, 0x88, 0x80, 0xF8, 0x46, 0xFF, 0x51, 0xFF, 0x83, 0x49, 0x63, 0xFD, 0xBF, 0x02,
    0x00, 0x81, 0xF7, 0x9F, 0x02, 0x00, 0x81, 0xF5, 0xAF, 0x02, 0x00, 0x87, 0xF5, 0xDF, 0x04, 0x10,
    0xFA, 0xFF, 0xAF, 0xC9, 0x1D, 0xFF, 0x0B, 0xFF, 0x02, 0xCC, 0x04, 0xFF, 0x82, 0x09, 0x00, 0xF6,
    0x03, 0xFF, 0x82, 0x5F, 0x00, 0xA0, 0x03, 0xFF, 0x82, 0xCF, 0x01, 0x30, 0x04, 0xFF, 0x82, 0x08,
    0x00, 0xF7, 0x03, 0xFF, 0x82, 0x4F, 0x00, 0xC0, 0x03, 0xFF, 0x82, 0xBF, 0x00, 0x40, 0x04, 0xFF,
    0x82, 0x07, 0x00, 0xF8, 0x03, 0xFF, 0x82, 0x3F, 0x00, 0xD1, 0x03, 0xFF, 0x82, 0xAF, 0x00, 0x60,
    0x04, 0xFF, 0x82, 0x06, 0x00, 0xFA, 0x03, 0xFF, 0x82, 0x2D, 0x00, 0xF2, 0x03, 0xFF, 0x82, 0x8F,
    0x00, 0x70, 0x04, 0xFF, 0x82, 0x04, 0x00, 0xFB, 0x03, 0xFF, 0x82, 0x0C, 0x00, 0xF4, 0x03, 0xFF,
    0x82, 0x7F, 0x00, 0x80, 0x04, 0xFF, 0x82, 0x03, 0x10, 0xFC, 0x03, 0xFF, 0x82, 0x0A, 0x00, 0xF5,
    0x03, 0xFF, 0x82, 0x6F, 0x00, 0x90, 0x03, 0xFF, 0x83, 0xDF, 0x02, 0x20, 0xFD, 0x03, 0xFF, 0x82,
    0x09, 0x00, 0xF6, 0x03, 0xFF, 0x82, 0x5F, 0x00, 0xB0, 0x03, 0xFF, 0x82, 0xCF, 0x01, 0x30, 0x04,
    0xFF, 0x82, 0x07, 0x00, 0xF7, 0x03, 0xFF, 0x82, 0xBF, 0xAA, 0xDA, 0x31, 0xFF, 0x80, 0x0F, 0x0B,
    0xFF, 0x81, 0xBC, 0xDB, 0x05, 0xFF, 0x83, 0x4A, 0x00, 0x10, 0xC6, 0x03, 0xFF, 0x80, 0x8F, 0x03,
    0x00, 0x81, 0x20, 0xFB, 0x02, 0xFF, 0x80, 0x1B, 0x04, 0x00, 0x80, 0xF4, 0x02, 0xFF, 0x8F, 0x05,
    0x00, 0x50, 0x04, 0x00, 0x90, 0xFF, 0xCF, 0x01, 0x00, 0xF7, 0x4F, 0x00, 0x40, 0xFF, 0x9F, 0x02,
    0x00, 0x89, 0xFC, 0x9F, 0x00, 0x10, 0xFD, 0x7F, 0x00, 0x30, 0xFF, 0xDF, 0x02, 0x00, 0x83, 0xFA,
    0x5F, 0x00, 0x50, 0x02, 0xFF, 0x85, 0x02, 0x00, 0xF8, 0x4F, 0x00, 0x60, 0x02, 0xFF, 0x85, 0x03,
    0x00, 0xF6, 0x3F, 0x00, 0x60, 0x02, 0xFF, 0x85, 0x04, 0x00, 0xF6, 0x3F, 0x00, 0x70, 0x02, 0xFF,
    0x85, 0x04, 0x00, 0xF5, 0x2F, 0x00, 0x70, 0x02, 0xFF, 0x85, 0x04, 0x00, 0xF5, 0x2F, 0x00, 0x70,
    0x02, 0xFF, 0x85, 0x04, 0x00, 0xF5, 0x3F, 0x00, 0x60, 0x02, 0xFF, 0x85, 0x04, 0x00, 0xF6, 0x4F,
    0x00, 0x60, 0x02, 0xFF, 0x85, 0x03, 0x00, 0xF6, 0x5F, 0x00, 0x50, 0x02, 0xFF, 0x87, 0x02, 0x00,
    0xF7, 0x7F, 0x00, 0x40, 0xFF, 0xDF, 0x02, 0x00, 0x85, 0xF9, 0x9F, 0x00, 0x10, 0xFD, 0xAF, 0x02,
    0x00, 0x87, 0xFC, 0xCF, 0x01, 0x00, 0xF8, 0x6F, 0x00, 0x30, 0x02, 0xFF, 0x85, 0x05, 0x00, 0x61,
    0x05, 0x00, 0x70, 0x02, 0xFF, 0x80, 0x1B, 0x04, 0x00, 0x80, 0xD2, 0x02, 0xFF, 0x80, 0x7F, 0x03,
    0x00, 0x81, 0x10, 0xFA, 0x03, 0xFF, 0x80, 0x39, 0x02, 0x00, 0x80, 0xB4, 0x05, 0xFF, 0x81, 0x9B,
    0xCA, 0x3B, 0xFF, 0x13, 0xFF, 0x82, 0xAF, 0x33, 0x43, 0x05, 0xFF, 0x82, 0x2A, 0x00, 0x30, 0x04,
    0xFF, 0x83, 0x9F, 0x01, 0x00, 0x30, 0x04, 0xFF, 0x80, 0x19, 0x02, 0x00, 0x80, 0x30, 0x03, 0xFF,
    0x80, 0x8F, 0x03, 0x00, 0x80, 0x30, 0x03, 0xFF, 0x84, 0x08, 0x00, 0x30, 0x00, 0x30, 0x02, 0xFF,
    0x80, 0xBF, 0x02, 0x00, 0x82, 0x77, 0x00, 0x30, 0x03, 0xFF, 0x84, 0x08, 0x70, 0x7F, 0x00, 0x30,
    0x03, 0xFF, 0x84, 0x8F, 0xF8, 0x6F, 0x00, 0x30, 0x05, 0xFF, 0x82, 0x6F, 0x00, 0x30, 0x05, 0xFF,
    0x82, 0x6F, 0x00, 0x30, 0x05, 0xFF, 0x82, 0x6F, 0x00, 0x30, 0x05, 0xFF, 0x82, 0x6F, 0x00, 0x30,
    0x05, 0xFF, 0x82, 0x6F, 0x00, 0x30, 0x05, 0xFF, 0x82, 0x6F, 0x00, 0x30, 0x05, 0xFF, 0x82, 0x6F,
    0x00, 0x30, 0x05, 0xFF, 0x82, 0x6F, 0x00, 0x30, 0x05, 0xFF, 0x82, 0x6F, 0x00, 0x30, 0x05, 0xFF,
    0x82, 0x6F, 0x00, 0x30, 0x05, 0xFF, 0x82, 0x6F, 0x00, 0x30, 0x05, 0xFF, 0x82, 0x6F, 0x00, 0x30,
    0x05, 0xFF, 0x82, 0x6F, 0x00, 0x30, 0x05, 0xFF, 0x82, 0x6F, 0x00, 0x30, 0x42, 0xFF, 0x0B, 0xFF,
    0x81, 0xBC, 0xDC, 0x04, 0xFF, 0x84, 0xBF, 0x26, 0x00, 0x10, 0xB5, 0x03, 0xFF, 0x80, 0x18, 0x03,
    0x00, 0x83, 0x10, 0xF9, 0xFF, 0x7F, 0x05, 0x00, 0x90, 0xB1, 0xFF, 0x6F, 0x00, 0x10, 0x54, 0x03,
    0x00, 0x50, 0xFF, 0xDF, 0x04, 0xB5, 0xFF, 0x4D, 0x00, 0x10, 0x02, 0xFF, 0x80, 0x6C, 0x02, 0xFF,
    0x80, 0x9F, 0x02, 0x00, 0x80, 0xFC, 0x04, 0xFF, 0x80, 0xAF, 0x02, 0x00, 0x80, 0xFC, 0x04, 0xFF,
    0x80, 0x8F, 0x02, 0x00, 0x80, 0xFD, 0x04, 0xFF, 0x82, 0x5F, 0x00, 0x40, 0x05, 0xFF, 0x82, 0x1C,
    0x00, 0x70, 0x05, 0xFF, 0x82, 0x05, 0x00, 0xC2, 0x04, 0xFF, 0x80, 0x8F, 0x02, 0x00, 0x80, 0xF8,
    0x04, 0xFF, 0x82, 0x2B, 0x00, 0x50, 0x04, 0xFF, 0x83, 0xDF, 0x03, 0x00, 0xC3, 0x04, 0xFF, 0x83,
    0x5F, 0x00, 0x20, 0xFB, 0x04, 0xFF, 0x82, 0x07, 0x00, 0xA1, 0x04, 0xFF, 0x80, 0xAF, 0x02, 0x00,
    0x80, 0xF8, 0x04, 0xFF, 0x82, 0x2C, 0x00, 0x60, 0x04, 0xFF, 0x83, 0xDF, 0x03, 0x00, 0xF5, 0x04,
    0xFF, 0x80, 0x6F, 0x02, 0x00, 0x80, 0x32, 0x03, 0x33, 0x81, 0xF7, 0x2F, 0x06, 0x00, 0x81, 0xF6,
    0x2F, 0x06, 0x00, 0x81, 0xF6, 0x2F, 0x06, 0x00, 0x80, 0xF6, 0x40, 0xFF, 0x0A, 0xFF, 0x82, 0xDF,
    0xBC, 0xFC, 0x04, 0xFF, 0x84, 0x7C, 0x03, 0x00, 0x20, 0xA5, 0x02, 0xFF, 0x81, 0x8F, 0x02, 0x04,
    0x00, 0x82, 0xF7, 0xFF, 0x6F, 0x05, 0x00, 0x88, 0x90, 0xFF, 0xCF, 0x02, 0x40, 0x66, 0x03, 0x00,
    0x40, 0x02, 0xFF, 0x88, 0x48, 0xFB, 0xFF, 0x4D, 0x00, 0x10, 0xFD, 0xFF, 0xDF, 0x02, 0xFF, 0x80,
    0x9F, 0x02, 0x00, 0x80, 0xFC, 0x04, 0xFF, 0x83, 0xAF, 0x00, 0x10, 0xFD, 0x04, 0xFF, 0x82, 0x7F,
    0x00, 0x50, 0x05, 0xFF, 0x82, 0x2B, 0x00, 0xA0, 0x02, 0xFF, 0x82, 0xDF, 0x67, 0x46, 0x02, 0x00,
    0x80, 0xF8, 0x02, 0xFF, 0x80, 0xDF, 0x03, 0x00, 0x80, 0xA4, 0x03, 0xFF, 0x80, 0xDF, 0x03, 0x00,
    0x81, 0x74, 0xFD, 0x02, 0xFF, 0x80, 0xDF, 0x04, 0x00, 0x80, 0xB3, 0x03, 0xFF, 0x85, 0xDD, 0xAC,
    0x06, 0x00, 0x30, 0xFD, 0x04, 0xFF, 0x80, 0x7F, 0x02, 0x00, 0x80, 0xF9, 0x04, 0xFF, 0x80, 0xCF,
    0x02, 0x00, 0x80, 0xF7, 0x04, 0xFF, 0x80, 0xCF, 0x02, 0x00, 0x80, 0xF6, 0x04, 0xFF, 0x80, 0xAF,
    0x02, 0x00, 0x82, 0xF7, 0x6F, 0xFB, 0x02, 0xFF, 0x80, 0x4D, 0x02, 0x00, 0x89, 0xF9, 0x2F, 0x30,
    0x86, 0x78, 0x03, 0x00, 0x20, 0xFD, 0x2F, 0x05, 0x00, 0x82, 0x80, 0xFF, 0x2F, 0x05, 0x00, 0x83,
    0xF7, 0xFF, 0x9F, 0x25, 0x02, 0x00, 0x81, 0x10, 0xB5, 0x04, 0xFF, 0x82, 0xAB, 0xA9, 0xDB, 0x3B,
    0xFF, 0x14, 0xFF, 0x82, 0x38, 0x33, 0xF3, 0x04, 0xFF, 0x83, 0xDF, 0x02, 0x00, 0xF1, 0x04, 0xFF,
    0x80, 0x7F, 0x02, 0x00, 0x80, 0xF1, 0x04, 0xFF, 0x80, 0x1C, 0x02, 0x00, 0x80, 0xF1, 0x04, 0xFF,
    0x80, 0x06, 0x02, 0x00, 0x80, 0xF1, 0x03, 0xFF, 0x84, 0xBF, 0x00, 0x02, 0x00, 0xF1, 0x03, 0xFF,
    0x84, 0x4F, 0x00, 0x06, 0x00, 0xF1, 0x03, 0xFF, 0x84, 0x0A, 0x20, 0x09, 0x00, 0xF1, 0x03, 0xFF,
    0x84, 0x03, 0x80, 0x0A, 0x00, 0xF1, 0x02, 0xFF, 0x85, 0x8F, 0x00, 0xD3, 0x09, 0x00, 0xF1, 0x02,
    0xFF, 0x85, 0x2D, 0x00, 0xF8, 0x09, 0x00, 0xF1, 0x02, 0xFF, 0x9F, 0x07, 0x30, 0xFD, 0x09, 0x00,
    0xF1, 0xFF, 0xCF, 0x01, 0x90, 0xFF, 0x09, 0x00, 0xF1, 0xFF, 0x6F, 0x00, 0xF3, 0xFF, 0x09, 0x00,
    0xF1, 0xFF, 0x0B, 0x00, 0xA7, 0xAA, 0x07, 0x00, 0xA0, 0xCA, 0x07, 0x06, 0x00, 0x81, 0x90, 0x07,
    0x06, 0x00, 0x81, 0x90, 0x07, 0x06, 0x00, 0x81, 0x90, 0x9B, 0x03, 0x99, 0x83, 0x06, 0x00, 0x90,
    0xC9, 0x04, 0xFF, 0x82, 0x09, 0x00, 0xF1, 0x05, 0xFF, 0x82, 0x09, 0x00, 0xF1, 0x05, 0xFF, 0x82,
    0x09, 0x00, 0xF1, 0x05, 0xFF, 0x82, 0x09, 0x00, 0xF1, 0x41, 0xFF, 0x11, 0xFF, 0x80, 0x38, 0x04,
    0x33, 0x80, 0xB3, 0x02, 0xFF, 0x80, 0x06, 0x04, 0x00, 0x80, 0xB0, 0x02, 0xFF, 0x80, 0x06, 0x04,
    0x00, 0x80, 0xB0, 0x02, 0xFF, 0x80, 0x05, 0x04, 0x00, 0x80, 0xB0, 0x02, 0xFF, 0x82, 0x04, 0x00,
    0xD8, 0x02, 0xDD, 0x80, 0xFD, 0x02, 0xFF, 0x82, 0x04, 0x00, 0xF9, 0x05, 0xFF, 0x82, 0x03, 0x00,
    0xFA, 0x05, 0xFF, 0x82, 0x02, 0x00, 0xFB, 0x05, 0xFF, 0x84, 0x01, 0x00, 0x67, 0x76, 0xFA, 0x02,
    0xFF, 0x80, 0xDF, 0x04, 0x00, 0x83, 0x40, 0xFC, 0xFF, 0xCF, 0x05, 0x00, 0x83, 0xC3, 0xFF, 0xCF,
    0x01, 0x04, 0x00, 0x80, 0x60, 0x02, 0xFF, 0x86, 0x6B, 0xA8, 0x9B, 0x05, 0x00, 0x10, 0xFC, 0x04,
    0xFF, 0x80, 0x6F, 0x02, 0x00, 0x80, 0xF9, 0x04, 0xFF, 0x80, 0xBF, 0x02, 0x00, 0x80, 0xF7, 0x05,
    0xFF, 0x02, 0x00, 0x80, 0xF7, 0x04, 0xFF, 0x80, 0xDF, 0x02, 0x00, 0x80, 0xF8, 0x04, 0xFF, 0x80,
    0xAF, 0x02, 0x00, 0x82, 0xFA, 0x8F, 0xD8, 0x02, 0xFF, 0x8C, 0x3C, 0x00, 0x10, 0xFD, 0x7F, 0x10,
    0x65, 0x67, 0x02, 0x00, 0x60, 0xFF, 0x7F, 0x05, 0x00, 0x82, 0xC2, 0xFF, 0x7F, 0x04, 0x00, 0x84,
    0x20, 0xFA, 0xFF, 0xBF, 0x26, 0x02, 0x00, 0x81, 0x20, 0xC6, 0x04, 0xFF, 0x82, 0xAB, 0xA9, 0xFB,
    0x3B, 0xFF, 0x0C, 0xFF, 0x82, 0xDF, 0xCC, 0xFD, 0x04, 0xFF, 0x83, 0x59, 0x02, 0x00, 0x70, 0x03,
    0xFF, 0x80, 0x4C, 0x03, 0x00, 0x80, 0x70, 0x02, 0xFF, 0x81, 0xCF, 0x02, 0x03, 0x00, 0x80, 0x70,
    0x02, 0xFF, 0x80, 0x4F, 0x02, 0x00, 0x82, 0x52, 0x66, 0x85, 0x02, 0xFF, 0x83, 0x08, 0x00, 0x70,
    0xFD, 0x04, 0xFF, 0x82, 0x03, 0x00, 0xF7, 0x04, 0xFF, 0x83, 0xBF, 0x00, 0x30, 0xFD, 0x04, 0xFF,
    0x82, 0x8F, 0x00, 0x60, 0x05, 0xFF, 0x8B, 0x6F, 0x00, 0x90, 0x7D, 0x34, 0x84, 0xFD, 0xFF, 0x4F,
    0x00, 0xA0, 0x03, 0x02, 0x00, 0x84, 0xD4, 0xFF, 0x3F, 0x00, 0x40, 0x03, 0x00, 0x82, 0x60, 0xFF,
    0x1F, 0x02, 0x00, 0x81, 0x30, 0x04, 0x02, 0x00, 0x81, 0xFB, 0x0F, 0x02, 0x00, 0x81, 0xF8, 0x9F,
    0x02, 0x00, 0x83, 0xF7, 0x0F, 0x00, 0x40, 0x02, 0xFF, 0x85, 0x04, 0x00, 0xF5, 0x1F, 0x00, 0x70,
    0x02, 0xFF, 0x85, 0x06, 0x00, 0xF4, 0x3F, 0x00, 0x70, 0x02, 0xFF, 0x85, 0x06, 0x00, 0xF4, 0x4F,
    0x00, 0x60, 0x02, 0xFF, 0x85, 0x06, 0x00, 0xF4, 0x7F, 0x00, 0x30, 0x02, 0xFF, 0x83, 0x04, 0x00,
    0xF6, 0xAF, 0x02, 0x00, 0x81, 0xF8, 0xBF, 0x02, 0x00, 0x8A, 0xF8, 0xFF, 0x04, 0x00, 0x61, 0x27,
    0x00, 0x10, 0xFC, 0xFF, 0x1A, 0x04, 0x00, 0x80, 0x70, 0x02, 0xFF, 0x80, 0x8F, 0x04, 0x00, 0x80,
    0xD5, 0x03, 0xFF, 0x80, 0x4A, 0x02, 0x00, 0x81, 0x72, 0xFD, 0x04, 0xFF, 0x82, 0xAC, 0xBA, 0xFD,
    0x3A, 0xFF, 0x10, 0xFF, 0x80, 0x3A, 0x06, 0x33, 0x81, 0xF5, 0x0A, 0x06, 0x00, 0x81, 0xF3, 0x0A,
    0x06, 0x00, 0x81, 0xF3, 0x0A, 0x06, 0x00, 0x81, 0xF5, 0xDF, 0x04, 0xDD, 0x82, 0x02, 0x00, 0xF9,
    0x04, 0xFF, 0x83, 0x9F, 0x00, 0x20, 0xFD, 0x04, 0xFF, 0x82, 0x5F, 0x00, 0x60, 0x05, 0xFF, 0x82,
    0x1C, 0x00, 0xA0, 0x05, 0xFF, 0x82, 0x07, 0x00, 0xF3, 0x05, 0xFF, 0x82, 0x03, 0x00, 0xF7, 0x04,
    0xFF, 0x80, 0xAF, 0x02, 0x00, 0x80, 0xFC, 0x04, 0xFF, 0x82, 0x6F, 0x00, 0x40, 0x05, 0xFF, 0x82,
    0x2D, 0x00, 0x80, 0x05, 0xFF, 0x82, 0x08, 0x00, 0xC1, 0x05, 0xFF, 0x82, 0x04, 0x00, 0xF5, 0x04,
    0xFF, 0x80, 0xBF, 0x02, 0x00, 0x80, 0xF9, 0x04, 0xFF, 0x83, 0x6F, 0x00, 0x20, 0xFD, 0x04, 0xFF,
    0x82, 0x2D, 0x00, 0x60, 0x05, 0xFF, 0x82, 0x09, 0x00, 0xA0, 0x05, 0xFF, 0x82, 0x05, 0x00, 0xF3,
    0x04, 0xFF, 0x80, 0xCF, 0x02, 0x00, 0x80, 0xF7, 0x04, 0xFF, 0x80, 0x7F, 0x02, 0x00, 0x80, 0xFC,
    0x04, 0xFF, 0x82, 0x3F, 0x00, 0x40, 0x44, 0xFF, 0x0B, 0xFF, 0x81, 0xCD, 0xDC, 0x05, 0xFF, 0x83,
    0x48, 0x00, 0x10, 0x95, 0x03, 0xFF, 0x80, 0x4D, 0x04, 0x00, 0x80, 0xF6, 0x02, 0xFF, 0x80, 0x05,
    0x04, 0x00, 0x82, 0x70, 0xFF, 0xBF, 0x02, 0x00, 0x89, 0x94, 0x38, 0x00, 0x20, 0xFF, 0x8F, 0x00,
    0x20, 0xFD, 0xBF, 0x02, 0x00, 0x83, 0xFB, 0x8F, 0x00, 0x40, 0x02, 0xFF, 0x87, 0x01, 0x00, 0xFB,
    0x9F, 0x00, 0x30, 0xFF, 0xCF, 0x02, 0x00, 0x87, 0xFC, 0xCF, 0x01, 0x00, 0xF8, 0x6F, 0x00, 0x30,
    0x02, 0xFF, 0x85, 0x06, 0x00, 0x81, 0x06, 0x00, 0x80, 0x02, 0xFF, 0x80, 0x3D, 0x04, 0x00, 0x80,
    0xF6, 0x02, 0xFF, 0x81, 0xCF, 0x04, 0x02, 0x00, 0x80, 0x71, 0x03, 0xFF, 0x81, 0xBF, 0x04, 0x02,
    0x00, 0x80, 0x71, 0x03, 0xFF, 0x80, 0x2B, 0x04, 0x00, 0x8E, 0xD5, 0xFF, 0xDF, 0x03, 0x00, 0x92,
    0x05, 0x00, 0x60, 0xFF, 0x7F, 0x00, 0x20, 0xFB, 0x6F, 0x02, 0x00, 0x8B, 0xFA, 0x3F, 0x00, 0x80,
    0xFF, 0xDF, 0x03, 0x00, 0xF6, 0x1F, 0x00, 0xB0, 0x02, 0xFF, 0x85, 0x07, 0x00, 0xF4, 0x0D, 0x00,
    0xB0, 0x02, 0xFF, 0x85, 0x08, 0x00, 0xF4, 0x2F, 0x00, 0x70, 0x02, 0xFF, 0x87, 0x05, 0x00, 0xF5,
    0x5F, 0x00, 0x10, 0xB7, 0x6B, 0x02, 0x00, 0x81, 0xF8, 0xAF, 0x05, 0x00, 0x83, 0x30, 0xFD, 0xFF,
    0x08, 0x04, 0x00, 0x80, 0xC3, 0x02, 0xFF, 0x81, 0xAF, 0x15, 0x02, 0x00, 0x81, 0x72, 0xFD, 0x03,
    0xFF, 0x82, 0xDF, 0x9A, 0xBA, 0x3B, 0xFF, 0x0B, 0xFF, 0x81, 0xCD, 0xFD, 0x04, 0xFF, 0x84, 0xDF,
    0x38, 0x00, 0x30, 0xD7, 0x03, 0xFF, 0x80, 0x4D, 0x03, 0x00, 0x81, 0x30, 0xFC, 0x02, 0xFF, 0x80,
    0x05, 0x04, 0x00, 0x82, 0xD4, 0xFF, 0xAF, 0x02, 0x00, 0x91, 0x52, 0x03, 0x00, 0x80, 0xFF, 0x6F,
    0x00, 0x20, 0xFC, 0x4D, 0x00, 0x30, 0xFF, 0x3F, 0x00, 0x70, 0xFF, 0xAF, 0x02, 0x00, 0x83, 0xFB,
    0x0D, 0x00, 0x90, 0x02, 0xFF, 0x85, 0x02, 0x00, 0xF8, 0x0C, 0x00, 0xA0, 0x02, 0xFF, 0x85, 0x04,
    0x00, 0xF6, 0x0C, 0x00, 0x90, 0x02, 0xFF, 0x8F, 0x04, 0x00, 0xF5, 0x1D, 0x00, 0x70, 0xFF, 0xDF,
    0x02, 0x00, 0xF5, 0x3F, 0x00, 0x30, 0xFD, 0x6F, 0x02, 0x00, 0x81, 0xF5, 0x7F, 0x02, 0x00, 0x81,
    0x63, 0x04, 0x02, 0x00, 0x82, 0xF5, 0xCF, 0x02, 0x03, 0x00, 0x84, 0x03, 0x00, 0xF6, 0xFF, 0x19,
    0x02, 0x00, 0x8B, 0x40, 0x07, 0x00, 0xF7, 0xFF, 0xAF, 0x04, 0x10, 0xC6, 0x06, 0x00, 0xF8, 0x02,
    0xFF, 0x85, 0xDF, 0xDC, 0xFF, 0x04, 0x00, 0xFB, 0x04, 0xFF, 0x82, 0xCF, 0x00, 0x20, 0x05, 0xFF,
    0x82, 0x6F, 0x00, 0x60, 0x05, 0xFF, 0x82, 0x07, 0x00, 0xA0, 0x02, 0xFF, 0x82, 0x87, 0x89, 0x37,
    0x02, 0x00, 0x80, 0xF5, 0x02, 0xFF, 0x80, 0x03, 0x03, 0x00, 0x81, 0x30, 0xFC, 0x02, 0xFF, 0x80,
    0x03, 0x03, 0x00, 0x80, 0xC4, 0x03, 0xFF, 0x80, 0x03, 0x02, 0x00, 0x81, 0x83, 0xFD, 0x03, 0xFF,
    0x82, 0xAC, 0x99, 0xCA, 0x3C, 0xFF, 0x20, 0xFF, 0x8D, 0xBF, 0x56, 0xD7, 0xFF, 0xDF, 0x02, 0x00,
    0xF7, 0xFF, 0x0A, 0x00, 0x40, 0xFF, 0xAF, 0x02, 0x00, 0x84, 0xF5, 0xFF, 0x3D, 0x00, 0x80, 0x02,
    0xFF, 0x81, 0x8C, 0xA7, 0x22, 0xFF, 0x88, 0x49, 0x63, 0xFD, 0xFF, 0x1C, 0x00, 0x60, 0xFF, 0xAF,
    0x02, 0x00, 0x84, 0xF4, 0xFF, 0x0B, 0x00, 0x50, 0x02, 0xFF, 0x82, 0x05, 0x10, 0xFA, 0x02, 0xFF,
    0x81, 0x9A, 0xFC, 0x20, 0xFF, 0x80, 0x0F, 0x20, 0xFF, 0x8D, 0xBF, 0x56, 0xD7, 0xFF, 0xDF, 0x03,
    0x00, 0xF7, 0xFF, 0x0B, 0x00, 0x40, 0xFF, 0xBF, 0x02, 0x00, 0x84, 0xF4, 0xFF, 0x4F, 0x00, 0x80,
    0x02, 0xFF, 0x81, 0x8D, 0xA7, 0x26, 0xFF, 0x82, 0x8F, 0x55, 0x75, 0x02, 0xFF, 0x88, 0x05, 0x00,
    0xF6, 0xFF, 0x3F, 0x00, 0x80, 0xFF, 0xDF, 0x02, 0x00, 0x88, 0xFC, 0xFF, 0x0A, 0x00, 0xF3, 0xFF,
    0x8F, 0x00, 0x70, 0x02, 0xFF, 0x86, 0x06, 0x00, 0xFC, 0xFF, 0x4F, 0x00, 0xF5, 0x02, 0xFF, 0x81,
    0xBB, 0xCB, 0x0F, 0xFF, 0x80, 0x0F, 0x2F, 0xFF, 0x80, 0xFC, 0x06, 0xFF, 0x81, 0x5B, 0xF3, 0x05,
    0xFF, 0x82, 0x5A, 0x00, 0xF3, 0x04, 0xFF, 0x80, 0x5A, 0x02, 0x00, 0x80, 0xF3, 0x03, 0xFF, 0x80,
    0x5A, 0x02, 0x00, 0x81, 0x20, 0xF7, 0x02, 0xFF, 0x80, 0x4A, 0x02, 0x00, 0x81, 0x20, 0xC7, 0x02,
    0xFF, 0x80, 0x4A, 0x02, 0x00, 0x81, 0x30, 0xD8, 0x02, 0xFF, 0x80, 0x4D, 0x02, 0x00, 0x81, 0x40,
    0xF9, 0x03, 0xFF, 0x83, 0x0D, 0x00, 0x10, 0xF8, 0x04, 0xFF, 0x80, 0x2D, 0x02, 0x00, 0x81, 0x51,
    0xFA, 0x03, 0xFF, 0x81, 0xDF, 0x27, 0x02, 0x00, 0x81, 0x40, 0xF9, 0x03, 0xFF, 0x81, 0xDF, 0x38,
    0x02, 0x00, 0x81, 0x30, 0xD7, 0x03, 0xFF, 0x81, 0xDF, 0x38, 0x02, 0x00, 0x81, 0x20, 0xF7, 0x04,
    0xFF, 0x80, 0x39, 0x02, 0x00, 0x80, 0xF3, 0x05, 0xFF, 0x82, 0x4A, 0x00, 0xF3, 0x06, 0xFF, 0x81,
    0x5A, 0xF3, 0x07, 0xFF, 0x80, 0xFB, 0x58, 0xFF, 0x40, 0xFF, 0x80, 0xCF, 0x06, 0xCC, 0x81, 0xFD,
    0x0D, 0x06, 0x00, 0x81, 0xF3, 0x0D, 0x06, 0x00, 0x81, 0xF3, 0x0D, 0x06, 0x00, 0x81, 0xF3, 0x9F,
    0x06, 0x99, 0x80, 0xFA, 0x10, 0xFF, 0x80, 0x3D, 0x06, 0x33, 0x81, 0xF4, 0x0D, 0x06, 0x00, 0x81,
    0xF3, 0x0D, 0x06, 0x00, 0x81, 0xF3, 0x7F, 0x06, 0x77, 0x80, 0xF7, 0x70, 0xFF, 0x28, 0xFF, 0x80,
    0xCF, 0x07, 0xFF, 0x81, 0x2F, 0xB6, 0x06, 0xFF, 0x82, 0x2F, 0x00, 0xB5, 0x05, 0xFF, 0x80, 0x2F,
    0x02, 0x00, 0x80, 0xB5, 0x04, 0xFF, 0x81, 0x6F, 0x01, 0x02, 0x00, 0x80, 0xB5, 0x04, 0xFF, 0x81,
    0x7C, 0x02, 0x02, 0x00, 0x80, 0xB5, 0x04, 0xFF, 0x81, 0x7D, 0x03, 0x02, 0x00, 0x80, 0xB5, 0x04,
    0xFF, 0x81, 0x8D, 0x03, 0x02, 0x00, 0x80, 0xF5, 0x04, 0xFF, 0x80, 0x7F, 0x02, 0x00, 0x80, 0xF2,
    0x03, 0xFF, 0x81, 0xAF, 0x05, 0x02, 0x00, 0x80, 0xF3, 0x02, 0xFF, 0x81, 0x8D, 0x03, 0x02, 0x00,
    0x84, 0x83, 0xFD, 0xFF, 0x7C, 0x02, 0x02, 0x00, 0x84, 0x83, 0xFD, 0xFF, 0x6F, 0x01, 0x02, 0x00,
    0x80, 0x94, 0x03, 0xFF, 0x80, 0x2F, 0x02, 0x00, 0x80, 0xA4, 0x04, 0xFF, 0x82, 0x2F, 0x00, 0xA5,
    0x05, 0xFF, 0x81, 0x2F, 0xB5, 0x06, 0xFF, 0x80, 0xBF, 0x5F, 0xFF, 0x08, 0xFF, 0x82, 0xDF, 0xBB,
    0xFC, 0x02, 0xFF, 0x81, 0xCF, 0x37, 0x02, 0x00, 0x83, 0x73, 0xFD, 0x8F, 0x02, 0x03, 0x00, 0x82,
    0x40, 0xFD, 0x07, 0x04, 0x00, 0x8B, 0x60, 0xCF, 0x01, 0x40, 0x56, 0x01, 0x00, 0xD1, 0x6F, 0xC6,
    0xFF, 0x9F, 0x02, 0x00, 0x80, 0xFA, 0x03, 0xFF, 0x82, 0x0F, 0x00, 0xA0, 0x03, 0xFF, 0x80, 0xDF,
    0x02, 0x00, 0x80, 0xFB, 0x03, 0xFF, 0x82, 0x08, 0x00, 0xD1, 0x03, 0xFF, 0x82, 0x2B, 0x00, 0x60,
    0x03, 0xFF, 0x83, 0x2B, 0x00, 0x20, 0xFC, 0x02, 0xFF, 0x83, 0x2C, 0x00, 0x20, 0xFB, 0x02, 0xFF,
    0x83, 0x5F, 0x00, 0x20, 0xFA, 0x02, 0xFF, 0x83, 0xCF, 0x00, 0x20, 0xFB, 0x03, 0xFF, 0x82, 0x0A,
    0x00, 0xF7, 0x03, 0xFF, 0x82, 0x9F, 0x00, 0xA0, 0x04, 0xFF, 0x82, 0x6B, 0x66, 0xFB, 0x10, 0xFF,
    0x82, 0xBF, 0x35, 0xB5, 0x04, 0xFF, 0x82, 0x04, 0x00, 0xF3, 0x03, 0xFF, 0x80, 0x0F, 0x02, 0x00,
    0x80, 0xFD, 0x03, 0xFF, 0x82, 0x02, 0x00, 0xF1, 0x03, 0xFF, 0x82, 0x7F, 0x00, 0x70, 0x04, 0xFF,
    0x81, 0xBF, 0xB9, 0x30, 0xFF, 0x80, 0x0F, 0x12, 0xFF, 0x81, 0xDF, 0xFD, 0x09, 0xFF, 0x84, 0x6B,
    0x13, 0x00, 0x31, 0xB6, 0x06, 0xFF, 0x81, 0xBF, 0x05, 0x04, 0x00, 0x81, 0x60, 0xFC, 0x04, 0xFF,
    0x88, 0x9F, 0x02, 0x00, 0x42, 0x66, 0x14, 0x00, 0x30, 0xFB, 0x03, 0xFF, 0x83, 0xAF, 0x01, 0x20,
    0xD8, 0x02, 0xFF, 0x83, 0x8D, 0x02, 0x30, 0xFC, 0x02, 0xFF, 0x83, 0xCF, 0x02, 0x40, 0xFC, 0x03,
    0xFF, 0x82, 0xBF, 0x02, 0x50, 0x03, 0xFF, 0x89, 0x05, 0x30, 0xFD, 0xFF, 0xCF, 0xCB, 0xFF, 0xAF,
    0x00, 0xA0, 0x02, 0xFF, 0x90, 0x0A, 0x00, 0xFA, 0xCF, 0x26, 0x00, 0x20, 0xA5, 0x5F, 0x00, 0xF5,
    0xFF, 0x6F, 0x00, 0xF5, 0xCF, 0x03, 0x03, 0x00, 0xF8, 0xF7, 0x0A, 0x10, 0xFD, 0xDF, 0x02, 0x90,
    0xFF, 0x04, 0x10, 0x76, 0x02, 0x70, 0xDF, 0x01, 0xA0, 0xFF, 0x0A, 0x10, 0xFD, 0x09, 0x00, 0xFA,
    0x3F, 0x00, 0xF7, 0x3F, 0x00, 0xF8, 0x8F, 0x00, 0xF3, 0x5F, 0x00, 0xF4, 0xFF, 0x03, 0x80, 0xFF,
    0x05, 0x70, 0xFF, 0x06, 0x50, 0xFF, 0x03, 0x70, 0xFF, 0x2F, 0x00, 0xF8, 0x5F, 0x00, 0xF7, 0x6F,
    0x00, 0xF6, 0x0F, 0x00, 0xF9, 0xFF, 0x00, 0x90, 0xFF, 0x05, 0x80, 0xFF, 0x05, 0x60, 0xDF, 0x00,
    0x90, 0xFF, 0x0C, 0x00, 0xF9, 0x4F, 0x00, 0xF9, 0x6F, 0x00, 0xF6, 0x1F, 0x00, 0xF8, 0xAF, 0x00,
    0xA0, 0xFF, 0x02, 0xC0, 0xFF, 0x06, 0x50, 0xFF, 0x04, 0x60, 0xFF, 0x07, 0x00, 0xF9, 0x0A, 0x30,
    0xFF, 0x8F, 0x00, 0xF3, 0x7F, 0x00, 0x70, 0x28, 0x00, 0x40, 0x39, 0x00, 0xF8, 0xFF, 0x0A, 0x00,
    0xFC, 0x2C, 0x02, 0x00, 0x81, 0x50, 0x06, 0x02, 0x00, 0x8C, 0xD4, 0xFF, 0xDF, 0x02, 0x70, 0xFF,
    0x3B, 0x00, 0x40, 0xCC, 0x04, 0x00, 0xC4, 0x02, 0xFF, 0x85, 0x6F, 0x00, 0xC2, 0xFF, 0xAD, 0xA8,
    0x02, 0xFF, 0x81, 0x8A, 0xFA, 0x03, 0xFF, 0x82, 0x1B, 0x00, 0xD5, 0x0A, 0xFF, 0x82, 0x07, 0x00,
    0xC5, 0x04, 0xFF, 0x80, 0x9B, 0x05, 0xFF, 0x87, 0x05, 0x00, 0x61, 0xA8, 0xAB, 0x68, 0x03, 0xF5,
    0x05, 0xFF, 0x80, 0x17, 0x05, 0x00, 0x80, 0x50, 0x06, 0xFF, 0x81, 0x5B, 0x01, 0x03, 0x00, 0x81,
    0x51, 0xFA, 0x06, 0xFF, 0x84, 0xDF, 0x8A, 0x77, 0x87, 0xDA, 0x42, 0xFF, 0x80, 0x0F, 0x16, 0xFF,
    0x80, 0x35, 0x02, 0x33, 0x80, 0xFB, 0x05, 0xFF, 0x80, 0x0C, 0x02, 0x00, 0x80, 0x70, 0x05, 0xFF,
    0x80, 0x9F, 0x03, 0x00, 0x80, 0xF5, 0x05, 0xFF, 0x84, 0x06, 0x00, 0x01, 0x10, 0xFD, 0x04, 0xFF,
    0x84, 0x2F, 0x00, 0x50, 0x00, 0xA0, 0x04, 0xFF, 0x85, 0xBF, 0x00, 0x30, 0x07, 0x00, 0xF6, 0x04,
    0xFF, 0x84, 0x07, 0x00, 0xA5, 0x00, 0x30, 0x04, 0xFF, 0x85, 0x4F, 0x00, 0x70, 0x0D, 0x00, 0xC0,
    0x03, 0xFF, 0x86, 0xDF, 0x01, 0x00, 0xFA, 0x03, 0x00, 0xF8, 0x03, 0xFF, 0x85, 0x0A, 0x00, 0xD1,
    0x6F, 0x00, 0x50, 0x03, 0xFF, 0x86, 0x6F, 0x00, 0x40, 0xFF, 0x09, 0x00, 0xF2, 0x03, 0xFF, 0x83,
    0x03, 0x00, 0xF6, 0xCF, 0x02, 0x00, 0x80, 0xFA, 0x02, 0xFF, 0x86, 0x0C, 0x00, 0x90, 0xFF, 0x3F,
    0x00, 0x70, 0x02, 0xFF, 0x80, 0x8F, 0x02, 0x00, 0x84, 0x87, 0x88, 0x04, 0x00, 0xF4, 0x02, 0xFF,
    0x80, 0x05, 0x05, 0x00, 0x83, 0x10, 0xFC, 0xFF, 0x2F, 0x06, 0x00, 0x82, 0x90, 0xFF, 0xBF, 0x07,
    0x00, 0x84, 0xF6, 0xFF, 0x07, 0x00, 0x60, 0x02, 0x77, 0x87, 0x37, 0x00, 0x30, 0xFF, 0x4F, 0x00,
    0x10, 0xFD, 0x02, 0xFF, 0x86, 0x06, 0x00, 0xB0, 0xDF, 0x01, 0x00, 0xF4, 0x02, 0xFF, 0x80, 0x9F,
    0x02, 0x00, 0x83, 0xF8, 0x09, 0x00, 0x70, 0x03, 0xFF, 0x83, 0x0D, 0x00, 0x50, 0x6F, 0x02, 0x00,
    0x80, 0xFA, 0x03, 0xFF, 0x85, 0x03, 0x00, 0xD1, 0x03, 0x00, 0xD1, 0x03, 0xFF, 0x80, 0x6F, 0x02,
    0x00, 0x80, 0xFA, 0x4B, 0xFF, 0x80, 0x0F, 0x13, 0xFF, 0x80, 0x36, 0x03, 0x33, 0x81, 0x64, 0xC8,
    0x03, 0xFF, 0x80, 0x04, 0x04, 0x00, 0x81, 0x20, 0xF8, 0x02, 0xFF, 0x80, 0x04, 0x05, 0x00, 0x80,
    0x80, 0x02, 0xFF, 0x83, 0x04, 0x00, 0x41, 0x34, 0x02, 0x00, 0x87, 0x20, 0xFD, 0xFF, 0x04, 0x00,
    0xF4, 0xFF, 0x2B, 0x02, 0x00, 0x86, 0xFB, 0xFF, 0x04, 0x00, 0xF4, 0xFF, 0x8F, 0x02, 0x00, 0x86,
    0xF9, 0xFF, 0x04, 0x00, 0xF4, 0xFF, 0x9F, 0x02, 0x00, 0x86, 0xFA, 0xFF, 0x04, 0x00, 0xF4, 0xFF,
    0x8F, 0x02, 0x00, 0x88, 0xFC, 0xFF, 0x04, 0x00, 0xF4, 0xFF, 0x3C, 0x00, 0x40, 0x02, 0xFF, 0x86,
    0x04, 0x00, 0x62, 0x56, 0x02, 0x00, 0xB2, 0x02, 0xFF, 0x80, 0x04, 0x04, 0x00, 0x81, 0x50, 0xFB,
    0x02, 0xFF, 0x80, 0x04, 0x04, 0x00, 0x81, 0x30, 0xF9, 0x02, 0xFF, 0x83, 0x04, 0x00, 0x21, 0x12,
    0x02, 0x00, 0x80, 0x70, 0x02, 0xFF, 0x84, 0x04, 0x00, 0xF4, 0xFF, 0x3B, 0x02, 0x00, 0x86, 0xFB,
    0xFF, 0x04, 0x00, 0xF4, 0xFF, 0xBF, 0x02, 0x00, 0x84, 0xF6, 0xFF, 0x04, 0x00, 0xF4, 0x02, 0xFF,
    0x86, 0x02, 0x00, 0xF5, 0xFF, 0x04, 0x00, 0xF4, 0x02, 0xFF, 0x88, 0x02, 0x00, 0xF4, 0xFF, 0x04,
    0x00, 0xF4, 0xFF, 0xCF, 0x02, 0x00, 0x86, 0xF5, 0xFF, 0x04, 0x00, 0xF4, 0xFF, 0x5D, 0x02, 0x00,
    0x8B, 0xF7, 0xFF, 0x04, 0x00, 0x52, 0x45, 0x02, 0x00, 0x10, 0xFC, 0xFF, 0x04, 0x05, 0x00, 0x80,
    0x70, 0x02, 0xFF, 0x80, 0x04, 0x04, 0x00, 0x81, 0x10, 0xF7, 0x02, 0xFF, 0x80, 0x04, 0x03, 0x00,
    0x81, 0x32, 0xB6, 0x4A, 0xFF, 0x0D, 0xFF, 0x81, 0xBC, 0xDC, 0x05, 0xFF, 0x84, 0x5B, 0x02, 0x00,
    0x41, 0xC7, 0x03, 0xFF, 0x80, 0x06, 0x04, 0x00, 0x80, 0xD2, 0x02, 0xFF, 0x80, 0x06, 0x04, 0x00,
    0x80, 0x50, 0x02, 0xFF, 0x80, 0x08, 0x02, 0x00, 0x85, 0x52, 0x24, 0x00, 0xF9, 0xFF, 0x2D, 0x02,
    0x00, 0x85, 0xD7, 0xFF, 0x9D, 0xD4, 0xFF, 0x8F, 0x02, 0x00, 0x80, 0xF6, 0x05, 0xFF, 0x82, 0x04,
    0x00, 0xC1, 0x05, 0xFF, 0x82, 0x0C, 0x00, 0x50, 0x05, 0xFF, 0x80, 0xAF, 0x02, 0x00, 0x80, 0xF7,
    0x05, 0xFF, 0x82, 0x08, 0x00, 0x90, 0x05, 0xFF, 0x80, 0x7F, 0x02, 0x00, 0x80, 0xFA, 0x05, 0xFF,
    0x82, 0x07, 0x00, 0xB0, 0x05, 0xFF, 0x80, 0x7F, 0x02, 0x00, 0x80, 0xFB, 0x05, 0xFF, 0x82, 0x08,
    0x00, 0xA0, 0x05, 0xFF, 0x80, 0x9F, 0x02, 0x00, 0x80, 0xF8, 0x05, 0xFF, 0x82, 0x0B, 0x00, 0x60,
    0x06, 0xFF, 0x82, 0x02, 0x00, 0xD2, 0x05, 0xFF, 0x80, 0x6F, 0x02, 0x00, 0x80, 0xF7, 0x05, 0xFF,
    0x86, 0x0A, 0x00, 0x10, 0xF8, 0xFF, 0xDF, 0xA8, 0x02, 0xFF, 0x80, 0x05, 0x02, 0x00, 0x86, 0x63,
    0x46, 0x01, 0xF8, 0xFF, 0xCF, 0x02, 0x04, 0x00, 0x80, 0x80, 0x02, 0xFF, 0x81, 0xBF, 0x03, 0x04,
    0x00, 0x80, 0xF8, 0x02, 0xFF, 0x81, 0xDF, 0x27, 0x02, 0x00, 0x81, 0x20, 0xC6, 0x04, 0xFF, 0x82,
    0xBF, 0x9A, 0xBA, 0x3D, 0xFF, 0x80, 0x0F, 0x15, 0xFF, 0x80, 0x36, 0x02, 0x33, 0x82, 0x43, 0x75,
    0xFB, 0x04, 0xFF, 0x80, 0x04, 0x04, 0x00, 0x81, 0x50, 0xFC, 0x03, 0xFF, 0x80, 0x04, 0x05, 0x00,
    0x80, 0xB2, 0x03, 0xFF, 0x80, 0x04, 0x05, 0x00, 0x81, 0x20, 0xFC, 0x02, 0xFF, 0x84, 0x04, 0x00,
    0xD4, 0xBD, 0x27, 0x02, 0x00, 0x80, 0xF6, 0x02, 0xFF, 0x87, 0x04, 0x00, 0xF4, 0xFF, 0xBF, 0x01,
    0x00, 0xC0, 0x02, 0xFF, 0x82, 0x04, 0x00, 0xF4, 0x02, 0xFF, 0x82, 0x07, 0x00, 0x70, 0x02, 0xFF,
    0x82, 0x04, 0x00, 0xF4, 0x02, 0xFF, 0x82, 0x0C, 0x00, 0x50, 0x02, 0xFF, 0x82, 0x04, 0x00, 0xF4,
    0x02, 0xFF, 0x82, 0x3F, 0x00, 0x20, 0x02, 0xFF, 0x82, 0x04, 0x00, 0xF4, 0x02, 0xFF, 0x80, 0x5F,
    0x02, 0x00, 0x02, 0xFF, 0x82, 0x04, 0x00, 0xF4, 0x02, 0xFF, 0x80, 0x5F, 0x02, 0x00, 0x84, 0xFC,
    0xFF, 0x04, 0x00, 0xF4, 0x02, 0xFF, 0x80, 0x6F, 0x02, 0x00, 0x84, 0xFC, 0xFF, 0x04, 0x00, 0xF4,
    0x02, 0xFF, 0x80, 0x5F, 0x02, 0x00, 0x84, 0xFD, 0xFF, 0x04, 0x00, 0xF4, 0x02, 0xFF, 0x82, 0x4F,
    0x00, 0x20, 0x02, 0xFF, 0x82, 0x04, 0x00, 0xF4, 0x02, 0xFF, 0x82, 0x2F, 0x00, 0x30, 0x02, 0xFF,
    0x82, 0x04, 0x00, 0xF4, 0x02, 0xFF, 0x82, 0x0B, 0x00, 0x60, 0x02, 0xFF, 0x82, 0x04, 0x00, 0xF4,
    0x02, 0xFF, 0x82, 0x07, 0x00, 0x90, 0x02, 0xFF, 0x87, 0x04, 0x00, 0xF4, 0xFF, 0xBF, 0x01, 0x00,
    0xD2, 0x02, 0xFF, 0x84, 0x04, 0x00, 0xF4, 0xCF, 0x28, 0x02, 0x00, 0x80, 0xF7, 0x02, 0xFF, 0x83,
    0x04, 0x00, 0x21, 0x02, 0x02, 0x00, 0x81, 0x40, 0xFD, 0x02, 0xFF, 0x80, 0x04, 0x05, 0x00, 0x80,
    0xC3, 0x03, 0xFF, 0x80, 0x04, 0x04, 0x00, 0x81, 0x60, 0xFC, 0x03, 0xFF, 0x80, 0x04, 0x02, 0x00,
    0x82, 0x20, 0x74, 0xFB, 0x53, 0xFF, 0x10, 0xFF, 0x80, 0x37, 0x04, 0x33, 0x82, 0x83, 0xFF, 0x6F,
    0x05, 0x00, 0x82, 0xF7, 0xFF, 0x06, 0x04, 0x00, 0x82, 0x70, 0xFF, 0x6F, 0x02, 0x00, 0x03, 0x22,
    0x84, 0xF8, 0xFF, 0x06, 0x00, 0xF3, 0x04, 0xFF, 0x82, 0x6F, 0x00, 0x30, 0x05, 0xFF, 0x82, 0x06,
    0x00, 0xF3, 0x04, 0xFF, 0x82, 0x6F, 0x00, 0x30, 0x05, 0xFF, 0x82, 0x06, 0x00, 0xF3, 0x04, 0xFF,
    0x82, 0x6F, 0x00, 0x10, 0x03, 0x44, 0x82, 0xFD, 0xFF, 0x06, 0x04, 0x00, 0x82, 0xD0, 0xFF, 0x6F,
    0x05, 0x00, 0x82, 0xFD, 0xFF, 0x06, 0x04, 0x00, 0x84, 0xD0, 0xFF, 0x6F, 0x00, 0x30, 0x03, 0xDD,
    0x02, 0xFF, 0x82, 0x06, 0x00, 0xF3, 0x04, 0xFF, 0x82, 0x6F, 0x00, 0x30, 0x05, 0xFF, 0x82, 0x06,
    0x00, 0xF3, 0x04, 0xFF, 0x82, 0x6F, 0x00, 0x30, 0x05, 0xFF, 0x82, 0x06, 0x00, 0xF3, 0x04, 0xFF,
    0x82, 0x6F, 0x00, 0x10, 0x03, 0x33, 0x82, 0xF8, 0xFF, 0x06, 0x04, 0x00, 0x82, 0x70, 0xFF, 0x6F,
    0x05, 0x00, 0x82, 0xF7, 0xFF, 0x06, 0x04, 0x00, 0x80, 0x70, 0x3C, 0xFF, 0x80, 0x0F, 0x10, 0xFF,
    0x80, 0x37, 0x04, 0x33, 0x82, 0x93, 0xFF, 0x6F, 0x05, 0x00, 0x82, 0xF8, 0xFF, 0x06, 0x04, 0x00,
    0x82, 0x80, 0xFF, 0x6F, 0x02, 0x00, 0x03, 0x22, 0x84, 0xF8, 0xFF, 0x06, 0x00, 0xF3, 0x04, 0xFF,
    0x82, 0x6F, 0x00, 0x30, 0x05, 0xFF, 0x82, 0x06, 0x00, 0xF3, 0x04, 0xFF, 0x82, 0x6F, 0x00, 0x30,
    0x05, 0xFF, 0x82, 0x06, 0x00, 0xF3, 0x04, 0xFF, 0x82, 0x6F, 0x00, 0x30, 0x05, 0xFF, 0x82, 0x06,
    0x00, 0x30, 0x02, 0x33, 0x82, 0xF3, 0xFF, 0x6F, 0x04, 0x00, 0x80, 0x20, 0x02, 0xFF, 0x80, 0x06,
    0x04, 0x00, 0x84, 0xF2, 0xFF, 0x6F, 0x00, 0x10, 0x03, 0x33, 0x02, 0xFF, 0x82, 0x06, 0x00, 0xF3,
    0x04, 0xFF, 0x82, 0x6F, 0x00, 0x30, 0x05, 0xFF, 0x82, 0x06, 0x00, 0xF3, 0x04, 0xFF, 0x82, 0x6F,
    0x00, 0x30, 0x05, 0xFF, 0x82, 0x06, 0x00, 0xF3, 0x04, 0xFF, 0x82, 0x6F, 0x00, 0x30, 0x05, 0xFF,
    0x82, 0x06, 0x00, 0xF3, 0x04, 0xFF, 0x82, 0x6F, 0x00, 0x30, 0x05, 0xFF, 0x82, 0x06, 0x00, 0xF3,
    0x3F, 0xFF, 0x80, 0x0F, 0x0F, 0xFF, 0x81, 0xBC, 0xDB, 0x06, 0xFF, 0x81, 0x8D, 0x14, 0x02, 0x00,
    0x81, 0x63, 0xFB, 0x03, 0xFF, 0x81, 0xAF, 0x03, 0x04, 0x00, 0x80, 0x90, 0x03, 0xFF, 0x80, 0x19,
    0x05, 0x00, 0x80, 0xD2, 0x02, 0xFF, 0x81, 0xBF, 0x01, 0x02, 0x00, 0x83, 0x53, 0x35, 0x00, 0xF6,
    0x02, 0xFF, 0x80, 0x4F, 0x02, 0x00, 0x80, 0xA3, 0x02, 0xFF, 0x81, 0x6B, 0xFA, 0x02, 0xFF, 0x83,
    0x09, 0x00, 0x20, 0xFC, 0x06, 0xFF, 0x82, 0x05, 0x00, 0x90, 0x07, 0xFF, 0x82, 0x02, 0x00, 0xF3,
    0x06, 0xFF, 0x80, 0xBF, 0x02, 0x00, 0x80, 0xF6, 0x06, 0xFF, 0x80, 0x9F, 0x02, 0x00, 0x80, 0xF8,
    0x06, 0xFF, 0x80, 0x8F, 0x02, 0x00, 0x81, 0xFA, 0xBF, 0x03, 0x33, 0x82, 0x83, 0xFF, 0x8F, 0x02,
    0x00, 0x81, 0xFA, 0xAF, 0x03, 0x00, 0x82, 0x80, 0xFF, 0x8F, 0x02, 0x00, 0x81, 0xFA, 0xAF, 0x03,
    0x00, 0x82, 0x80, 0xFF, 0x9F, 0x02, 0x00, 0x81, 0xF9, 0xAF, 0x03, 0x00, 0x82, 0x80, 0xFF, 0xAF,
    0x02, 0x00, 0x87, 0xF8, 0xDF, 0xCC, 0x0C, 0x00, 0x80, 0xFF, 0xCF, 0x02, 0x00, 0x80, 0xF6, 0x02,
    0xFF, 0x82, 0x0D, 0x00, 0x80, 0x02, 0xFF, 0x82, 0x03, 0x00, 0xD2, 0x02, 0xFF, 0x82, 0x0D, 0x00,
    0x80, 0x02, 0xFF, 0x82, 0x06, 0x00, 0x80, 0x02, 0xFF, 0x82, 0x0D, 0x00, 0x80, 0x02, 0xFF, 0x87,
    0x0B, 0x00, 0x20, 0xFB, 0xFF, 0x0D, 0x00, 0x80, 0x02, 0xFF, 0x80, 0x5F, 0x02, 0x00, 0x84, 0x51,
    0x67, 0x04, 0x00, 0x80, 0x02, 0xFF, 0x81, 0xCF, 0x03, 0x05, 0x00, 0x80, 0x80, 0x03, 0xFF, 0x80,
    0x3C, 0x05, 0x00, 0x80, 0x80, 0x03, 0xFF, 0x81, 0xDF, 0x37, 0x03, 0x00, 0x81, 0x52, 0xD9, 0x05,
    0xFF, 0x82, 0xAC, 0xA9, 0xCA, 0x49, 0xFF, 0x16, 0xFF, 0x82, 0x37, 0x33, 0xF4, 0x02, 0xFF, 0x80,
    0xAF, 0x02, 0x33, 0x84, 0xFC, 0xFF, 0x6F, 0x00, 0x30, 0x03, 0xFF, 0x82, 0x09, 0x00, 0xC0, 0x02,
    0xFF, 0x82, 0x06, 0x00, 0xF3, 0x02, 0xFF, 0x80, 0x9F, 0x02, 0x00, 0x84, 0xFC, 0xFF, 0x6F, 0x00,
    0x30, 0x03, 0xFF, 0x82, 0x09, 0x00, 0xC0, 0x02, 0xFF, 0x82, 0x06, 0x00, 0xF3, 0x02, 0xFF, 0x80,
    0x9F, 0x02, 0x00, 0x84, 0xFC, 0xFF, 0x6F, 0x00, 0x30, 0x03, 0xFF, 0x82, 0x09, 0x00, 0xC0, 0x02,
    0xFF, 0x82, 0x06, 0x00, 0xF3, 0x02, 0xFF, 0x80, 0x9F, 0x02, 0x00, 0x84, 0xFC, 0xFF, 0x6F, 0x00,
    0x30, 0x03, 0xFF, 0x82, 0x09, 0x00, 0xC0, 0x02, 0xFF, 0x82, 0x06, 0x00, 0xF3, 0x02, 0xFF, 0x80,
    0x9F, 0x02, 0x00, 0x84, 0xFC, 0xFF, 0x6F, 0x00, 0x10, 0x03, 0x33, 0x82, 0x03, 0x00, 0xC0, 0x02,
    0xFF, 0x80, 0x06, 0x07, 0x00, 0x82, 0xFC, 0xFF, 0x6F, 0x07, 0x00, 0x80, 0xC0, 0x02, 0xFF, 0x80,
    0x06, 0x07, 0x00, 0x84, 0xFC, 0xFF, 0x6F, 0x00, 0x30, 0x03, 0xDD, 0x82, 0x09, 0x00, 0xC0, 0x02,
    0xFF, 0x82, 0x06, 0x00, 0xF3, 0x02, 0xFF, 0x80, 0x9F, 0x02, 0x00, 0x84, 0xFC, 0xFF, 0x6F, 0x00,
    0x30, 0x03, 0xFF, 0x82, 0x09, 0x00, 0xC0, 0x02, 0xFF, 0x82, 0x06, 0x00, 0xF3, 0x02, 0xFF, 0x80,
    0x9F, 0x02, 0x00, 0x84, 0xFC, 0xFF, 0x6F, 0x00, 0x30, 0x03, 0xFF, 0x82, 0x09, 0x00, 0xC0, 0x02,
    0xFF, 0x82, 0x06, 0x00, 0xF3, 0x02, 0xFF, 0x80, 0x9F, 0x02, 0x00, 0x84, 0xFC, 0xFF, 0x6F, 0x00,
    0x30, 0x03, 0xFF, 0x82, 0x09, 0x00, 0xC0, 0x02, 0xFF, 0x82, 0x06, 0x00, 0xF3, 0x02, 0xFF, 0x80,
    0x9F, 0x02, 0x00, 0x84, 0xFC, 0xFF, 0x6F, 0x00, 0x30, 0x03, 0xFF, 0x82, 0x09, 0x00, 0xC0, 0x02,
    0xFF, 0x82, 0x06, 0x00, 0xF3, 0x02, 0xFF, 0x80, 0x9F, 0x02, 0x00, 0x80, 0xFC, 0x54, 0xFF, 0x80,
    0x0F, 0x0B, 0xFF, 0x80, 0x3C, 0x03, 0x33, 0x81, 0x43, 0xBF, 0x04, 0x00, 0x81, 0xF2, 0x2C, 0x03,
    0x00, 0x85, 0x40, 0xFF, 0x7D, 0x01, 0x00, 0x82, 0x02, 0xFF, 0x82, 0x3F, 0x00, 0x60, 0x03, 0xFF,
    0x82, 0x03, 0x00, 0xF6, 0x02, 0xFF, 0x82, 0x3F, 0x00, 0x60, 0x03, 0xFF, 0x82, 0x03, 0x00, 0xF6,
    0x02, 0xFF, 0x82, 0x3F, 0x00, 0x60, 0x03, 0xFF, 0x82, 0x03, 0x00, 0xF6, 0x02, 0xFF, 0x82, 0x3F,
    0x00, 0x60, 0x03, 0xFF, 0x82, 0x03, 0x00, 0xF6, 0x02, 0xFF, 0x82, 0x3F, 0x00, 0x60, 0x03, 0xFF,
    0x82, 0x03, 0x00, 0xF6, 0x02, 0xFF, 0x82, 0x3F, 0x00, 0x60, 0x03, 0xFF, 0x82, 0x03, 0x00, 0xF6,
    0x02, 0xFF, 0x82, 0x3F, 0x00, 0x60, 0x03, 0xFF, 0x82, 0x03, 0x00, 0xF6, 0x02, 0xFF, 0x82, 0x3F,
    0x00, 0x60, 0x02, 0xFF, 0x85, 0x8F, 0x02, 0x00, 0xA3, 0xFF, 0x3C, 0x03, 0x00, 0x81, 0x50, 0xBF,
    0x04, 0x00, 0x81, 0xF2, 0x0B, 0x03, 0x00, 0x80, 0x20, 0x2C, 0xFF, 0x80, 0x0F, 0x0B, 0xFF, 0x86,
    0x37, 0x33, 0xF4, 0xFF, 0x6F, 0x00, 0x30, 0x02, 0xFF, 0x86, 0x06, 0x00, 0xF3, 0xFF, 0x6F, 0x00,
    0x30, 0x02, 0xFF, 0x86, 0x06, 0x00, 0xF3, 0xFF, 0x6F, 0x00, 0x30, 0x02, 0xFF, 0x86, 0x06, 0x00,
    0xF3, 0xFF, 0x6F, 0x00, 0x30, 0x02, 0xFF, 0x86, 0x06, 0x00, 0xF3, 0xFF, 0x6F, 0x00, 0x30, 0x02,
    0xFF, 0x86, 0x06, 0x00, 0xF3, 0xFF, 0x6F, 0x00, 0x30, 0x02, 0xFF, 0x86, 0x06, 0x00, 0xF3, 0xFF,
    0x6F, 0x00, 0x30, 0x02, 0xFF, 0x86, 0x06, 0x00, 0xF3, 0xFF, 0x6F, 0x00, 0x30, 0x02, 0xFF, 0x86,
    0x06, 0x00, 0xF3, 0xFF, 0x6F, 0x00, 0x30, 0x02, 0xFF, 0x86, 0x06, 0x00, 0xF3, 0xFF, 0x6F, 0x00,
    0x30, 0x02, 0xFF, 0x86, 0x06, 0x00, 0xF3, 0xFF, 0x6F, 0x00, 0x30, 0x02, 0xFF, 0x90, 0x06, 0x00,
    0xF3, 0xFF, 0x5F, 0x00, 0x40, 0xFF, 0xDF, 0x02, 0x00, 0x95, 0xAA, 0x05, 0x00, 0x70, 0x03, 0x02,
    0x00, 0x81, 0x10, 0x3B, 0x03, 0x00, 0x81, 0xF6, 0x03, 0x02, 0x00, 0x84, 0xD5, 0x7F, 0x45, 0x65,
    0xFA, 0x05, 0xFF, 0x80, 0x0F, 0x14, 0xFF, 0x82, 0x37, 0x33, 0xF4, 0x02, 0xFF, 0x86, 0x3B, 0x33,
    0x63, 0xFF, 0x6F, 0x00, 0x30, 0x02, 0xFF, 0x89, 0x4F, 0x00, 0x10, 0xFB, 0xFF, 0x06, 0x00, 0xF3,
    0xFF, 0x8F, 0x02, 0x00, 0x89, 0xF7, 0xFF, 0x6F, 0x00, 0x30, 0xFF, 0xCF, 0x02, 0x00, 0xD3, 0x02,
    0xFF, 0x86, 0x06, 0x00, 0xF3, 0xFF, 0x05, 0x00, 0xA0, 0x02, 0xFF, 0x86, 0x6F, 0x00, 0x30, 0xFF,
    0x09, 0x00, 0x50, 0x03, 0xFF, 0x86, 0x06, 0x00, 0xF3, 0x3D, 0x00, 0x20, 0xFC, 0x02, 0xFF, 0x83,
    0x6F, 0x00, 0x30, 0x6F, 0x02, 0x00, 0x80, 0xF8, 0x03, 0xFF, 0x82, 0x06, 0x00, 0xB3, 0x02, 0x00,
    0x80, 0xF4, 0x03, 0xFF, 0x85, 0x6F, 0x00, 0x30, 0x05, 0x00, 0xB0, 0x04, 0xFF, 0x84, 0x06, 0x00,
    0x12, 0x00, 0x30, 0x04, 0xFF, 0x80, 0x6F, 0x04, 0x00, 0x80, 0xA0, 0x04, 0xFF, 0x80, 0x06, 0x04,
    0x00, 0x80, 0xF4, 0x03, 0xFF, 0x80, 0x6F, 0x02, 0x00, 0x80, 0x30, 0x02, 0x00, 0x80, 0xFA, 0x03,
    0xFF, 0x85, 0x06, 0x00, 0x81, 0x1C, 0x00, 0x40, 0x03, 0xFF, 0x86, 0x6F, 0x00, 0x30, 0xFF, 0x06,
    0x00, 0xA0, 0x03, 0xFF, 0x86, 0x06, 0x00, 0xF3, 0xCF, 0x01, 0x00, 0xF4, 0x02, 0xFF, 0x84, 0x6F,
    0x00, 0x30, 0xFF, 0x6F, 0x02, 0x00, 0x80, 0xFA, 0x02, 0xFF, 0x86, 0x06, 0x00, 0xF3, 0xFF, 0x1C,
    0x00, 0x40, 0x02, 0xFF, 0x82, 0x6F, 0x00, 0x30, 0x02, 0xFF, 0x82, 0x06, 0x00, 0x90, 0x02, 0xFF,
    0x84, 0x06, 0x00, 0xF3, 0xFF, 0xBF, 0x02, 0x00, 0x84, 0xF4, 0xFF, 0x6F, 0x00, 0x30, 0x02, 0xFF,
    0x80, 0x5F, 0x02, 0x00, 0x84, 0xF9, 0xFF, 0x06, 0x00, 0xF3, 0x02, 0xFF, 0x82, 0x0B, 0x00, 0x40,
    0x4C, 0xFF, 0x80, 0x0F, 0x0F, 0xFF, 0x82, 0x36, 0x33, 0xF5, 0x04, 0xFF, 0x82, 0x04, 0x00, 0xF4,
    0x04, 0xFF, 0x82, 0x04, 0x00, 0xF4, 0x04, 0xFF, 0x82, 0x04, 0x00, 0xF4, 0x04, 0xFF, 0x82, 0x04,
    0x00, 0xF4, 0x04, 0xFF, 0x82, 0x04, 0x00, 0xF4, 0x04, 0xFF, 0x82, 0x04, 0x00, 0xF4, 0x04, 0xFF,
    0x82, 0x04, 0x00, 0xF4, 0x04, 0xFF, 0x82, 0x04, 0x00, 0xF4, 0x04, 0xFF, 0x82, 0x04, 0x00, 0xF4,
    0x04, 0xFF, 0x82, 0x04, 0x00, 0xF4, 0x04, 0xFF, 0x82, 0x04, 0x00, 0xF4, 0x04, 0xFF, 0x82, 0x04,
    0x00, 0xF4, 0x04, 0xFF, 0x82, 0x04, 0x00, 0xF4, 0x04, 0xFF, 0x82, 0x04, 0x00, 0xF4, 0x04, 0xFF,
    0x82, 0x04, 0x00, 0xF4, 0x04, 0xFF, 0x82, 0x04, 0x00, 0xF4, 0x04, 0xFF, 0x82, 0x04, 0x00, 0xF4,
    0x04, 0xFF, 0x82, 0x04, 0x00, 0xF4, 0x04, 0xFF, 0x82, 0x04, 0x00, 0x31, 0x02, 0x33, 0x82, 0x53,
    0xFF, 0x04, 0x04, 0x00, 0x82, 0x30, 0xFF, 0x04, 0x04, 0x00, 0x82, 0x30, 0xFF, 0x04, 0x04, 0x00,
    0x80, 0x30, 0x38, 0xFF, 0x1B, 0xFF, 0x80, 0x37, 0x02, 0x33, 0x80, 0xF6, 0x03, 0xFF, 0x80, 0xAF,
    0x02, 0x33, 0x80, 0x43, 0x02, 0xFF, 0x80, 0x06, 0x02, 0x00, 0x80, 0xF2, 0x03, 0xFF, 0x80, 0x6F,
    0x02, 0x00, 0x80, 0x20, 0x02, 0xFF, 0x80, 0x06, 0x02, 0x00, 0x80, 0xB0, 0x03, 0xFF, 0x80, 0x3F,
    0x02, 0x00, 0x80, 0x20, 0x02, 0xFF, 0x80, 0x06, 0x02, 0x00, 0x80, 0x70, 0x03, 0xFF, 0x80, 0x0B,
    0x02, 0x00, 0x80, 0x20, 0x02, 0xFF, 0x80, 0x06, 0x02, 0x00, 0x80, 0x40, 0x03, 0xFF, 0x80, 0x07,
    0x02, 0x00, 0x80, 0x20, 0x02, 0xFF, 0x84, 0x06, 0x00, 0x01, 0x10, 0xFD, 0x02, 0xFF, 0x83, 0x04,
    0x10, 0x00, 0x20, 0x02, 0xFF, 0x8A, 0x06, 0x00, 0x05, 0x00, 0xFA, 0xFF, 0xDF, 0x01, 0x50, 0x00,
    0x20, 0x02, 0xFF, 0x8A, 0x06, 0x00, 0x07, 0x00, 0xF6, 0xFF, 0x9F, 0x00, 0x80, 0x00, 0x20, 0x02,
    0xFF, 0x8A, 0x06, 0x00, 0x38, 0x00, 0xF3, 0xFF, 0x6F, 0x00, 0xA2, 0x00, 0x20, 0x02, 0xFF, 0x8A,
    0x06, 0x00, 0x67, 0x00, 0xC0, 0xFF, 0x2F, 0x00, 0xA5, 0x00, 0x20, 0x02, 0xFF, 0x8A, 0x06, 0x00,
    0x97, 0x00, 0x80, 0xFF, 0x0B, 0x00, 0xA8, 0x00, 0x20, 0x02, 0xFF, 0x8A, 0x06, 0x00, 0xD6, 0x01,
    0x60, 0xFF, 0x07, 0x00, 0x9C, 0x00, 0x20, 0x02, 0xFF, 0x8A, 0x06, 0x00, 0xF6, 0x04, 0x20, 0xFF,
    0x04, 0x40, 0x9F, 0x00, 0x20, 0x02, 0xFF, 0x8A, 0x06, 0x00, 0xF6, 0x07, 0x00, 0xCB, 0x00, 0x70,
    0x9F, 0x00, 0x20, 0x02, 0xFF, 0x8A, 0x06, 0x00, 0xF6, 0x0A, 0x00, 0x98, 0x00, 0xB0, 0x9F, 0x00,
    0x20, 0x02, 0xFF, 0x8A, 0x06, 0x00, 0xF6, 0x2D, 0x00, 0x65, 0x00, 0xF2, 0x9F, 0x00, 0x20, 0x02,
    0xFF, 0x8A, 0x06, 0x00, 0xF6, 0x5F, 0x00, 0x22, 0x00, 0xF6, 0x9F, 0x00, 0x20, 0x02, 0xFF, 0x83,
    0x06, 0x00, 0xF6, 0x8F, 0x03, 0x00, 0x83, 0xF9, 0x9F, 0x00, 0x20, 0x02, 0xFF, 0x83, 0x06, 0x00,
    0xF6, 0xBF, 0x02, 0x00, 0x84, 0x10, 0xFD, 0x9F, 0x00, 0x20, 0x02, 0xFF, 0x8A, 0x06, 0x00, 0xF6,
    0xFF, 0x03, 0x00, 0x40, 0xFF, 0x9F, 0x00, 0x20, 0x02, 0xFF, 0x8A, 0x06, 0x00, 0xF6, 0xFF, 0x06,
    0x00, 0x70, 0xFF, 0x9F, 0x00, 0x20, 0x02, 0xFF, 0x8A, 0x06, 0x00, 0xF6, 0xFF, 0x09, 0x00, 0xB0,
    0xFF, 0x9F, 0x00, 0x20, 0x02, 0xFF, 0x8A, 0x06, 0x00, 0xF6, 0xFF, 0x0C, 0x00, 0xF3, 0xFF, 0x9F,
    0x00, 0x20, 0x69, 0xFF, 0x17, 0xFF, 0x83, 0x37, 0x33, 0x43, 0xFD, 0x02, 0xFF, 0x82, 0x6F, 0x33,
    0x83, 0x02, 0xFF, 0x80, 0x06, 0x02, 0x00, 0x80, 0xF8, 0x02, 0xFF, 0x82, 0x6F, 0x00, 0x70, 0x02,
    0xFF, 0x80, 0x06, 0x02, 0x00, 0x80, 0xD3, 0x02, 0xFF, 0x82, 0x6F, 0x00, 0x70, 0x02, 0xFF, 0x80,
    0x06, 0x02, 0x00, 0x80, 0x80, 0x02, 0xFF, 0x82, 0x6F, 0x00, 0x70, 0x02, 0xFF, 0x80, 0x06, 0x02,
    0x00, 0x80, 0x30, 0x02, 0xFF, 0x82, 0x6F, 0x00, 0x70, 0x02, 0xFF, 0x80, 0x06, 0x03, 0x00, 0x84,
    0xF9, 0xFF, 0x6F, 0x00, 0x70, 0x02, 0xFF, 0x88, 0x06, 0x00, 0x02, 0x00, 0xF3, 0xFF, 0x6F, 0x00,
    0x70, 0x02, 0xFF, 0x88, 0x06, 0x00, 0x07, 0x00, 0x90, 0xFF, 0x6F, 0x00, 0x70, 0x02, 0xFF, 0x88,
    0x06, 0x00, 0x58, 0x00, 0x40, 0xFF, 0x6F, 0x00, 0x70, 0x02, 0xFF, 0x82, 0x06, 0x00, 0xA8, 0x02,
    0x00, 0x83, 0xFA, 0x6F, 0x00, 0x70, 0x02, 0xFF, 0x88, 0x06, 0x00, 0xF7, 0x04, 0x00, 0xF5, 0x6F,
    0x00, 0x70, 0x02, 0xFF, 0x88, 0x06, 0x00, 0xF7, 0x0A, 0x00, 0xA0, 0x6F, 0x00, 0x70, 0x02, 0xFF,
    0x88, 0x06, 0x00, 0xF7, 0x3F, 0x00, 0x50, 0x6F, 0x00, 0x70, 0x02, 0xFF, 0x83, 0x06, 0x00, 0xF7,
    0x9F, 0x02, 0x00, 0x82, 0x7B, 0x00, 0x70, 0x02, 0xFF, 0x88, 0x06, 0x00, 0xF7, 0xFF, 0x03, 0x00,
    0x75, 0x00, 0x70, 0x02, 0xFF, 0x88, 0x06, 0x00, 0xF7, 0xFF, 0x08, 0x00, 0x60, 0x00, 0x70, 0x02,
    0xFF, 0x88, 0x06, 0x00, 0xF7, 0xFF, 0x2D, 0x00, 0x10, 0x00, 0x70, 0x02, 0xFF, 0x84, 0x06, 0x00,
    0xF7, 0xFF, 0x7F, 0x03, 0x00, 0x80, 0x70, 0x02, 0xFF, 0x85, 0x06, 0x00, 0xF7, 0xFF, 0xDF, 0x02,
    0x02, 0x00, 0x80, 0x70, 0x02, 0xFF, 0x82, 0x06, 0x00, 0xF7, 0x02, 0xFF, 0x80, 0x07, 0x02, 0x00,
    0x80, 0x70, 0x02, 0xFF, 0x82, 0x06, 0x00, 0xF7, 0x02, 0xFF, 0x80, 0x1C, 0x02, 0x00, 0x80, 0x70,
    0x02, 0xFF, 0x82, 0x06, 0x00, 0xF7, 0x02, 0xFF, 0x80, 0x6F, 0x02, 0x00, 0x80, 0x70, 0x02, 0xFF,
    0x82, 0x06, 0x00, 0xF7, 0x02, 0xFF, 0x83, 0xCF, 0x01, 0x00, 0x70, 0x59, 0xFF, 0x0E, 0xFF, 0x82,
    0xDF, 0xBB, 0xDB, 0x06, 0xFF, 0x81, 0xDF, 0x48, 0x02, 0x00, 0x81, 0x41, 0xF9, 0x04, 0xFF, 0x81,
    0xBF, 0x03, 0x04, 0x00, 0x80, 0xC5, 0x03, 0xFF, 0x81, 0xCF, 0x03, 0x05, 0x00, 0x80, 0xD4, 0x03,
    0xFF, 0x80, 0x05, 0x02, 0x00, 0x81, 0x53, 0x03, 0x02, 0x00, 0x80, 0xF6, 0x02, 0xFF, 0x8A, 0x0A,
    0x00, 0x10, 0xF9, 0xFF, 0x19, 0x00, 0x10, 0xFC, 0xFF, 0x6F, 0x02, 0x00, 0x80, 0xF8, 0x02, 0xFF,
    0x82, 0x07, 0x00, 0x70, 0x02, 0xFF, 0x82, 0x02, 0x00, 0xD2, 0x02, 0xFF, 0x87, 0xCF, 0x01, 0x00,
    0xF4, 0xFF, 0x0B, 0x00, 0x60, 0x03, 0xFF, 0x84, 0x4F, 0x00, 0x10, 0xFD, 0x9F, 0x02, 0x00, 0x80,
    0xF8, 0x03, 0xFF, 0x86, 0x06, 0x00, 0xB0, 0xFF, 0x08, 0x00, 0x90, 0x03, 0xFF, 0x80, 0x8F, 0x02,
    0x00, 0x81, 0xF9, 0x7F, 0x02, 0x00, 0x80, 0xFA, 0x03, 0xFF, 0x86, 0x08, 0x00, 0x90, 0xFF, 0x07,
    0x00, 0xB0, 0x03, 0xFF, 0x80, 0x9F, 0x02, 0x00, 0x81, 0xF8, 0x7F, 0x02, 0x00, 0x80, 0xFA, 0x03,
    0xFF, 0x86, 0x08, 0x00, 0x80, 0xFF, 0x08, 0x00, 0xA0, 0x03, 0xFF, 0x80, 0x8F, 0x02, 0x00, 0x81,
    0xF9, 0x9F, 0x02, 0x00, 0x80, 0xF8, 0x03, 0xFF, 0x86, 0x07, 0x00, 0xB0, 0xFF, 0x0B, 0x00, 0x60,
    0x03, 0xFF, 0x80, 0x5F, 0x02, 0x00, 0x84, 0xFD, 0xFF, 0x02, 0x00, 0xF3, 0x02, 0xFF, 0x85, 0xDF,
    0x02, 0x00, 0xF3, 0xFF, 0x6F, 0x02, 0x00, 0x80, 0xF9, 0x02, 0xFF, 0x82, 0x08, 0x00, 0x70, 0x02,
    0xFF, 0x88, 0x0A, 0x00, 0x20, 0xFA, 0xFF, 0x2A, 0x00, 0x10, 0xFC, 0x02, 0xFF, 0x80, 0x05, 0x02,
    0x00, 0x81, 0x64, 0x04, 0x02, 0x00, 0x80, 0xF6, 0x02, 0xFF, 0x81, 0xCF, 0x03, 0x05, 0x00, 0x80,
    0xD3, 0x03, 0xFF, 0x81, 0xBF, 0x03, 0x04, 0x00, 0x80, 0xC4, 0x04, 0xFF, 0x81, 0xDF, 0x37, 0x02,
    0x00, 0x81, 0x30, 0xD8, 0x06, 0xFF, 0x82, 0xCF, 0x9A, 0xCA, 0x4D, 0xFF, 0x80, 0x0F, 0x12, 0xFF,
    0x80, 0x36, 0x02, 0x33, 0x82, 0x43, 0x75, 0xFC, 0x02, 0xFF, 0x80, 0x4F, 0x04, 0x00, 0x81, 0x10,
    0xF7, 0x02, 0xFF, 0x80, 0x04, 0x05, 0x00, 0x82, 0xF7, 0xFF, 0x4F, 0x02, 0x00, 0x80, 0x12, 0x02,
    0x00, 0x9E, 0x10, 0xFB, 0xFF, 0x04, 0x00, 0xF4, 0xBF, 0x05, 0x00, 0x70, 0xFF, 0x4F, 0x00, 0x40,
    0xFF, 0xDF, 0x02, 0x00, 0xF4, 0xFF, 0x04, 0x00, 0xF4, 0xFF, 0x4F, 0x00, 0x30, 0xFF, 0x4F, 0x00,
    0x40, 0x02, 0xFF, 0xA0, 0x05, 0x00, 0xF3, 0xFF, 0x04, 0x00, 0xF4, 0xFF, 0x4F, 0x00, 0x40, 0xFF,
    0x4F, 0x00, 0x40, 0xFF, 0xCF, 0x01, 0x00, 0xF6, 0xFF, 0x04, 0x00, 0xF4, 0xBF, 0x03, 0x00, 0x90,
    0xFF, 0x4F, 0x00, 0x10, 0x12, 0x02, 0x00, 0x83, 0x30, 0xFD, 0xFF, 0x04, 0x04, 0x00, 0x83, 0x10,
    0xFA, 0xFF, 0x4F, 0x04, 0x00, 0x81, 0x20, 0xFA, 0x02, 0xFF, 0x85, 0x04, 0x00, 0x21, 0x32, 0x85,
    0xFD, 0x02, 0xFF, 0x82, 0x4F, 0x00, 0x40, 0x06, 0xFF, 0x82, 0x04, 0x00, 0xF4, 0x05, 0xFF, 0x82,
    0x4F, 0x00, 0x40, 0x06, 0xFF, 0x82, 0x04, 0x00, 0xF4, 0x05, 0xFF, 0x82, 0x4F, 0x00, 0x40, 0x06,
    0xFF, 0x82, 0x04, 0x00, 0xF4, 0x05, 0xFF, 0x82, 0x4F, 0x00, 0x40, 0x06, 0xFF, 0x82, 0x04, 0x00,
    0xF4, 0x48, 0xFF, 0x80, 0x0F, 0x0E, 0xFF, 0x82, 0xDF, 0xBB, 0xDB, 0x06, 0xFF, 0x81, 0xDF, 0x48,
    0x02, 0x00, 0x81, 0x41, 0xF8, 0x04, 0xFF, 0x81, 0xBF, 0x03, 0x04, 0x00, 0x80, 0xC4, 0x03, 0xFF,
    0x81, 0xCF, 0x03, 0x05, 0x00, 0x80, 0xD3, 0x03, 0xFF, 0x80, 0x05, 0x02, 0x00, 0x81, 0x53, 0x03,
    0x02, 0x00, 0x80, 0xF6, 0x02, 0xFF, 0x85, 0x0A, 0x00, 0x10, 0xF9, 0xFF, 0x19, 0x02, 0x00, 0x82,
    0xFB, 0xFF, 0x6F, 0x02, 0x00, 0x80, 0xF8, 0x02, 0xFF, 0x82, 0x07, 0x00, 0x70, 0x02, 0xFF, 0x82,
    0x02, 0x00, 0xD2, 0x02, 0xFF, 0x87, 0xCF, 0x01, 0x00, 0xF3, 0xFF, 0x0B, 0x00, 0x60, 0x03, 0xFF,
    0x80, 0x4F, 0x02, 0x00, 0x81, 0xFD, 0x9F, 0x02, 0x00, 0x80, 0xF8, 0x03, 0xFF, 0x86, 0x06, 0x00,
    0xB0, 0xFF, 0x08, 0x00, 0x90, 0x03, 0xFF, 0x80, 0x8F, 0x02, 0x00, 0x81, 0xF9, 0x7F, 0x02, 0x00,
    0x80, 0xFA, 0x03, 0xFF, 0x86, 0x08, 0x00, 0x80, 0xFF, 0x07, 0x00, 0xB0, 0x03, 0xFF, 0x80, 0x9F,
    0x02, 0x00, 0x81, 0xF8, 0x7F, 0x02, 0x00, 0x80, 0xFA, 0x03, 0xFF, 0x86, 0x08, 0x00, 0x80, 0xFF,
    0x08, 0x00, 0xA0, 0x03, 0xFF, 0x80, 0x8F, 0x02, 0x00, 0x81, 0xF9, 0x9F, 0x02, 0x00, 0x80, 0xF8,
    0x03, 0xFF, 0x86, 0x07, 0x00, 0xB0, 0xFF, 0x0C, 0x00, 0x60, 0x03, 0xFF, 0x80, 0x5F, 0x02, 0x00,
    0x84, 0xFD, 0xFF, 0x02, 0x00, 0xF3, 0x02, 0xFF, 0x85, 0xDF, 0x02, 0x00, 0xF3, 0xFF, 0x6F, 0x02,
    0x00, 0x80, 0xF9, 0x02, 0xFF, 0x82, 0x08, 0x00, 0x60, 0x02, 0xFF, 0x85, 0x0B, 0x00, 0x20, 0xFA,
    0xFF, 0x2A, 0x02, 0x00, 0x80, 0xFB, 0x02, 0xFF, 0x80, 0x05, 0x02, 0x00, 0x81, 0x64, 0x04, 0x02,
    0x00, 0x80, 0xF6, 0x02, 0xFF, 0x81, 0xCF, 0x03, 0x05, 0x00, 0x80, 0xC3, 0x03, 0xFF, 0x81, 0xBF,
    0x03, 0x04, 0x00, 0x80, 0xC3, 0x04, 0xFF, 0x81, 0xDF, 0x27, 0x03, 0x00, 0x80, 0xC1, 0x06, 0xFF,
    0x81, 0xBF, 0x8A, 0x02, 0x00, 0x80, 0xF5, 0x07, 0xFF, 0x80, 0x5F, 0x02, 0x00, 0x80, 0xF8, 0x07,
    0xFF, 0x83, 0x2C, 0x00, 0x20, 0xFB, 0x07, 0xFF, 0x83, 0x08, 0x00, 0x40, 0xFD, 0x07, 0xFF, 0x82,
    0x04, 0x00, 0x70, 0x07, 0xFF, 0x80, 0xBF, 0x02, 0x88, 0x80, 0xD8, 0x15, 0xFF, 0x80, 0x0F, 0x13,
    0xFF, 0x80, 0x36, 0x02, 0x33, 0x82, 0x43, 0x85, 0xFC, 0x03, 0xFF, 0x80, 0x04, 0x04, 0x00, 0x81,
    0x61, 0xFD, 0x02, 0xFF, 0x80, 0x04, 0x05, 0x00, 0x80, 0xF5, 0x02, 0xFF, 0x83, 0x04, 0x00, 0x31,
    0x02, 0x02, 0x00, 0x80, 0x90, 0x02, 0xFF, 0x86, 0x04, 0x00, 0xF4, 0xCF, 0x06, 0x00, 0x50, 0x02,
    0xFF, 0x86, 0x04, 0x00, 0xF4, 0xFF, 0x3D, 0x00, 0x20, 0x02, 0xFF, 0x86, 0x04, 0x00, 0xF4, 0xFF,
    0x5F, 0x00, 0x10, 0x02, 0xFF, 0x86, 0x04, 0x00, 0xF4, 0xFF, 0x5F, 0x00, 0x10, 0x02, 0xFF, 0x86,
    0x04, 0x00, 0xF4, 0xFF, 0x3F, 0x00, 0x30, 0x02, 0xFF, 0x86, 0x04, 0x00, 0xF4, 0xFF, 0x09, 0x00,
    0x60, 0x02, 0xFF, 0x83, 0x04, 0x00, 0x73, 0x57, 0x02, 0x00, 0x80, 0xC1, 0x02, 0xFF, 0x80, 0x04,
    0x04, 0x00, 0x81, 0x10, 0xF9, 0x02, 0xFF, 0x80, 0x04, 0x04, 0x00, 0x80, 0xA3, 0x03, 0xFF, 0x80,
    0x04, 0x04, 0x00, 0x80, 0xF4, 0x03, 0xFF, 0x85, 0x04, 0x00, 0xC4, 0x09, 0x00, 0x90, 0x03, 0xFF,
    0x85, 0x04, 0x00, 0xF4, 0x3F, 0x00, 0x30, 0x03, 0xFF, 0x83, 0x04, 0x00, 0xF4, 0x9F, 0x02, 0x00,
    0x80, 0xF9, 0x02, 0xFF, 0x86, 0x04, 0x00, 0xF4, 0xDF, 0x03, 0x00, 0xD3, 0x02, 0xFF, 0x86, 0x04,
    0x00, 0xF4, 0xFF, 0x08, 0x00, 0x80, 0x02, 0xFF, 0x8D, 0x04, 0x00, 0xF4, 0xFF, 0x2D, 0x00, 0x30,
    0xFD, 0xFF, 0x04, 0x00, 0xF4, 0xFF, 0x7F, 0x02, 0x00, 0x8D, 0xF8, 0xFF, 0x04, 0x00, 0xF4, 0xFF,
    0xCF, 0x02, 0x00, 0xD2, 0xFF, 0x04, 0x00, 0xF4, 0x02, 0xFF, 0x82, 0x07, 0x00, 0x70, 0x48, 0xFF,
    0x0A, 0xFF, 0x82, 0xDF, 0xBB, 0xFD, 0x04, 0xFF, 0x80, 0x38, 0x02, 0x00, 0x84, 0x73, 0xFB, 0xFF,
    0xDF, 0x05, 0x04, 0x00, 0x82, 0xF8, 0xFF, 0x06, 0x04, 0x00, 0x82, 0xA0, 0xFF, 0x0B, 0x02, 0x00,
    0x84, 0x32, 0x00, 0x30, 0xFF, 0x7F, 0x02, 0x00, 0x87, 0xF7, 0xCF, 0x48, 0xF7, 0xFF, 0x06, 0x00,
    0xF3, 0x02, 0xFF, 0x84, 0xDF, 0xFF, 0x5F, 0x00, 0x40, 0x05, 0xFF, 0x82, 0x06, 0x00, 0xC1, 0x04,
    0xFF, 0x80, 0x9F, 0x02, 0x00, 0x80, 0xB3, 0x04, 0xFF, 0x80, 0x3D, 0x02, 0x00, 0x81, 0x71, 0xFD,
    0x03, 0xFF, 0x80, 0x1A, 0x02, 0x00, 0x81, 0x30, 0xFB, 0x03, 0xFF, 0x80, 0x2A, 0x02, 0x00, 0x81,
    0x10, 0xF9, 0x03, 0xFF, 0x80, 0x4C, 0x03, 0x00, 0x80, 0xFA, 0x03, 0xFF, 0x84, 0x7F, 0x01, 0x00,
    0x20, 0xFD, 0x03, 0xFF, 0x83, 0xBF, 0x03, 0x00, 0x90, 0x04, 0xFF, 0x83, 0xBF, 0x01, 0x00, 0xF6,
    0x04, 0xFF, 0x84, 0x4F, 0x00, 0x50, 0xFF, 0xDA, 0x03, 0xFF, 0x92, 0x03, 0x00, 0xF6, 0x3F, 0x73,
    0xFC, 0xFF, 0x09, 0x00, 0x80, 0xFF, 0x03, 0x00, 0x53, 0x04, 0x00, 0x10, 0xFC, 0x3F, 0x05, 0x00,
    0x82, 0xF6, 0xFF, 0x03, 0x04, 0x00, 0x83, 0xD5, 0xFF, 0xBF, 0x36, 0x02, 0x00, 0x81, 0x30, 0xF8,
    0x03, 0xFF, 0x82, 0xCF, 0x9A, 0xCA, 0x37, 0xFF, 0x80, 0x0F, 0x0F, 0xFF, 0x80, 0x38, 0x06, 0x33,
    0x80, 0x76, 0x06, 0x00, 0x81, 0x50, 0x07, 0x06, 0x00, 0x80, 0x75, 0x06, 0x00, 0x85, 0x50, 0xCD,
    0xCC, 0x5C, 0x00, 0x30, 0x02, 0xCC, 0x80, 0xFD, 0x02, 0xFF, 0x82, 0x05, 0x00, 0xF3, 0x04, 0xFF,
    0x82, 0x5F, 0x00, 0x30, 0x05, 0xFF, 0x82, 0x05, 0x00, 0xF3, 0x04, 0xFF, 0x82, 0x5F, 0x00, 0x30,
    0x05, 0xFF, 0x82, 0x05, 0x00, 0xF3, 0x04, 0xFF, 0x82, 0x5F, 0x00, 0x30, 0x05, 0xFF, 0x82, 0x05,
    0x00, 0xF3, 0x04, 0xFF, 0x82, 0x5F, 0x00, 0x30, 0x05, 0xFF, 0x82, 0x05, 0x00, 0xF3, 0x04, 0xFF,
    0x82, 0x5F, 0x00, 0x30, 0x05, 0xFF, 0x82, 0x05, 0x00, 0xF3, 0x04, 0xFF, 0x82, 0x5F, 0x00, 0x30,
    0x05, 0xFF, 0x82, 0x05, 0x00, 0xF3, 0x04, 0xFF, 0x82, 0x5F, 0x00, 0x30, 0x05, 0xFF, 0x82, 0x05,
    0x00, 0xF3, 0x04, 0xFF, 0x82, 0x5F, 0x00, 0x30, 0x05, 0xFF, 0x82, 0x05, 0x00, 0xF3, 0x04, 0xFF,
    0x82, 0x5F, 0x00, 0x30, 0x3E, 0xFF, 0x80, 0x0F, 0x15, 0xFF, 0x82, 0x36, 0x33, 0xF6, 0x02, 0xFF,
    0x82, 0x6F, 0x33, 0x53, 0x02, 0xFF, 0x82, 0x04, 0x00, 0xF4, 0x02, 0xFF, 0x82, 0x5F, 0x00, 0x40,
    0x02, 0xFF, 0x82, 0x04, 0x00, 0xF4, 0x02, 0xFF, 0x82, 0x5F, 0x00, 0x40, 0x02, 0xFF, 0x82, 0x04,
    0x00, 0xF4, 0x02, 0xFF, 0x82, 0x5F, 0x00, 0x40, 0x02, 0xFF, 0x82, 0x04, 0x00, 0xF4, 0x02, 0xFF,
    0x82, 0x5F, 0x00, 0x40, 0x02, 0xFF, 0x82, 0x04, 0x00, 0xF4, 0x02, 0xFF, 0x82, 0x5F, 0x00, 0x40,
    0x02, 0xFF, 0x82, 0x04, 0x00, 0xF4, 0x02, 0xFF, 0x82, 0x5F, 0x00, 0x40, 0x02, 0xFF, 0x82, 0x04,
    0x00, 0xF4, 0x02, 0xFF, 0x82, 0x5F, 0x00, 0x40, 0x02, 0xFF, 0x82, 0x04, 0x00, 0xF4, 0x02, 0xFF,
    0x82, 0x5F, 0x00, 0x40, 0x02, 0xFF, 0x82, 0x04, 0x00, 0xF4, 0x02, 0xFF, 0x82, 0x5F, 0x00, 0x40,
    0x02, 0xFF, 0x82, 0x04, 0x00, 0xF4, 0x02, 0xFF, 0x82, 0x5F, 0x00, 0x40, 0x02, 0xFF, 0x82, 0x04,
    0x00, 0xF4, 0x02, 0xFF, 0x82, 0x5F, 0x00, 0x40, 0x02, 0xFF, 0x82, 0x04, 0x00, 0xF4, 0x02, 0xFF,
    0x82, 0x5F, 0x00, 0x40, 0x02, 0xFF, 0x82, 0x04, 0x00, 0xF4, 0x02, 0xFF, 0x82, 0x5F, 0x00, 0x40,
    0x02, 0xFF, 0x82, 0x04, 0x00, 0xF4, 0x02, 0xFF, 0x82, 0x5F, 0x00, 0x40, 0x02, 0xFF, 0x82, 0x04,
    0x00, 0xF4, 0x02, 0xFF, 0x82, 0x5F, 0x00, 0x40, 0x02, 0xFF, 0x82, 0x05, 0x00, 0xF3, 0x02, 0xFF,
    0x82, 0x4F, 0x00, 0x40, 0x02, 0xFF, 0x82, 0x06, 0x00, 0xC0, 0x02, 0xFF, 0x82, 0x1D, 0x00, 0x60,
    0x02, 0xFF, 0x87, 0x08, 0x00, 0x60, 0xFD, 0xFF, 0x06, 0x00, 0x80, 0x02, 0xFF, 0x80, 0x2D, 0x02,
    0x00, 0x81, 0x63, 0x36, 0x02, 0x00, 0x80, 0xC1, 0x02, 0xFF, 0x80, 0x8F, 0x06, 0x00, 0x80, 0xF7,
    0x03, 0xFF, 0x80, 0x07, 0x04, 0x00, 0x80, 0x60, 0x04, 0xFF, 0x81, 0xAF, 0x14, 0x02, 0x00, 0x81,
    0x41, 0xFA, 0x05, 0xFF, 0x83, 0xDF, 0x9A, 0xAA, 0xFD, 0x49, 0xFF, 0x12, 0xFF, 0x82, 0x34, 0x33,
    0xF9, 0x03, 0xFF, 0x85, 0x5F, 0x33, 0x83, 0x06, 0x00, 0xF5, 0x03, 0xFF, 0x85, 0x0C, 0x00, 0xB0,
    0x09, 0x00, 0xF2, 0x03, 0xFF, 0x85, 0x09, 0x00, 0xF2, 0x0C, 0x00, 0xB0, 0x03, 0xFF, 0x85, 0x06,
    0x00, 0xF6, 0x3F, 0x00, 0x80, 0x03, 0xFF, 0x85, 0x03, 0x00, 0xF8, 0x6F, 0x00, 0x50, 0x02, 0xFF,
    0x80, 0xCF, 0x02, 0x00, 0x83, 0xFC, 0xAF, 0x00, 0x20, 0x02, 0xFF, 0x8B, 0x9F, 0x00, 0x40, 0xFF,
    0xDF, 0x01, 0x00, 0xFB, 0xFF, 0x6F, 0x00, 0x70, 0x02, 0xFF, 0x86, 0x05, 0x00, 0xF7, 0xFF, 0x3F,
    0x00, 0xA0, 0x02, 0xFF, 0x86, 0x08, 0x00, 0xF5, 0xFF, 0x0C, 0x00, 0xD2, 0x02, 0xFF, 0x86, 0x0B,
    0x00, 0xF2, 0xFF, 0x08, 0x00, 0xF5, 0x02, 0xFF, 0x86, 0x3F, 0x00, 0xA0, 0xFF, 0x06, 0x00, 0xF8,
    0x02, 0xFF, 0x86, 0x6F, 0x00, 0x70, 0xFF, 0x03, 0x00, 0xFB, 0x02, 0xFF, 0x85, 0x9F, 0x00, 0x50,
    0xBF, 0x00, 0x30, 0x03, 0xFF, 0x85, 0xCF, 0x00, 0x20, 0x8F, 0x00, 0x60, 0x04, 0xFF, 0x84, 0x04,
    0x00, 0x6B, 0x00, 0x90, 0x04, 0xFF, 0x84, 0x07, 0x00, 0x39, 0x00, 0xD1, 0x04, 0xFF, 0x84, 0x0A,
    0x00, 0x16, 0x00, 0xF4, 0x04, 0xFF, 0x84, 0x2D, 0x00, 0x03, 0x00, 0xF7, 0x04, 0xFF, 0x80, 0x5F,
    0x03, 0x00, 0x80, 0xFB, 0x04, 0xFF, 0x80, 0x8F, 0x02, 0x00, 0x80, 0x20, 0x05, 0xFF, 0x80, 0xBF,
    0x02, 0x00, 0x80, 0x50, 0x06, 0xFF, 0x82, 0x03, 0x00, 0x80, 0x4B, 0xFF, 0x1B, 0xFF, 0x82, 0x3B,
    0x33, 0xB3, 0x02, 0xFF, 0x80, 0xDF, 0x02, 0x33, 0x80, 0xFD, 0x02, 0xFF, 0x85, 0x3A, 0x33, 0xD3,
    0x01, 0x00, 0xF8, 0x02, 0xFF, 0x82, 0x0A, 0x00, 0xA0, 0x02, 0xFF, 0x85, 0x7F, 0x00, 0x10, 0x4F,
    0x00, 0x60, 0x02, 0xFF, 0x80, 0x7F, 0x02, 0x00, 0x80, 0xF7, 0x02, 0xFF, 0x85, 0x05, 0x00, 0xF4,
    0x06, 0x00, 0xF4, 0x02, 0xFF, 0x82, 0x05, 0x00, 0x50, 0x02, 0xFF, 0x88, 0x3F, 0x00, 0x60, 0x9F,
    0x00, 0x10, 0xFD, 0xFF, 0x2F, 0x02, 0x00, 0x82, 0xF3, 0xFF, 0xCF, 0x02, 0x00, 0x85, 0xF9, 0x0B,
    0x00, 0xB0, 0xFF, 0xCF, 0x03, 0x00, 0xB7, 0xFC, 0xFF, 0x0A, 0x00, 0xC0, 0xFF, 0x02, 0x00, 0xF8,
    0xFF, 0x09, 0x20, 0x01, 0x90, 0xFF, 0x7F, 0x00, 0x20, 0xFF, 0x5F, 0x00, 0x60, 0xFF, 0x6F, 0x00,
    0x33, 0x00, 0xF6, 0xFF, 0x05, 0x00, 0xF5, 0xFF, 0x07, 0x00, 0xF4, 0xFF, 0x04, 0x50, 0x05, 0x40,
    0xFF, 0x3F, 0x00, 0x70, 0xFF, 0xAF, 0x00, 0x10, 0xFF, 0x1D, 0x00, 0x67, 0x00, 0xF2, 0xDF, 0x02,
    0x00, 0x8D, 0xFA, 0xFF, 0x0C, 0x00, 0xB0, 0xAF, 0x00, 0x90, 0x08, 0x00, 0xFB, 0x0A, 0x00, 0xD0,
    0x02, 0xFF, 0x8A, 0x03, 0x00, 0xF8, 0x07, 0x00, 0xBB, 0x00, 0x80, 0x7F, 0x00, 0x30, 0x02, 0xFF,
    0x8B, 0x6F, 0x00, 0x60, 0x5F, 0x00, 0xD1, 0x1D, 0x00, 0xF6, 0x06, 0x00, 0xF6, 0x02, 0xFF, 0x8A,
    0x08, 0x00, 0xF5, 0x02, 0x40, 0xFF, 0x04, 0x30, 0x3F, 0x00, 0x80, 0x02, 0xFF, 0x8B, 0xBF, 0x00,
    0x30, 0x0C, 0x00, 0xF6, 0x6F, 0x00, 0xD1, 0x01, 0x00, 0xFB, 0x02, 0xFF, 0x8A, 0x1D, 0x00, 0xA0,
    0x00, 0x90, 0xFF, 0x09, 0x00, 0x09, 0x00, 0xD1, 0x03, 0xFF, 0x89, 0x04, 0x00, 0x06, 0x00, 0xFC,
    0xBF, 0x00, 0x60, 0x00, 0x40, 0x03, 0xFF, 0x8A, 0x6F, 0x00, 0x30, 0x00, 0xF2, 0xFF, 0x2F, 0x00,
    0x03, 0x00, 0xF6, 0x03, 0xFF, 0x80, 0x09, 0x02, 0x00, 0x80, 0x50, 0x02, 0xFF, 0x80, 0x05, 0x02,
    0x00, 0x80, 0x90, 0x03, 0xFF, 0x80, 0xCF, 0x03, 0x00, 0x82, 0xF7, 0xFF, 0x7F, 0x03, 0x00, 0x80,
    0xFC, 0x03, 0xFF, 0x80, 0x2F, 0x02, 0x00, 0x80, 0xA0, 0x02, 0xFF, 0x80, 0x0A, 0x02, 0x00, 0x80,
    0xF2, 0x04, 0xFF, 0x80, 0x05, 0x02, 0x00, 0x82, 0xFC, 0xFF, 0xCF, 0x02, 0x00, 0x80, 0x50, 0x04,
    0xFF, 0x80, 0x7F, 0x02, 0x00, 0x80, 0xF3, 0x02, 0xFF, 0x80, 0x3F, 0x02, 0x00, 0x80, 0xF7, 0x6D,
    0xFF, 0x80, 0x0F, 0x11, 0xFF, 0x82, 0x3A, 0x33, 0x83, 0x02, 0xFF, 0x80, 0x7F, 0x02, 0x33, 0x89,
    0xFB, 0x03, 0x00, 0xF3, 0xFF, 0xDF, 0x02, 0x00, 0xF4, 0x8F, 0x02, 0x00, 0x8C, 0xF9, 0xFF, 0x08,
    0x00, 0x90, 0xFF, 0x3D, 0x00, 0x50, 0xFF, 0x3F, 0x00, 0x30, 0x02, 0xFF, 0x83, 0x08, 0x00, 0xB0,
    0xAF, 0x02, 0x00, 0x88, 0xF9, 0xFF, 0xDF, 0x02, 0x00, 0xF6, 0x05, 0x00, 0xD3, 0x02, 0xFF, 0x85,
    0x8F, 0x00, 0x10, 0x1B, 0x00, 0x80, 0x03, 0xFF, 0x85, 0x2D, 0x00, 0x30, 0x00, 0x20, 0xFD, 0x03,
    0xFF, 0x80, 0x07, 0x03, 0x00, 0x80, 0xF7, 0x03, 0xFF, 0x81, 0xDF, 0x02, 0x02, 0x00, 0x80, 0xD2,
    0x04, 0xFF, 0x80, 0x7F, 0x02, 0x00, 0x80, 0x70, 0x05, 0xFF, 0x80, 0x0A, 0x02, 0x00, 0x80, 0xFA,
    0x04, 0xFF, 0x80, 0x5F, 0x02, 0x00, 0x80, 0x60, 0x04, 0xFF, 0x80, 0xBF, 0x03, 0x00, 0x80, 0xB0,
    0x04, 0xFF, 0x80, 0x05, 0x03, 0x00, 0x80, 0xF5, 0x03, 0xFF, 0x82, 0x0B, 0x00, 0x50, 0x02, 0x00,
    0x80, 0xFB, 0x02, 0xFF, 0x85, 0x5F, 0x00, 0x30, 0x3D, 0x00, 0x50, 0x02, 0xFF, 0x80, 0xBF, 0x02,
    0x00, 0x83, 0xF8, 0x07, 0x00, 0xB0, 0x02, 0xFF, 0x8C, 0x05, 0x00, 0xD2, 0xDF, 0x02, 0x00, 0xF5,
    0xFF, 0x0B, 0x00, 0x70, 0xFF, 0x6F, 0x02, 0x00, 0x89, 0xFB, 0x5F, 0x00, 0x10, 0xFC, 0xFF, 0x1C,
    0x00, 0x50, 0xBF, 0x02, 0x00, 0x80, 0xF6, 0x02, 0xFF, 0x85, 0x05, 0x00, 0xB0, 0x05, 0x00, 0xB0,
    0x02, 0xFF, 0x80, 0xAF, 0x02, 0x00, 0x80, 0xF5, 0x43, 0xFF, 0x80, 0x0F, 0x11, 0xFF, 0x82, 0x35,
    0x33, 0xD4, 0x02, 0xFF, 0x80, 0xAF, 0x02, 0x33, 0x80, 0x89, 0x02, 0x00, 0x80, 0xF9, 0x02, 0xFF,
    0x85, 0x06, 0x00, 0xC1, 0x2D, 0x00, 0x50, 0x02, 0xFF, 0x88, 0x1D, 0x00, 0x60, 0xFF, 0x06, 0x00,
    0xC1, 0xFF, 0x8F, 0x02, 0x00, 0x81, 0xFB, 0xBF, 0x02, 0x00, 0x8C, 0xF8, 0xFF, 0x04, 0x00, 0xF4,
    0xFF, 0x5F, 0x00, 0x30, 0xFF, 0x0B, 0x00, 0x90, 0x02, 0xFF, 0x85, 0x0A, 0x00, 0xB0, 0x6F, 0x00,
    0x30, 0x03, 0xFF, 0x85, 0x03, 0x00, 0xD6, 0x02, 0x00, 0xF7, 0x02, 0xFF, 0x85, 0x8F, 0x00, 0x20,
    0x09, 0x00, 0xD2, 0x03, 0xFF, 0x84, 0x2D, 0x00, 0x20, 0x00, 0x60, 0x04, 0xFF, 0x80, 0x06, 0x03,
    0x00, 0x80, 0xFB, 0x03, 0xFF, 0x80, 0xBF, 0x03, 0x00, 0x80, 0xF5, 0x04, 0xFF, 0x80, 0x5F, 0x02,
    0x00, 0x80, 0xA0, 0x05, 0xFF, 0x82, 0x09, 0x00, 0x30, 0x06, 0xFF, 0x82, 0x01, 0x00, 0xF6, 0x05,
    0xFF, 0x82, 0x2F, 0x00, 0x60, 0x06, 0xFF, 0x82, 0x02, 0x00, 0xF6, 0x05, 0xFF, 0x82, 0x2F, 0x00,
    0x60, 0x06, 0xFF, 0x82, 0x02, 0x00, 0xF6, 0x05, 0xFF, 0x82, 0x2F, 0x00, 0x60, 0x06, 0xFF, 0x82,
    0x02, 0x00, 0xF6, 0x05, 0xFF, 0x82, 0x2F, 0x00, 0x60, 0x06, 0xFF, 0x82, 0x02, 0x00, 0xF6, 0x46,
    0xFF, 0x80, 0x0F, 0x0F, 0xFF, 0x80, 0x3A, 0x06, 0x33, 0x80, 0xAF, 0x06, 0x00, 0x81, 0xF1, 0x0A,
    0x05, 0x00, 0x81, 0x10, 0xAF, 0x04, 0x22, 0x02, 0x00, 0x80, 0xF3, 0x04, 0xFF, 0x82, 0x1B, 0x00,
    0x90, 0x04, 0xFF, 0x82, 0x5F, 0x00, 0x40, 0x04, 0xFF, 0x80, 0xAF, 0x02, 0x00, 0x80, 0xFA, 0x04,
    0xFF, 0x82, 0x04, 0x00, 0xF5, 0x04, 0xFF, 0x82, 0x09, 0x00, 0xB1, 0x04, 0xFF, 0x82, 0x3F, 0x00,
    0x60, 0x04, 0xFF, 0x83, 0x8F, 0x00, 0x10, 0xFC, 0x03, 0xFF, 0x83, 0xDF, 0x03, 0x00, 0xF7, 0x04,
    0xFF, 0x82, 0x07, 0x00, 0xD2, 0x04, 0xFF, 0x82, 0x2C, 0x00, 0x80, 0x04, 0xFF, 0x83, 0x6F, 0x00,
    0x30, 0xFD, 0x03, 0xFF, 0x83, 0xCF, 0x01, 0x00, 0xF9, 0x04, 0xFF, 0x82, 0x06, 0x00, 0xF4, 0x04,
    0xFF, 0x82, 0x0B, 0x00, 0xA0, 0x04, 0xFF, 0x82, 0x5F, 0x00, 0x50, 0x04, 0xFF, 0x80, 0xAF, 0x02,
    0x00, 0x80, 0x32, 0x03, 0x33, 0x81, 0xB3, 0x07, 0x06, 0x00, 0x80, 0x7A, 0x06, 0x00, 0x81, 0xA0,
    0x07, 0x06, 0x00, 0x80, 0xFA, 0x3B, 0xFF, 0x80, 0x0F, 0x0A, 0xFF, 0x80, 0xDF, 0x03, 0x22, 0x81,
    0x92, 0xDF, 0x03, 0x00, 0x81, 0x80, 0xDF, 0x03, 0x00, 0x88, 0x80, 0xDF, 0x00, 0x20, 0x99, 0xB9,
    0xDF, 0x00, 0x30, 0x02, 0xFF, 0x82, 0xDF, 0x00, 0x30, 0x02, 0xFF, 0x82, 0xDF, 0x00, 0x30, 0x02,
    0xFF, 0x82, 0xDF, 0x00, 0x30, 0x02, 0xFF, 0x82, 0xDF, 0x00, 0x30, 0x02, 0xFF, 0x82, 0xDF, 0x00,
    0x30, 0x02, 0xFF, 0x82, 0xDF, 0x00, 0x30, 0x02, 0xFF, 0x82, 0xDF, 0x00, 0x30, 0x02, 0xFF, 0x82,
    0xDF, 0x00, 0x30, 0x02, 0xFF, 0x82, 0xDF, 0x00, 0x30, 0x02, 0xFF, 0x82, 0xDF, 0x00, 0x30, 0x02,
    0xFF, 0x82, 0xDF, 0x00, 0x30, 0x02, 0xFF, 0x82, 0xDF, 0x00, 0x30, 0x02, 0xFF, 0x82, 0xDF, 0x00,
    0x30, 0x02, 0xFF, 0x82, 0xDF, 0x00, 0x30, 0x02, 0xFF, 0x82, 0xDF, 0x00, 0x30, 0x02, 0xFF, 0x82,
    0xDF, 0x00, 0x30, 0x02, 0xFF, 0x82, 0xDF, 0x00, 0x30, 0x02, 0xFF, 0x82, 0xDF, 0x00, 0x30, 0x02,
    0xFF, 0x82, 0xDF, 0x00, 0x30, 0x02, 0xFF, 0x85, 0xDF, 0x00, 0x30, 0xBB, 0xCB, 0xDF, 0x03, 0x00,
    0x81, 0x80, 0xDF, 0x03, 0x00, 0x81, 0x80, 0xDF, 0x03, 0x00, 0x81, 0x80, 0xFF, 0x03, 0xCC, 0x80,
    0xDC, 0x0A, 0xFF, 0x06, 0xFF, 0x82, 0xDF, 0xCC, 0xFC, 0x04, 0xFF, 0x82, 0x06, 0x00, 0xF8, 0x03,
    0xFF, 0x82, 0xBF, 0x00, 0x40, 0x04, 0xFF, 0x82, 0x3F, 0x00, 0xC0, 0x04, 0xFF, 0x82, 0x07, 0x00,
    0xF7, 0x03, 0xFF, 0x82, 0xCF, 0x01, 0x30, 0x04, 0xFF, 0x82, 0x5F, 0x00, 0xA0, 0x04, 0xFF, 0x82,
    0x09, 0x00, 0xF6, 0x03, 0xFF, 0x83, 0xDF, 0x02, 0x20, 0xFD, 0x03, 0xFF, 0x82, 0x6F, 0x00, 0x90,
    0x04, 0xFF, 0x82, 0x0A, 0x00, 0xF5, 0x04, 0xFF, 0x82, 0x03, 0x10, 0xFC, 0x03, 0xFF, 0x82, 0x7F,
    0x00, 0x70, 0x04, 0xFF, 0x82, 0x0C, 0x00, 0xF3, 0x04, 0xFF, 0x82, 0x04, 0x00, 0xFB, 0x03, 0xFF,
    0x82, 0x9F, 0x00, 0x60, 0x04, 0xFF, 0x82, 0x2D, 0x00, 0xD2, 0x04, 0xFF, 0x82, 0x06, 0x00, 0xF9,
    0x03, 0xFF, 0x82, 0xAF, 0x00, 0x50, 0x04, 0xFF, 0x82, 0x3F, 0x00, 0xC1, 0x04, 0xFF, 0x82, 0x07,
    0x00, 0xF8, 0x03, 0xFF, 0x82, 0xCF, 0x00, 0x40, 0x04, 0xFF, 0x82, 0x4F, 0x00, 0xB0, 0x04, 0xFF,
    0x82, 0x08, 0x00, 0xF7, 0x03, 0xFF, 0x82, 0xDF, 0xAA, 0xBA, 0x2D, 0xFF, 0x80, 0x0F, 0x0A, 0xFF,
    0x80, 0x2B, 0x03, 0x22, 0x81, 0xFB, 0x0B, 0x03, 0x00, 0x81, 0xFB, 0x0B, 0x03, 0x00, 0x85, 0xFB,
    0x9C, 0x99, 0x03, 0x00, 0xFB, 0x02, 0xFF, 0x82, 0x05, 0x00, 0xFB, 0x02, 0xFF, 0x82, 0x05, 0x00,
    0xFB, 0x02, 0xFF, 0x82, 0x05, 0x00, 0xFB, 0x02, 0xFF, 0x82, 0x05, 0x00, 0xFB, 0x02, 0xFF, 0x82,
    0x05, 0x00, 0xFB, 0x02, 0xFF, 0x82, 0x05, 0x00, 0xFB, 0x02, 0xFF, 0x82, 0x05, 0x00, 0xFB, 0x02,
    0xFF, 0x82, 0x05, 0x00, 0xFB, 0x02, 0xFF, 0x82, 0x05, 0x00, 0xFB, 0x02, 0xFF, 0x82, 0x05, 0x00,
    0xFB, 0x02, 0xFF, 0x82, 0x05, 0x00, 0xFB, 0x02, 0xFF, 0x82, 0x05, 0x00, 0xFB, 0x02, 0xFF, 0x82,
    0x05, 0x00, 0xFB, 0x02, 0xFF, 0x82, 0x05, 0x00, 0xFB, 0x02, 0xFF, 0x82, 0x05, 0x00, 0xFB, 0x02,
    0xFF, 0x82, 0x05, 0x00, 0xFB, 0x02, 0xFF, 0x82, 0x05, 0x00, 0xFB, 0x02, 0xFF, 0x82, 0x05, 0x00,
    0xFB, 0x02, 0xFF, 0x82, 0x05, 0x00, 0xFB, 0x02, 0xFF, 0x88, 0x05, 0x00, 0xFB, 0xBD, 0xBB, 0x04,
    0x00, 0xFB, 0x0B, 0x03, 0x00, 0x81, 0xFB, 0x0B, 0x03, 0x00, 0x81, 0xFB, 0x0B, 0x03, 0x00, 0x81,
    0xFB, 0xCD, 0x03, 0xCC, 0x80, 0xFD, 0x0A, 0xFF, 0x14, 0xFF, 0x81, 0x5F, 0x43, 0x06, 0xFF, 0x82,
    0xAF, 0x00, 0x90, 0x06, 0xFF, 0x82, 0x05, 0x00, 0xF4, 0x05, 0xFF, 0x80, 0x0B, 0x02, 0x00, 0x80,
    0xFA, 0x04, 0xFF, 0x80, 0x6F, 0x02, 0x00, 0x80, 0x40, 0x04, 0xFF, 0x84, 0xCF, 0x01, 0x30, 0x00,
    0xA0, 0x04, 0xFF, 0x84, 0x06, 0x10, 0x3C, 0x00, 0xF4, 0x03, 0xFF, 0x85, 0x1C, 0x00, 0xF6, 0x08,
    0x00, 0xFA, 0x02, 0xFF, 0x85, 0x7F, 0x00, 0xB0, 0xDF, 0x02, 0x40, 0x02, 0xFF, 0x86, 0xDF, 0x02,
    0x50, 0xFF, 0x7F, 0x00, 0xA0, 0x02, 0xFF, 0x8A, 0x07, 0x00, 0xFA, 0xFF, 0x2C, 0x00, 0xF5, 0xFF,
    0x2D, 0x00, 0xF4, 0x02, 0xFF, 0x85, 0x07, 0x00, 0xFB, 0x8F, 0x00, 0x90, 0x02, 0xFF, 0x85, 0xCF,
    0x01, 0x50, 0xFF, 0x03, 0x30, 0x03, 0xFF, 0x85, 0x6F, 0x00, 0xB0, 0x9C, 0x99, 0xFB, 0x03, 0xFF,
    0x82, 0x9C, 0x99, 0xFB, 0x7F, 0xFF, 0x08, 0xFF, 0x80, 0x0F, 0x7F, 0xFF, 0x3E, 0xFF, 0x80, 0xBF,
    0x06, 0xBB, 0x80, 0x0C, 0x06, 0x00, 0x80, 0x1C, 0x06, 0x11, 0x15, 0xFF, 0x80, 0x9F, 0x02, 0x77,
    0x85, 0xFB, 0xFF, 0xBF, 0x02, 0x00, 0xF4, 0x02, 0xFF, 0x82, 0x2B, 0x00, 0x80, 0x02, 0xFF, 0x83,
    0xAF, 0x02, 0x20, 0xFC, 0x02, 0xFF, 0x82, 0x2B, 0x00, 0xF5, 0x02, 0xFF, 0x82, 0xBF, 0x66, 0xC6,
    0x7F, 0xFF, 0x08, 0xFF, 0x3A, 0xFF, 0x83, 0x7B, 0x45, 0x43, 0xB6, 0x03, 0xFF, 0x80, 0x3B, 0x04,
    0x00, 0x80, 0xF7, 0x02, 0xFF, 0x80, 0x0B, 0x04, 0x00, 0x80, 0x90, 0x02, 0xFF, 0x85, 0x4F, 0x10,
    0x64, 0x05, 0x00, 0x40, 0x02, 0xFF, 0x83, 0x9F, 0xC7, 0xFF, 0x6F, 0x02, 0x00, 0x80, 0xFC, 0x04,
    0xFF, 0x80, 0xBF, 0x02, 0x00, 0x80, 0xFB, 0x04, 0xFF, 0x80, 0xCF, 0x02, 0x00, 0x80, 0xFA, 0x02,
    0xFF, 0x82, 0x69, 0x35, 0x23, 0x02, 0x00, 0x82, 0xFA, 0xFF, 0x3B, 0x05, 0x00, 0x82, 0xFA, 0xCF,
    0x02, 0x02, 0x00, 0x80, 0x22, 0x02, 0x00, 0x81, 0xFA, 0x6F, 0x02, 0x00, 0x81, 0xC7, 0xCF, 0x02,
    0x00, 0x85, 0xFA, 0x3F, 0x00, 0x50, 0xFF, 0xCF, 0x02, 0x00, 0x85, 0xFA, 0x1F, 0x00, 0x70, 0xFF,
    0xAF, 0x02, 0x00, 0x85, 0xFA, 0x2F, 0x00, 0x60, 0xFF, 0x6F, 0x02, 0x00, 0x85, 0xFA, 0x4F, 0x00,
    0x20, 0xCA, 0x07, 0x02, 0x00, 0x81, 0xFA, 0x7F, 0x04, 0x00, 0x84, 0x03, 0x00, 0xFA, 0xCF, 0x02,
    0x02, 0x00, 0x8B, 0x60, 0x08, 0x00, 0xFA, 0xFF, 0x3B, 0x00, 0x10, 0xF7, 0x0C, 0x00, 0xFA, 0x02,
    0xFF, 0x81, 0x9B, 0xDA, 0x3C, 0xFF, 0x80, 0xDF, 0x02, 0x99, 0x80, 0xFC, 0x05, 0xFF, 0x82, 0x0D,
    0x00, 0x90, 0x05, 0xFF, 0x80, 0xDF, 0x02, 0x00, 0x80, 0xF9, 0x05, 0xFF, 0x82, 0x0D, 0x00, 0x90,
    0x05, 0xFF, 0x80, 0xDF, 0x02, 0x00, 0x80, 0xF9, 0x05, 0xFF, 0x82, 0x0D, 0x00, 0x90, 0x05, 0xFF,
    0x80, 0xDF, 0x02, 0x00, 0x80, 0xF9, 0x05, 0xFF, 0x85, 0x0D, 0x00, 0x90, 0x8F, 0x45, 0x95, 0x02,
    0xFF, 0x80, 0xDF, 0x02, 0x00, 0x80, 0x5A, 0x02, 0x00, 0x80, 0x50, 0x02, 0xFF, 0x82, 0x0D, 0x00,
    0x50, 0x03, 0x00, 0x82, 0x70, 0xFF, 0xDF, 0x03, 0x00, 0x80, 0x22, 0x02, 0x00, 0x82, 0xC2, 0xFF,
    0x0D, 0x02, 0x00, 0x81, 0xF8, 0x6F, 0x02, 0x00, 0x81, 0xF8, 0xDF, 0x02, 0x00, 0x88, 0xF4, 0xFF,
    0x2D, 0x00, 0x50, 0xFF, 0x0D, 0x00, 0x70, 0x02, 0xFF, 0x83, 0x05, 0x00, 0xF3, 0xDF, 0x02, 0x00,
    0x88, 0xF8, 0xFF, 0x6F, 0x00, 0x20, 0xFF, 0x0D, 0x00, 0x90, 0x02, 0xFF, 0x83, 0x07, 0x00, 0xF1,
    0xDF, 0x02, 0x00, 0x82, 0xF9, 0xFF, 0x7F, 0x02, 0x00, 0x83, 0xFF, 0x0D, 0x00, 0x80, 0x02, 0xFF,
    0x83, 0x07, 0x00, 0xF1, 0xDF, 0x02, 0x00, 0x88, 0xF7, 0xFF, 0x6F, 0x00, 0x30, 0xFF, 0x0D, 0x00,
    0x50, 0x02, 0xFF, 0x83, 0x04, 0x00, 0xF5, 0xDF, 0x02, 0x00, 0x86, 0xC2, 0xFF, 0x0B, 0x00, 0x70,
    0xFF, 0x0D, 0x02, 0x00, 0x81, 0x83, 0x38, 0x02, 0x00, 0x81, 0xFB, 0xDF, 0x06, 0x00, 0x84, 0xF4,
    0xFF, 0x0D, 0x00, 0x82, 0x03, 0x00, 0x88, 0xB2, 0xFF, 0xDF, 0x00, 0x60, 0x9F, 0x02, 0x00, 0xB3,
    0x05, 0xFF, 0x82, 0xDF, 0x9A, 0xFB, 0x3D, 0xFF, 0x80, 0x0F, 0x33, 0xFF, 0x87, 0xAF, 0x46, 0x43,
    0x86, 0xFD, 0xFF, 0xDF, 0x05, 0x03, 0x00, 0x82, 0xD2, 0xFF, 0x5F, 0x04, 0x00, 0x82, 0xF5, 0xFF,
    0x08, 0x02, 0x00, 0x8A, 0x22, 0x00, 0xF9, 0xFF, 0x03, 0x00, 0xA2, 0xFF, 0x6B, 0xFD, 0xAF, 0x02,
    0x00, 0x80, 0xF8, 0x03, 0xFF, 0x83, 0x7F, 0x00, 0x10, 0xFD, 0x03, 0xFF, 0x82, 0x6F, 0x00, 0x30,
    0x04, 0xFF, 0x82, 0x5F, 0x00, 0x50, 0x04, 0xFF, 0x82, 0x5F, 0x00, 0x50, 0x04, 0xFF, 0x82, 0x5F,
    0x00, 0x40, 0x04, 0xFF, 0x82, 0x6F, 0x00, 0x30, 0x04, 0xFF, 0x80, 0x7F, 0x02, 0x00, 0x80, 0xFB,
    0x03, 0xFF, 0x80, 0xBF, 0x02, 0x00, 0x8C, 0xF5, 0xFF, 0xDF, 0xF9, 0xFF, 0x03, 0x00, 0x50, 0x88,
    0x26, 0xF4, 0xFF, 0x09, 0x04, 0x00, 0x82, 0xF4, 0xFF, 0x6F, 0x04, 0x00, 0x80, 0xF4, 0x02, 0xFF,
    0x80, 0x39, 0x02, 0x00, 0x81, 0x51, 0xFB, 0x03, 0xFF, 0x82, 0xAC, 0xA9, 0xFD, 0x32, 0xFF, 0x05,
    0xFF, 0x82, 0x9D, 0x99, 0xC9, 0x05, 0xFF, 0x80, 0xCF, 0x02, 0x00, 0x80, 0xF9, 0x05, 0xFF, 0x82,
    0x0C, 0x00, 0x90, 0x05, 0xFF, 0x80, 0xCF, 0x02, 0x00, 0x80, 0xF9, 0x05, 0xFF, 0x82, 0x0C, 0x00,
    0x90, 0x05, 0xFF, 0x80, 0xCF, 0x02, 0x00, 0x80, 0xF9, 0x05, 0xFF, 0x82, 0x0C, 0x00, 0x90, 0x02,
    0xFF, 0x83, 0xAF, 0x46, 0x74, 0xDC, 0x02, 0x00, 0x82, 0xF9, 0xFF, 0x8F, 0x02, 0x00, 0x85, 0x30,
    0x1B, 0x00, 0x90, 0xFF, 0xAF, 0x03, 0x00, 0x88, 0x40, 0x02, 0x00, 0xF9, 0xFF, 0x04, 0x00, 0x10,
    0x02, 0x02, 0x00, 0x86, 0x90, 0xFF, 0x0C, 0x00, 0x40, 0xFC, 0x2A, 0x02, 0x00, 0x81, 0xF9, 0x8F,
    0x02, 0x00, 0x8A, 0xFA, 0xFF, 0x07, 0x00, 0x90, 0xFF, 0x06, 0x00, 0xF2, 0xFF, 0xBF, 0x02, 0x00,
    0x83, 0xF9, 0x5F, 0x00, 0x40, 0x02, 0xFF, 0x86, 0x0D, 0x00, 0x90, 0xFF, 0x04, 0x00, 0xF5, 0x02,
    0xFF, 0x85, 0x01, 0x00, 0xF9, 0x4F, 0x00, 0x50, 0x02, 0xFF, 0x86, 0x2F, 0x00, 0x90, 0xFF, 0x05,
    0x00, 0xF4, 0x02, 0xFF, 0x85, 0x01, 0x00, 0xF9, 0x6F, 0x00, 0x30, 0x02, 0xFF, 0x88, 0x0D, 0x00,
    0x90, 0xFF, 0x07, 0x00, 0xC0, 0xFF, 0xAF, 0x02, 0x00, 0x81, 0xF9, 0xAF, 0x02, 0x00, 0x8A, 0xF7,
    0xFF, 0x06, 0x00, 0x90, 0xFF, 0x2D, 0x00, 0x10, 0x97, 0x06, 0x02, 0x00, 0x82, 0xF9, 0xFF, 0x07,
    0x05, 0x00, 0x83, 0x90, 0xFF, 0xDF, 0x03, 0x02, 0x00, 0x8B, 0x60, 0x05, 0x00, 0xF9, 0xFF, 0xCF,
    0x05, 0x00, 0x71, 0x9F, 0x00, 0x90, 0x03, 0xFF, 0x81, 0xAC, 0xCA, 0x3F, 0xFF, 0x80, 0x0F, 0x3A,
    0xFF, 0x83, 0x9F, 0x46, 0x54, 0xD8, 0x03, 0xFF, 0x81, 0xCF, 0x04, 0x02, 0x00, 0x81, 0x20, 0xFA,
    0x02, 0xFF, 0x80, 0x3D, 0x04, 0x00, 0x80, 0xA1, 0x02, 0xFF, 0x99, 0x07, 0x00, 0x50, 0x36, 0x00,
    0x30, 0xFF, 0xDF, 0x02, 0x00, 0xF8, 0xCF, 0x03, 0x00, 0xFA, 0xAF, 0x00, 0x20, 0xFD, 0xFF, 0x07,
    0x00, 0xF6, 0x7F, 0x00, 0x50, 0x02, 0xFF, 0x85, 0x09, 0x00, 0xF5, 0x6F, 0x00, 0x30, 0x02, 0x66,
    0x83, 0x05, 0x00, 0xF4, 0x5F, 0x06, 0x00, 0x81, 0xF3, 0x5F, 0x06, 0x00, 0x83, 0xF3, 0x5F, 0x00,
    0x40, 0x04, 0x77, 0x83, 0xF8, 0x6F, 0x00, 0x50, 0x05, 0xFF, 0x82, 0x8F, 0x00, 0x30, 0x05, 0xFF,
    0x80, 0xBF, 0x02, 0x00, 0x80, 0xF8, 0x02, 0xFF, 0x80, 0xBF, 0x02, 0xFF, 0x85, 0x04, 0x00, 0x71,
    0xBA, 0x8A, 0x24, 0x02, 0xFF, 0x80, 0x1B, 0x04, 0x00, 0x80, 0x20, 0x02, 0xFF, 0x81, 0x9F, 0x01,
    0x03, 0x00, 0x80, 0x20, 0x03, 0xFF, 0x80, 0x5B, 0x03, 0x00, 0x80, 0x94, 0x04, 0xFF, 0x82, 0xAD,
    0xA9, 0xDB, 0x3A, 0xFF, 0x02, 0xFF, 0x86, 0xBF, 0x78, 0x97, 0xFC, 0xFF, 0xDF, 0x05, 0x02, 0x00,
    0x82, 0x80, 0xFF, 0x6F, 0x03, 0x00, 0x82, 0xB0, 0xFF, 0x0C, 0x03, 0x00, 0x8A, 0xF3, 0xFF, 0x09,
    0x00, 0x60, 0x9A, 0xF9, 0xFF, 0x07, 0x00, 0xD1, 0x03, 0xFF, 0x82, 0x07, 0x00, 0xF2, 0x02, 0xFF,
    0x86, 0xDF, 0x06, 0x00, 0x72, 0x77, 0xFC, 0x3A, 0x04, 0x00, 0x81, 0xFB, 0x06, 0x04, 0x00, 0x8A,
    0xFB, 0x26, 0x01, 0x00, 0x20, 0x22, 0xFB, 0xFF, 0x08, 0x00, 0xF2, 0x03, 0xFF, 0x82, 0x08, 0x00,
    0xF2, 0x03, 0xFF, 0x82, 0x08, 0x00, 0xF2, 0x03, 0xFF, 0x82, 0x08, 0x00, 0xF2, 0x03, 0xFF, 0x82,
    0x08, 0x00, 0xF2, 0x03, 0xFF, 0x82, 0x08, 0x00, 0xF2, 0x03, 0xFF, 0x82, 0x08, 0x00, 0xF2, 0x03,
    0xFF, 0x82, 0x08, 0x00, 0xF2, 0x03, 0xFF, 0x82, 0x08, 0x00, 0xF2, 0x03, 0xFF, 0x82, 0x08, 0x00,
    0xF2, 0x03, 0xFF, 0x82, 0x08, 0x00, 0xF2, 0x03, 0xFF, 0x82, 0x08, 0x00, 0xF2, 0x03, 0xFF, 0x82,
    0x08, 0x00, 0xF2, 0x03, 0xFF, 0x82, 0x08, 0x00, 0xF2, 0x32, 0xFF, 0x3D, 0xFF, 0x91, 0xBF, 0x46,
    0x64, 0xFC, 0x7A, 0x77, 0xFB, 0xFF, 0x8F, 0x01, 0x00, 0x20, 0x6B, 0x00, 0x90, 0xFF, 0xBF, 0x01,
    0x02, 0x00, 0x88, 0x30, 0x04, 0x00, 0xF9, 0xFF, 0x05, 0x00, 0x10, 0x02, 0x02, 0x00, 0x86, 0x90,
    0xFF, 0x0C, 0x00, 0x40, 0xFC, 0x2A, 0x02, 0x00, 0x81, 0xF9, 0x8F, 0x02, 0x00, 0x8A, 0xFA, 0xFF,
    0x07, 0x00, 0x90, 0xFF, 0x06, 0x00, 0xF2, 0xFF, 0xBF, 0x02, 0x00, 0x83, 0xF9, 0x5F, 0x00, 0x40,
    0x02, 0xFF, 0x86, 0x0D, 0x00, 0x90, 0xFF, 0x05, 0x00, 0xF5, 0x02, 0xFF, 0x85, 0x01, 0x00, 0xF9,
    0x4F, 0x00, 0x50, 0x02, 0xFF, 0x86, 0x2F, 0x00, 0x90, 0xFF, 0x05, 0x00, 0xF4, 0x02, 0xFF, 0x85,
    0x01, 0x00, 0xF9, 0x6F, 0x00, 0x30, 0x02, 0xFF, 0x88, 0x0D, 0x00, 0x90, 0xFF, 0x07, 0x00, 0xD1,
    0xFF, 0xAF, 0x02, 0x00, 0x81, 0xF9, 0xAF, 0x02, 0x00, 0x8A, 0xF8, 0xFF, 0x06, 0x00, 0x90, 0xFF,
    0x2D, 0x00, 0x10, 0x97, 0x06, 0x02, 0x00, 0x82, 0xF9, 0xFF, 0x07, 0x03, 0x00, 0x85, 0x12, 0x00,
    0x90, 0xFF, 0xDF, 0x03, 0x02, 0x00, 0x8B, 0x80, 0x01, 0x00, 0xF9, 0xFF, 0xCF, 0x05, 0x00, 0x71,
    0x0D, 0x00, 0x90, 0x03, 0xFF, 0x82, 0x9C, 0xDA, 0xCF, 0x02, 0x00, 0x80, 0xFA, 0x05, 0xFF, 0x84,
    0x0B, 0x00, 0xB0, 0xFF, 0xCF, 0x03, 0xFF, 0x8D, 0x7F, 0x00, 0x20, 0xFD, 0xFF, 0x53, 0xC9, 0xFF,
    0x7C, 0x01, 0x00, 0xF5, 0xFF, 0x3F, 0x02, 0x00, 0x80, 0x01, 0x02, 0x00, 0x80, 0xB1, 0x02, 0xFF,
    0x80, 0x03, 0x04, 0x00, 0x80, 0x80, 0x02, 0xFF, 0x80, 0x5F, 0x04, 0x00, 0x80, 0x92, 0x03, 0xFF,
    0x84, 0xCF, 0x68, 0x55, 0x76, 0xDA, 0x02, 0xFF, 0x80, 0x0F, 0x80, 0xDF, 0x02, 0x99, 0x80, 0xFC,
    0x05, 0xFF, 0x82, 0x0D, 0x00, 0x90, 0x05, 0xFF, 0x80, 0xDF, 0x02, 0x00, 0x80, 0xF9, 0x05, 0xFF,
    0x82, 0x0D, 0x00, 0x90, 0x05, 0xFF, 0x80, 0xDF, 0x02, 0x00, 0x80, 0xF9, 0x05, 0xFF, 0x82, 0x0D,
    0x00, 0x90, 0x05, 0xFF, 0x80, 0xDF, 0x02, 0x00, 0x80, 0xF9, 0x05, 0xFF, 0x88, 0x0D, 0x00, 0xA0,
    0x7D, 0x34, 0x75, 0xFD, 0xFF, 0xDF, 0x02, 0x00, 0x80, 0x4A, 0x02, 0x00, 0x85, 0x30, 0xFC, 0xFF,
    0x0D, 0x00, 0x50, 0x03, 0x00, 0x82, 0x50, 0xFF, 0xDF, 0x03, 0x00, 0x80, 0x10, 0x02, 0x00, 0x82,
    0xC0, 0xFF, 0x0D, 0x02, 0x00, 0x81, 0xD6, 0x6D, 0x02, 0x00, 0x81, 0xF8, 0xDF, 0x02, 0x00, 0x88,
    0xF3, 0xFF, 0x0C, 0x00, 0x70, 0xFF, 0x0D, 0x00, 0x60, 0x02, 0xFF, 0x83, 0x02, 0x00, 0xF6, 0xDF,
    0x02, 0x00, 0x88, 0xF7, 0xFF, 0x3F, 0x00, 0x60, 0xFF, 0x0D, 0x00, 0x80, 0x02, 0xFF, 0x83, 0x03,
    0x00, 0xF6, 0xDF, 0x02, 0x00, 0x88, 0xF9, 0xFF, 0x3F, 0x00, 0x60, 0xFF, 0x0D, 0x00, 0x90, 0x02,
    0xFF, 0x83, 0x03, 0x00, 0xF6, 0xDF, 0x02, 0x00, 0x88, 0xF9, 0xFF, 0x3F, 0x00, 0x60, 0xFF, 0x0D,
    0x00, 0x90, 0x02, 0xFF, 0x83, 0x03, 0x00, 0xF6, 0xDF, 0x02, 0x00, 0x88, 0xF9, 0xFF, 0x3F, 0x00,
    0x60, 0xFF, 0x0D, 0x00, 0x90, 0x02, 0xFF, 0x83, 0x03, 0x00, 0xF6, 0xDF, 0x02, 0x00, 0x88, 0xF9,
    0xFF, 0x3F, 0x00, 0x60, 0xFF, 0x0D, 0x00, 0x90, 0x02, 0xFF, 0x83, 0x03, 0x00, 0xF6, 0xDF, 0x02,
    0x00, 0x84, 0xF9, 0xFF, 0x3F, 0x00, 0x60, 0x44, 0xFF, 0x80, 0x0F, 0x82, 0xFF, 0xAD, 0xC9, 0x02,
    0xFF, 0x83, 0x04, 0x20, 0xFB, 0xBF, 0x02, 0x00, 0x81, 0xF7, 0xBF, 0x02, 0x00, 0x87, 0xF7, 0xFF,
    0x04, 0x20, 0xFB, 0xFF, 0xAD, 0xC9, 0x06, 0xFF, 0x02, 0x77, 0x81, 0xFB, 0xDF, 0x02, 0x00, 0x81,
    0xF9, 0xDF, 0x02, 0x00, 0x81, 0xF9, 0xDF, 0x02, 0x00, 0x81, 0xF9, 0xDF, 0x02, 0x00, 0x81, 0xF9,
    0xDF, 0x02, 0x00, 0x81, 0xF9, 0xDF, 0x02, 0x00, 0x81, 0xF9, 0xDF, 0x02, 0x00, 0x81, 0xF9, 0xDF,
    0x02, 0x00, 0x81, 0xF9, 0xDF, 0x02, 0x00, 0x81, 0xF9, 0xDF, 0x02, 0x00, 0x81, 0xF9, 0xDF, 0x02,
    0x00, 0x81, 0xF9, 0xDF, 0x02, 0x00, 0x81, 0xF9, 0xDF, 0x02, 0x00, 0x81, 0xF9, 0xDF, 0x02, 0x00,
    0x81, 0xF9, 0xDF, 0x02, 0x00, 0x81, 0xF9, 0xDF, 0x02, 0x00, 0x81, 0xF9, 0xDF, 0x02, 0x00, 0x80,
    0xF9, 0x20, 0xFF, 0x02, 0xFF, 0x81, 0xAD, 0xC9, 0x02, 0xFF, 0x83, 0x04, 0x20, 0xFF, 0xBF, 0x02,
    0x00, 0x81, 0xFF, 0xBF, 0x02, 0x00, 0x02, 0xFF, 0x81, 0x04, 0x20, 0x02, 0xFF, 0x81, 0xAD, 0xC9,
    0x06, 0xFF, 0x02, 0x77, 0x81, 0xFF, 0xDF, 0x02, 0x00, 0x81, 0xFF, 0xDF, 0x02, 0x00, 0x81, 0xFF,
    0xDF, 0x02, 0x00, 0x81, 0xFF, 0xDF, 0x02, 0x00, 0x81, 0xFF, 0xDF, 0x02, 0x00, 0x81, 0xFF, 0xDF,
    0x02, 0x00, 0x81, 0xFF, 0xDF, 0x02, 0x00, 0x81, 0xFF, 0xDF, 0x02, 0x00, 0x81, 0xFF, 0xDF, 0x02,
    0x00, 0x81, 0xFF, 0xDF, 0x02, 0x00, 0x81, 0xFF, 0xDF, 0x02, 0x00, 0x81, 0xFF, 0xDF, 0x02, 0x00,
    0x81, 0xFF, 0xDF, 0x02, 0x00, 0x81, 0xFF, 0xDF, 0x02, 0x00, 0x81, 0xFF, 0xDF, 0x02, 0x00, 0x81,
    0xFF, 0xDF, 0x02, 0x00, 0x81, 0xFF, 0xDF, 0x02, 0x00, 0x81, 0xFF, 0xDF, 0x02, 0x00, 0x81, 0xFF,
    0xDF, 0x02, 0x00, 0x81, 0xFF, 0xCF, 0x02, 0x00, 0x81, 0xBD, 0x6D, 0x02, 0x00, 0x80, 0x0B, 0x02,
    0x00, 0x81, 0x20, 0x0B, 0x02, 0x00, 0x81, 0x60, 0x0B, 0x02, 0x00, 0x84, 0xD5, 0x7D, 0x56, 0xA6,
    0xFF, 0x83, 0xFF, 0x9A, 0x99, 0xFC, 0x05, 0xFF, 0x82, 0x3F, 0x00, 0x80, 0x06, 0xFF, 0x82, 0x03,
    0x00, 0xF8, 0x05, 0xFF, 0x82, 0x3F, 0x00, 0x80, 0x06, 0xFF, 0x82, 0x03, 0x00, 0xF8, 0x05, 0xFF,
    0x82, 0x3F, 0x00, 0x80, 0x06, 0xFF, 0x82, 0x03, 0x00, 0xF8, 0x05, 0xFF, 0x82, 0x3F, 0x00, 0x80,
    0x02, 0xFF, 0x98, 0x7C, 0x77, 0xB7, 0xFF, 0x03, 0x00, 0xF8, 0xFF, 0x4D, 0x00, 0x30, 0xFD, 0x3F,
    0x00, 0x80, 0xFF, 0x6F, 0x00, 0x20, 0xFB, 0xFF, 0x03, 0x00, 0xF8, 0xAF, 0x02, 0x00, 0x88, 0xF9,
    0xFF, 0x3F, 0x00, 0x80, 0xCF, 0x02, 0x00, 0xF6, 0x02, 0xFF, 0x85, 0x03, 0x00, 0xF8, 0x05, 0x00,
    0xD3, 0x02, 0xFF, 0x85, 0x3F, 0x00, 0x90, 0x07, 0x00, 0xB2, 0x03, 0xFF, 0x84, 0x03, 0x00, 0x18,
    0x00, 0x90, 0x03, 0xFF, 0x82, 0x3F, 0x00, 0x20, 0x02, 0x00, 0x80, 0xF9, 0x03, 0xFF, 0x80, 0x03,
    0x03, 0x00, 0x81, 0x30, 0xFD, 0x02, 0xFF, 0x80, 0x3F, 0x02, 0x00, 0x82, 0x10, 0x00, 0x70, 0x03,
    0xFF, 0x85, 0x03, 0x00, 0x80, 0x08, 0x00, 0xC1, 0x02, 0xFF, 0x86, 0x3F, 0x00, 0x70, 0xDF, 0x03,
    0x00, 0xF5, 0x02, 0xFF, 0x83, 0x03, 0x00, 0xF8, 0x9F, 0x02, 0x00, 0x95, 0xFA, 0xFF, 0x3F, 0x00,
    0x80, 0xFF, 0x4F, 0x00, 0x30, 0xFD, 0xFF, 0x03, 0x00, 0xF8, 0xFF, 0x0A, 0x00, 0x80, 0xFF, 0x3F,
    0x00, 0x80, 0x02, 0xFF, 0x88, 0x05, 0x00, 0xC2, 0xFF, 0x03, 0x00, 0xF8, 0xFF, 0xBF, 0x02, 0x00,
    0x80, 0xF6, 0x43, 0xFF, 0x80, 0x0F, 0x80, 0xDF, 0x02, 0x99, 0x81, 0xFC, 0xDF, 0x02, 0x00, 0x81,
    0xF9, 0xDF, 0x02, 0x00, 0x81, 0xF9, 0xDF, 0x02, 0x00, 0x81, 0xF9, 0xDF, 0x02, 0x00, 0x81, 0xF9,
    0xDF, 0x02, 0x00, 0x81, 0xF9, 0xDF, 0x02, 0x00, 0x81, 0xF9, 0xDF, 0x02, 0x00, 0x81, 0xF9, 0xDF,
    0x02, 0x00, 0x81, 0xF9, 0xDF, 0x02, 0x00, 0x81, 0xF9, 0xDF, 0x02, 0x00, 0x81, 0xF9, 0xDF, 0x02,
    0x00, 0x81, 0xF9, 0xDF, 0x02, 0x00, 0x81, 0xF9, 0xDF, 0x02, 0x00, 0x81, 0xF9, 0xDF, 0x02, 0x00,
    0x81, 0xF9, 0xDF, 0x02, 0x00, 0x81, 0xF9, 0xDF, 0x02, 0x00, 0x81, 0xF9, 0xDF, 0x02, 0x00, 0x81,
    0xF9, 0xDF, 0x02, 0x00, 0x81, 0xF9, 0xDF, 0x02, 0x00, 0x81, 0xF9, 0xDF, 0x02, 0x00, 0x81, 0xF9,
    0xDF, 0x02, 0x00, 0x81, 0xF9, 0xDF, 0x02, 0x00, 0x81, 0xF9, 0xDF, 0x02, 0x00, 0x81, 0xF9, 0xDF,
    0x02, 0x00, 0x80, 0xF9, 0x20, 0xFF, 0x5B, 0xFF, 0x8A, 0xDF, 0x77, 0xA7, 0xDF, 0x47, 0x43, 0xD7,
    0xFF, 0x7C, 0x34, 0x85, 0x02, 0xFF, 0x83, 0xDF, 0x00, 0x60, 0x3C, 0x02, 0x00, 0x82, 0x30, 0xBD,
    0x02, 0x02, 0x00, 0x85, 0xD5, 0xFF, 0xDF, 0x00, 0x30, 0x04, 0x03, 0x00, 0x80, 0x36, 0x03, 0x00,
    0x82, 0x80, 0xFF, 0xDF, 0x03, 0x00, 0x80, 0x01, 0x03, 0x00, 0x80, 0x10, 0x02, 0x00, 0x82, 0x30,
    0xFF, 0xDF, 0x02, 0x00, 0x82, 0x70, 0xCD, 0x03, 0x02, 0x00, 0x81, 0xF8, 0x3C, 0x02, 0x00, 0x81,
    0xFD, 0xDF, 0x02, 0x00, 0x86, 0xF3, 0xFF, 0x08, 0x00, 0x40, 0xFF, 0x8F, 0x02, 0x00, 0x81, 0xFB,
    0xDF, 0x02, 0x00, 0x86, 0xF6, 0xFF, 0x0B, 0x00, 0x70, 0xFF, 0xAF, 0x02, 0x00, 0x81, 0xFB, 0xDF,
    0x02, 0x00, 0x86, 0xF7, 0xFF, 0x0C, 0x00, 0x90, 0xFF, 0xBF, 0x02, 0x00, 0x81, 0xFB, 0xDF, 0x02,
    0x00, 0x86, 0xF8, 0xFF, 0x0C, 0x00, 0xA0, 0xFF, 0xBF, 0x02, 0x00, 0x81, 0xFB, 0xDF, 0x02, 0x00,
    0x86, 0xF9, 0xFF, 0x0C, 0x00, 0xA0, 0xFF, 0xBF, 0x02, 0x00, 0x81, 0xFB, 0xDF, 0x02, 0x00, 0x86,
    0xF9, 0xFF, 0x0C, 0x00, 0xA0, 0xFF, 0xBF, 0x02, 0x00, 0x81, 0xFB, 0xDF, 0x02, 0x00, 0x86, 0xF9,
    0xFF, 0x0C, 0x00, 0xA0, 0xFF, 0xBF, 0x02, 0x00, 0x81, 0xFB, 0xDF, 0x02, 0x00, 0x86, 0xF9, 0xFF,
    0x0C, 0x00, 0xA0, 0xFF, 0xBF, 0x02, 0x00, 0x81, 0xFB, 0xDF, 0x02, 0x00, 0x86, 0xF9, 0xFF, 0x0C,
    0x00, 0xA0, 0xFF, 0xBF, 0x02, 0x00, 0x81, 0xFB, 0xDF, 0x02, 0x00, 0x86, 0xF9, 0xFF, 0x0C, 0x00,
    0xA0, 0xFF, 0xBF, 0x02, 0x00, 0x81, 0xFB, 0xDF, 0x02, 0x00, 0x86, 0xF9, 0xFF, 0x0C, 0x00, 0xA0,
    0xFF, 0xBF, 0x02, 0x00, 0x81, 0xFB, 0xDF, 0x02, 0x00, 0x86, 0xF9, 0xFF, 0x0C, 0x00, 0xA0, 0xFF,
    0xBF, 0x02, 0x00, 0x81, 0xFB, 0xDF, 0x02, 0x00, 0x86, 0xF9, 0xFF, 0x0C, 0x00, 0xA0, 0xFF, 0xBF,
    0x02, 0x00, 0x80, 0xFB, 0x68, 0xFF, 0x3C, 0xFF, 0x8B, 0x7D, 0x77, 0xFA, 0x7D, 0x34, 0x74, 0xFD,
    0xFF, 0xDF, 0x00, 0x60, 0x3C, 0x02, 0x00, 0x85, 0x30, 0xFC, 0xFF, 0x0D, 0x00, 0x53, 0x03, 0x00,
    0x82, 0x50, 0xFF, 0xDF, 0x03, 0x00, 0x80, 0x10, 0x02, 0x00, 0x82, 0xC0, 0xFF, 0x0D, 0x02, 0x00,
    0x81, 0xD7, 0x6D, 0x02, 0x00, 0x81, 0xF8, 0xDF, 0x02, 0x00, 0x88, 0xF3, 0xFF, 0x0C, 0x00, 0x70,
    0xFF, 0x0D, 0x00, 0x60, 0x02, 0xFF, 0x83, 0x03, 0x00, 0xF6, 0xDF, 0x02, 0x00, 0x88, 0xF7, 0xFF,
    0x4F, 0x00, 0x60, 0xFF, 0x0D, 0x00, 0x80, 0x02, 0xFF, 0x83, 0x04, 0x00, 0xF6, 0xDF, 0x02, 0x00,
    0x88, 0xF9, 0xFF, 0x4F, 0x00, 0x60, 0xFF, 0x0D, 0x00, 0x90, 0x02, 0xFF, 0x83, 0x04, 0x00, 0xF6,
    0xDF, 0x02, 0x00, 0x88, 0xF9, 0xFF, 0x4F, 0x00, 0x60, 0xFF, 0x0D, 0x00, 0x90, 0x02, 0xFF, 0x83,
    0x04, 0x00, 0xF6, 0xDF, 0x02, 0x00, 0x88, 0xF9, 0xFF, 0x4F, 0x00, 0x60, 0xFF, 0x0D, 0x00, 0x90,
    0x02, 0xFF, 0x83, 0x04, 0x00, 0xF6, 0xDF, 0x02, 0x00, 0x88, 0xF9, 0xFF, 0x4F, 0x00, 0x60, 0xFF,
    0x0D, 0x00, 0x90, 0x02, 0xFF, 0x83, 0x04, 0x00, 0xF6, 0xDF, 0x02, 0x00, 0x84, 0xF9, 0xFF, 0x4F,
    0x00, 0x60, 0x44, 0xFF, 0x80, 0x0F, 0x3E, 0xFF, 0x83, 0x6A, 0x34, 0x64, 0xFB, 0x03, 0xFF, 0x81,
    0xCF, 0x05, 0x03, 0x00, 0x80, 0xD6, 0x02, 0xFF, 0x81, 0xDF, 0x04, 0x04, 0x00, 0x80, 0xF5, 0x02,
    0xFF, 0x83, 0x07, 0x00, 0x20, 0x24, 0x02, 0x00, 0x8A, 0xF9, 0xFF, 0x2D, 0x00, 0x40, 0xFD, 0x3C,
    0x00, 0x30, 0xFF, 0xAF, 0x02, 0x00, 0x90, 0xFA, 0xFF, 0x0A, 0x00, 0xB0, 0xFF, 0x07, 0x00, 0xF2,
    0xFF, 0xDF, 0x01, 0x00, 0xF8, 0x5F, 0x00, 0x40, 0x02, 0xFF, 0x86, 0x3F, 0x00, 0x60, 0xFF, 0x05,
    0x00, 0xF5, 0x02, 0xFF, 0x85, 0x04, 0x00, 0xF6, 0x4F, 0x00, 0x50, 0x02, 0xFF, 0x86, 0x4F, 0x00,
    0x60, 0xFF, 0x05, 0x00, 0xF4, 0x02, 0xFF, 0x85, 0x03, 0x00, 0xF6, 0x6F, 0x00, 0x30, 0x02, 0xFF,
    0x88, 0x2F, 0x00, 0x70, 0xFF, 0x08, 0x00, 0xC0, 0xFF, 0xCF, 0x02, 0x00, 0x90, 0xFA, 0xCF, 0x01,
    0x00, 0xF7, 0xFF, 0x07, 0x00, 0xD1, 0xFF, 0x5F, 0x00, 0x10, 0xA7, 0x07, 0x00, 0x60, 0x02, 0xFF,
    0x80, 0x2C, 0x04, 0x00, 0x81, 0x20, 0xFC, 0x02, 0xFF, 0x80, 0x2A, 0x03, 0x00, 0x81, 0x10, 0xFA,
    0x03, 0xFF, 0x80, 0x5B, 0x02, 0x00, 0x81, 0x50, 0xFB, 0x04, 0xFF, 0x82, 0xCF, 0x9A, 0xCA, 0x3E,
    0xFF, 0x80, 0x0F, 0x3C, 0xFF, 0x85, 0x7D, 0x77, 0xFA, 0x8D, 0x34, 0x85, 0x02, 0xFF, 0x83, 0xDF,
    0x00, 0x40, 0x5D, 0x02, 0x00, 0x85, 0x50, 0xFD, 0xFF, 0x0D, 0x00, 0x61, 0x03, 0x00, 0x82, 0x70,
    0xFF, 0xDF, 0x03, 0x00, 0x80, 0x33, 0x02, 0x00, 0x82, 0xC1, 0xFF, 0x0D, 0x02, 0x00, 0x81, 0xF8,
    0x7F, 0x02, 0x00, 0x81, 0xF8, 0xDF, 0x02, 0x00, 0x88, 0xF4, 0xFF, 0x2D, 0x00, 0x50, 0xFF, 0x0D,
    0x00, 0x70, 0x02, 0xFF, 0x83, 0x05, 0x00, 0xF3, 0xDF, 0x02, 0x00, 0x88, 0xF8, 0xFF, 0x6F, 0x00,
    0x20, 0xFF, 0x0D, 0x00, 0x90, 0x02, 0xFF, 0x83, 0x07, 0x00, 0xF1, 0xDF, 0x02, 0x00, 0x82, 0xF9,
    0xFF, 0x7F, 0x02, 0x00, 0x83, 0xFF, 0x0D, 0x00, 0x80, 0x02, 0xFF, 0x83, 0x07, 0x00, 0xF1, 0xDF,
    0x02, 0x00, 0x88, 0xF7, 0xFF, 0x6F, 0x00, 0x30, 0xFF, 0x0D, 0x00, 0x50, 0x02, 0xFF, 0x83, 0x04,
    0x00, 0xF5, 0xDF, 0x02, 0x00, 0x86, 0xC2, 0xFF, 0x0B, 0x00, 0x70, 0xFF, 0x0D, 0x02, 0x00, 0x81,
    0x83, 0x38, 0x02, 0x00, 0x81, 0xFB, 0xDF, 0x02, 0x00, 0x80, 0x01, 0x03, 0x00, 0x85, 0xF4, 0xFF,
    0x0D, 0x00, 0x80, 0x01, 0x02, 0x00, 0x82, 0xB2, 0xFF, 0xDF, 0x02, 0x00, 0x83, 0xAA, 0x03, 0x00,
    0xB3, 0x02, 0xFF, 0x85, 0x0D, 0x00, 0x90, 0xDF, 0x9A, 0xFB, 0x02, 0xFF, 0x80, 0xDF, 0x02, 0x00,
    0x80, 0xF9, 0x05, 0xFF, 0x82, 0x0D, 0x00, 0x90, 0x05, 0xFF, 0x80, 0xDF, 0x02, 0x00, 0x80, 0xF9,
    0x05, 0xFF, 0x82, 0x0D, 0x00, 0x90, 0x05, 0xFF, 0x80, 0xDF, 0x02, 0x00, 0x80, 0xF9, 0x05, 0xFF,
    0x82, 0x0D, 0x00, 0x90, 0x05, 0xFF, 0x80, 0xDF, 0x02, 0x55, 0x80, 0xFA, 0x04, 0xFF, 0x80, 0x0F,
    0x3D, 0xFF, 0x91, 0xBF, 0x46, 0x64, 0xFC, 0x7A, 0x77, 0xFB, 0xFF, 0x8F, 0x01, 0x00, 0x20, 0x6B,
    0x00, 0x90, 0xFF, 0xBF, 0x01, 0x02, 0x00, 0x88, 0x30, 0x04, 0x00, 0xF9, 0xFF, 0x05, 0x00, 0x10,
    0x03, 0x02, 0x00, 0x86, 0x90, 0xFF, 0x0C, 0x00, 0x40, 0xFC, 0x2B, 0x02, 0x00, 0x81, 0xF9, 0x8F,
    0x02, 0x00, 0x8A, 0xFA, 0xFF, 0x07, 0x00, 0x90, 0xFF, 0x06, 0x00, 0xF2, 0xFF, 0xBF, 0x02, 0x00,
    0x83, 0xF9, 0x5F, 0x00, 0x40, 0x02, 0xFF, 0x86, 0x0D, 0x00, 0x90, 0xFF, 0x05, 0x00, 0xF5, 0x02,
    0xFF, 0x85, 0x01, 0x00, 0xF9, 0x4F, 0x00, 0x50, 0x02, 0xFF, 0x86, 0x2F, 0x00, 0x90, 0xFF, 0x05,
    0x00, 0xF4, 0x02, 0xFF, 0x85, 0x01, 0x00, 0xF9, 0x6F, 0x00, 0x30, 0x02, 0xFF, 0x88, 0x0D, 0x00,
    0x90, 0xFF, 0x07, 0x00, 0xD1, 0xFF, 0xAF, 0x02, 0x00, 0x81, 0xF9, 0xAF, 0x02, 0x00, 0x8A, 0xF8,
    0xFF, 0x05, 0x00, 0x90, 0xFF, 0x2D, 0x00, 0x10, 0x97, 0x05, 0x02, 0x00, 0x82, 0xF9, 0xFF, 0x07,
    0x03, 0x00, 0x85, 0x12, 0x00, 0x90, 0xFF, 0xDF, 0x03, 0x02, 0x00, 0x8B, 0x80, 0x02, 0x00, 0xF9,
    0xFF, 0xCF, 0x05, 0x00, 0x82, 0x0F, 0x00, 0x90, 0x03, 0xFF, 0x82, 0x9B, 0xDA, 0xDF, 0x02, 0x00,
    0x80, 0xF9, 0x05, 0xFF, 0x82, 0x0C, 0x00, 0x90, 0x05, 0xFF, 0x80, 0xCF, 0x02, 0x00, 0x80, 0xF9,
    0x05, 0xFF, 0x82, 0x0C, 0x00, 0x90, 0x05, 0xFF, 0x80, 0xCF, 0x02, 0x00, 0x80, 0xF9, 0x05, 0xFF,
    0x82, 0x0C, 0x00, 0x90, 0x05, 0xFF, 0x80, 0xCF, 0x02, 0x00, 0x80, 0xF9, 0x05, 0xFF, 0x83, 0x5D,
    0x55, 0xA5, 0x0F, 0x2B, 0xFF, 0x97, 0x77, 0xB7, 0xFF, 0x49, 0x74, 0xDF, 0x00, 0x60, 0x6F, 0x00,
    0x50, 0xDF, 0x00, 0x40, 0x09, 0x00, 0x60, 0xDF, 0x00, 0x10, 0x02, 0x00, 0x70, 0xDF, 0x03, 0x00,
    0x82, 0x53, 0x95, 0xDF, 0x02, 0x00, 0x83, 0x60, 0xFD, 0xFF, 0xDF, 0x02, 0x00, 0x80, 0xF3, 0x02,
    0xFF, 0x80, 0xDF, 0x02, 0x00, 0x80, 0xF7, 0x02, 0xFF, 0x80, 0xDF, 0x02, 0x00, 0x80, 0xF8, 0x02,
    0xFF, 0x80, 0xDF, 0x02, 0x00, 0x80, 0xF9, 0x02, 0xFF, 0x80, 0xDF, 0x02, 0x00, 0x80, 0xF9, 0x02,
    0xFF, 0x80, 0xDF, 0x02, 0x00, 0x80, 0xF9, 0x02, 0xFF, 0x80, 0xDF, 0x02, 0x00, 0x80, 0xF9, 0x02,
    0xFF, 0x80, 0xDF, 0x02, 0x00, 0x80, 0xF9, 0x02, 0xFF, 0x80, 0xDF, 0x02, 0x00, 0x80, 0xF9, 0x02,
    0xFF, 0x80, 0xDF, 0x02, 0x00, 0x80, 0xF9, 0x02, 0xFF, 0x80, 0xDF, 0x02, 0x00, 0x80, 0xF9, 0x02,
    0xFF, 0x80, 0xDF, 0x02, 0x00, 0x80, 0xF9, 0x32, 0xFF, 0x2F, 0xFF, 0x83, 0x7C, 0x35, 0x54, 0xB7,
    0x02, 0xFF, 0x80, 0x18, 0x03, 0x00, 0x82, 0x50, 0xFF, 0x0A, 0x04, 0x00, 0x90, 0xF6, 0x5F, 0x00,
    0x20, 0x66, 0x04, 0xA0, 0xFF, 0x02, 0x00, 0xF9, 0xFF, 0x6B, 0xFF, 0x2F, 0x00, 0x80, 0x04, 0xFF,
    0x83, 0x04, 0x00, 0x71, 0xFD, 0x02, 0xFF, 0x80, 0x7F, 0x02, 0x00, 0x81, 0x30, 0xF8, 0x02, 0xFF,
    0x80, 0x4D, 0x03, 0x00, 0x80, 0xB4, 0x02, 0xFF, 0x80, 0x5D, 0x03, 0x00, 0x80, 0xC2, 0x02, 0xFF,
    0x81, 0xAF, 0x04, 0x02, 0x00, 0x80, 0xF5, 0x03, 0xFF, 0x80, 0x29, 0x02, 0x00, 0x80, 0xFD, 0x03,
    0xFF, 0x86, 0x0A, 0x00, 0xB0, 0x8F, 0xFD, 0xFF, 0xBF, 0x02, 0x00, 0x87, 0xFB, 0x12, 0x85, 0x89,
    0x04, 0x00, 0xD1, 0x2F, 0x04, 0x00, 0x82, 0x60, 0xFF, 0x02, 0x03, 0x00, 0x83, 0x30, 0xFC, 0x7F,
    0x03, 0x02, 0x00, 0x81, 0x61, 0xFC, 0x02, 0xFF, 0x82, 0xAC, 0x9A, 0xDA, 0x2F, 0xFF, 0x80, 0x0F,
    0x13, 0xFF, 0x82, 0xDF, 0xBB, 0xFC, 0x03, 0xFF, 0x82, 0x8F, 0x00, 0xF5, 0x03, 0xFF, 0x82, 0x5F,
    0x00, 0xF5, 0x03, 0xFF, 0x82, 0x1D, 0x00, 0xF5, 0x03, 0xFF, 0x85, 0x08, 0x00, 0x73, 0x77, 0xFA,
    0x4B, 0x04, 0x00, 0x81, 0xF6, 0x07, 0x04, 0x00, 0x8A, 0xF6, 0x27, 0x01, 0x00, 0x21, 0x22, 0xF6,
    0xFF, 0x06, 0x00, 0xF5, 0x03, 0xFF, 0x82, 0x06, 0x00, 0xF5, 0x03, 0xFF, 0x82, 0x06, 0x00, 0xF5,
    0x03, 0xFF, 0x82, 0x06, 0x00, 0xF5, 0x03, 0xFF, 0x82, 0x06, 0x00, 0xF5, 0x03, 0xFF, 0x82, 0x06,
    0x00, 0xF5, 0x03, 0xFF, 0x82, 0x06, 0x00, 0xF5, 0x03, 0xFF, 0x82, 0x06, 0x00, 0xF5, 0x03, 0xFF,
    0x82, 0x06, 0x00, 0xF5, 0x03, 0xFF, 0x82, 0x06, 0x00, 0xF4, 0x03, 0xFF, 0x86, 0x07, 0x00, 0x60,
    0x79, 0xF6, 0xFF, 0x0A, 0x03, 0x00, 0x82, 0xF4, 0xFF, 0x4F, 0x03, 0x00, 0x86, 0xF4, 0xFF, 0xCF,
    0x04, 0x00, 0x10, 0xF7, 0x02, 0xFF, 0x82, 0xCF, 0xAA, 0xDB, 0x2B, 0xFF, 0x3C, 0xFF, 0x82, 0x7D,
    0x77, 0xB7, 0x02, 0xFF, 0x83, 0x78, 0x77, 0xFA, 0xCF, 0x02, 0x00, 0x88, 0xFA, 0xFF, 0x3F, 0x00,
    0x70, 0xFF, 0x0C, 0x00, 0xA0, 0x02, 0xFF, 0x83, 0x03, 0x00, 0xF7, 0xCF, 0x02, 0x00, 0x88, 0xFA,
    0xFF, 0x3F, 0x00, 0x70, 0xFF, 0x0C, 0x00, 0xA0, 0x02, 0xFF, 0x83, 0x03, 0x00, 0xF7, 0xCF, 0x02,
    0x00, 0x88, 0xFA, 0xFF, 0x3F, 0x00, 0x70, 0xFF, 0x0C, 0x00, 0xA0, 0x02, 0xFF, 0x83, 0x03, 0x00,
    0xF7, 0xCF, 0x02, 0x00, 0x88, 0xFA, 0xFF, 0x3F, 0x00, 0x70, 0xFF, 0x0C, 0x00, 0xA0, 0x02, 0xFF,
    0x83, 0x03, 0x00, 0xF7, 0xCF, 0x02, 0x00, 0x88, 0xFA, 0xFF, 0x3F, 0x00, 0x70, 0xFF, 0x0C, 0x00,
    0xA0, 0x02, 0xFF, 0x83, 0x02, 0x00, 0xF7, 0xCF, 0x02, 0x00, 0x8A, 0xF9, 0xFF, 0x1D, 0x00, 0x70,
    0xFF, 0x0C, 0x00, 0x80, 0xFF, 0xAF, 0x02, 0x00, 0x8A, 0xF7, 0xDF, 0x01, 0x00, 0xF5, 0xFF, 0x05,
    0x00, 0x70, 0xFF, 0x4F, 0x02, 0x00, 0x81, 0x75, 0x04, 0x02, 0x00, 0x82, 0xF7, 0xFF, 0x07, 0x03,
    0x00, 0x85, 0x20, 0x00, 0x70, 0xFF, 0xDF, 0x03, 0x02, 0x00, 0x8B, 0x30, 0x09, 0x00, 0xF7, 0xFF,
    0xCF, 0x05, 0x00, 0x50, 0xDC, 0x01, 0x70, 0x03, 0xFF, 0x81, 0xAC, 0xCA, 0x3F, 0xFF, 0x80, 0x0F,
    0x38, 0xFF, 0x82, 0x78, 0x77, 0xF9, 0x02, 0xFF, 0x85, 0x7C, 0x77, 0xB7, 0x06, 0x00, 0xF3, 0x02,
    0xFF, 0x85, 0x07, 0x00, 0xC1, 0x09, 0x00, 0xC0, 0x02, 0xFF, 0x85, 0x05, 0x00, 0xF4, 0x1D, 0x00,
    0x90, 0x02, 0xFF, 0x87, 0x02, 0x00, 0xF7, 0x5F, 0x00, 0x60, 0xFF, 0xAF, 0x02, 0x00, 0x89, 0xFB,
    0x8F, 0x00, 0x30, 0xFF, 0x7F, 0x00, 0x30, 0xFF, 0xCF, 0x02, 0x00, 0x83, 0xFC, 0x5F, 0x00, 0x70,
    0x02, 0xFF, 0x85, 0x03, 0x00, 0xF9, 0x1D, 0x00, 0xA0, 0x02, 0xFF, 0x85, 0x07, 0x00, 0xF6, 0x0A,
    0x00, 0xF2, 0x02, 0xFF, 0x85, 0x0B, 0x00, 0xF3, 0x07, 0x00, 0xF6, 0x02, 0xFF, 0x85, 0x2F, 0x00,
    0xC0, 0x04, 0x00, 0xF9, 0x02, 0xFF, 0x85, 0x6F, 0x00, 0x90, 0x02, 0x10, 0xFD, 0x02, 0xFF, 0x84,
    0x9F, 0x00, 0x60, 0x00, 0x50, 0x03, 0xFF, 0x84, 0xDF, 0x01, 0x20, 0x00, 0x80, 0x04, 0xFF, 0x80,
    0x05, 0x02, 0x00, 0x80, 0xC0, 0x04, 0xFF, 0x80, 0x08, 0x02, 0x00, 0x80, 0xF4, 0x04, 0xFF, 0x80,
    0x0C, 0x02, 0x00, 0x80, 0xF7, 0x04, 0xFF, 0x80, 0x4F, 0x02, 0x00, 0x80, 0xFB, 0x42, 0xFF, 0x54,
    0xFF, 0x84, 0x79, 0x77, 0xFA, 0xFF, 0x9F, 0x02, 0x77, 0x89, 0xFC, 0xFF, 0x7D, 0x77, 0xC7, 0x06,
    0x00, 0xF4, 0xFF, 0x3F, 0x02, 0x00, 0x89, 0xF8, 0xFF, 0x0A, 0x00, 0xD1, 0x09, 0x00, 0xF2, 0xFF,
    0x0C, 0x02, 0x00, 0x89, 0xF6, 0xFF, 0x07, 0x00, 0xF4, 0x0C, 0x00, 0xB0, 0xFF, 0x09, 0x02, 0x00,
    0xA9, 0xF4, 0xFF, 0x05, 0x00, 0xF7, 0x3F, 0x00, 0x80, 0xFF, 0x07, 0x40, 0x00, 0xF2, 0xFF, 0x02,
    0x00, 0xFA, 0x6F, 0x00, 0x60, 0xFF, 0x05, 0x80, 0x01, 0xB0, 0xBF, 0x00, 0x10, 0xFD, 0x8F, 0x00,
    0x30, 0xFF, 0x02, 0xB0, 0x04, 0x80, 0x8F, 0x00, 0x40, 0xFF, 0xBF, 0x02, 0x00, 0x87, 0xCC, 0x00,
    0xD1, 0x06, 0x60, 0x6F, 0x00, 0x60, 0x02, 0xFF, 0x89, 0x02, 0x00, 0x9A, 0x00, 0xF4, 0x09, 0x40,
    0x3F, 0x00, 0xA0, 0x02, 0xFF, 0x89, 0x05, 0x00, 0x78, 0x00, 0xF6, 0x0B, 0x20, 0x1D, 0x00, 0xD0,
    0x02, 0xFF, 0x89, 0x08, 0x00, 0x66, 0x00, 0xF8, 0x2F, 0x00, 0x0B, 0x00, 0xF4, 0x02, 0xFF, 0x89,
    0x0B, 0x00, 0x45, 0x00, 0xFB, 0x4F, 0x00, 0x07, 0x00, 0xF6, 0x02, 0xFF, 0x89, 0x2F, 0x00, 0x33,
    0x00, 0xFD, 0x6F, 0x00, 0x05, 0x00, 0xF9, 0x02, 0xFF, 0x89, 0x5F, 0x00, 0x22, 0x30, 0xFF, 0x7F,
    0x00, 0x02, 0x00, 0xFC, 0x02, 0xFF, 0x80, 0x7F, 0x02, 0x00, 0x82, 0x40, 0xFF, 0x9F, 0x02, 0x00,
    0x80, 0x30, 0x03, 0xFF, 0x80, 0xAF, 0x02, 0x00, 0x82, 0x60, 0xFF, 0xAF, 0x02, 0x00, 0x80, 0x60,
    0x03, 0xFF, 0x85, 0xDF, 0x02, 0x00, 0x70, 0xFF, 0xCF, 0x02, 0x00, 0x80, 0x90, 0x04, 0xFF, 0x82,
    0x04, 0x00, 0x90, 0x02, 0xFF, 0x82, 0x02, 0x00, 0xC0, 0x62, 0xFF, 0x34, 0xFF, 0x80, 0xAF, 0x02,
    0x77, 0x89, 0xFC, 0xFF, 0x7D, 0x77, 0xA7, 0x0B, 0x00, 0x70, 0xFF, 0x7F, 0x02, 0x00, 0x95, 0xFA,
    0x05, 0x00, 0xD2, 0xDF, 0x02, 0x00, 0xF5, 0xBF, 0x01, 0x00, 0xF8, 0x08, 0x00, 0xB0, 0xFF, 0x6F,
    0x00, 0x30, 0x3D, 0x00, 0x50, 0x02, 0xFF, 0x85, 0x1C, 0x00, 0x50, 0x00, 0x10, 0xFB, 0x02, 0xFF,
    0x80, 0x06, 0x03, 0x00, 0x80, 0xF6, 0x02, 0xFF, 0x81, 0xCF, 0x02, 0x02, 0x00, 0x80, 0xC1, 0x03,
    0xFF, 0x80, 0x7F, 0x02, 0x00, 0x80, 0x60, 0x04, 0xFF, 0x80, 0x07, 0x02, 0x00, 0x80, 0xF7, 0x03,
    0xFF, 0x80, 0x2D, 0x02, 0x00, 0x81, 0x20, 0xFC, 0x02, 0xFF, 0x80, 0x7F, 0x03, 0x00, 0x80, 0x70,
    0x02, 0xFF, 0x85, 0xCF, 0x02, 0x00, 0x05, 0x00, 0xC2, 0x02, 0xFF, 0xA4, 0x06, 0x00, 0xD3, 0x02,
    0x00, 0xF6, 0xFF, 0x1C, 0x00, 0x80, 0x7F, 0x00, 0x10, 0xFC, 0x6F, 0x00, 0x20, 0xFD, 0x2C, 0x00,
    0x60, 0xCF, 0x01, 0x00, 0xF7, 0xFF, 0x07, 0x00, 0xB1, 0x06, 0x00, 0xC1, 0xFF, 0xCF, 0x01, 0x00,
    0xF5, 0x3B, 0xFF, 0x80, 0x0F, 0x38, 0xFF, 0x82, 0x78, 0x77, 0xF9, 0x02, 0xFF, 0x85, 0x7C, 0x77,
    0xB7, 0x06, 0x00, 0xF2, 0x02, 0xFF, 0x85, 0x08, 0x00, 0xC1, 0x09, 0x00, 0xB0, 0x02, 0xFF, 0x85,
    0x05, 0x00, 0xF4, 0x2D, 0x00, 0x70, 0x02, 0xFF, 0x87, 0x02, 0x00, 0xF7, 0x5F, 0x00, 0x50, 0xFF,
    0xBF, 0x02, 0x00, 0x8F, 0xFB, 0x9F, 0x00, 0x10, 0xFD, 0x7F, 0x00, 0x30, 0xFF, 0xDF, 0x01, 0x00,
    0xFA, 0x5F, 0x00, 0x70, 0x02, 0xFF, 0x85, 0x05, 0x00, 0xF6, 0x2D, 0x00, 0xA0, 0x02, 0xFF, 0x85,
    0x09, 0x00, 0xF3, 0x0A, 0x00, 0xF2, 0x02, 0xFF, 0x85, 0x1D, 0x00, 0xC0, 0x07, 0x00, 0xF6, 0x02,
    0xFF, 0x85, 0x5F, 0x00, 0x90, 0x05, 0x00, 0xF9, 0x02, 0xFF, 0x85, 0x8F, 0x00, 0x70, 0x02, 0x10,
    0xFD, 0x02, 0xFF, 0x84, 0xCF, 0x00, 0x30, 0x00, 0x50, 0x04, 0xFF, 0x80, 0x04, 0x02, 0x00, 0x80,
    0x80, 0x04, 0xFF, 0x80, 0x08, 0x02, 0x00, 0x80, 0xC0, 0x04, 0xFF, 0x80, 0x0C, 0x02, 0x00, 0x80,
    0xF4, 0x04, 0xFF, 0x80, 0x4F, 0x02, 0x00, 0x80, 0xF7, 0x04, 0xFF, 0x80, 0x7F, 0x02, 0x00, 0x80,
    0xFB, 0x04, 0xFF, 0x82, 0x7F, 0x00, 0x30, 0x05, 0xFF, 0x82, 0x3F, 0x00, 0x60, 0x05, 0xFF, 0x82,
    0x0A, 0x00, 0xA0, 0x03, 0xFF, 0x84, 0xBF, 0xAC, 0x03, 0x00, 0xF3, 0x03, 0xFF, 0x80, 0x3F, 0x03,
    0x00, 0x80, 0xF8, 0x03, 0xFF, 0x80, 0x3F, 0x02, 0x00, 0x80, 0x40, 0x04, 0xFF, 0x80, 0x3F, 0x02,
    0x00, 0x80, 0xC4, 0x04, 0xFF, 0x82, 0x8F, 0x55, 0xA6, 0x05, 0xFF, 0x2E, 0xFF, 0x05, 0x77, 0x81,
    0xF8, 0x2F, 0x04, 0x00, 0x82, 0x30, 0xFF, 0x02, 0x04, 0x00, 0x81, 0xF3, 0x2F, 0x04, 0x00, 0x81,
    0x40, 0xFF, 0x02, 0xCC, 0x80, 0x8C, 0x02, 0x00, 0x80, 0xFA, 0x02, 0xFF, 0x83, 0xDF, 0x03, 0x00,
    0xF5, 0x03, 0xFF, 0x82, 0x08, 0x00, 0xB1, 0x03, 0xFF, 0x82, 0x2D, 0x00, 0x60, 0x03, 0xFF, 0x83,
    0x7F, 0x00, 0x20, 0xFC, 0x02, 0xFF, 0x83, 0xCF, 0x02, 0x00, 0xF7, 0x03, 0xFF, 0x82, 0x06, 0x00,
    0xD2, 0x03, 0xFF, 0x82, 0x0B, 0x00, 0x80, 0x03, 0xFF, 0x83, 0x5F, 0x00, 0x30, 0xFD, 0x02, 0xFF,
    0x80, 0xAF, 0x02, 0x00, 0x80, 0xF9, 0x03, 0xFF, 0x82, 0x03, 0x00, 0x61, 0x02, 0x66, 0x81, 0xD6,
    0x0A, 0x05, 0x00, 0x80, 0xAC, 0x05, 0x00, 0x81, 0xC0, 0x0A, 0x05, 0x00, 0x80, 0xFC, 0x33, 0xFF,
    0x80, 0x0F, 0x0E, 0xFF, 0x83, 0xCF, 0x57, 0x34, 0xF9, 0x02, 0xFF, 0x80, 0x1A, 0x02, 0x00, 0x80,
    0xF9, 0x02, 0xFF, 0x80, 0x04, 0x02, 0x00, 0x82, 0xF9, 0xFF, 0xDF, 0x02, 0x00, 0x83, 0x63, 0xFB,
    0xFF, 0xCF, 0x02, 0x00, 0x80, 0xFC, 0x02, 0xFF, 0x82, 0xCF, 0x00, 0x20, 0x03, 0xFF, 0x82, 0xCF,
    0x00, 0x20, 0x03, 0xFF, 0x82, 0xCF, 0x00, 0x20, 0x03, 0xFF, 0x82, 0xCF, 0x00, 0x20, 0x03, 0xFF,
    0x82, 0xCF, 0x00, 0x20, 0x03, 0xFF, 0x82, 0xBF, 0x00, 0x20, 0x03, 0xFF, 0x82, 0x5D, 0x00, 0x40,
    0x02, 0xFF, 0x83, 0x58, 0x03, 0x00, 0x80, 0x02, 0xFF, 0x83, 0x06, 0x00, 0x30, 0xF8, 0x02, 0xFF,
    0x83, 0x06, 0x00, 0x62, 0xFB, 0x02, 0xFF, 0x80, 0x26, 0x02, 0x00, 0x80, 0xA1, 0x03, 0xFF, 0x82,
    0x3B, 0x00, 0x50, 0x03, 0xFF, 0x82, 0xAF, 0x00, 0x20, 0x03, 0xFF, 0x82, 0xCF, 0x00, 0x20, 0x03,
    0xFF, 0x82, 0xCF, 0x00, 0x20, 0x03, 0xFF, 0x82, 0xCF, 0x00, 0x20, 0x03, 0xFF, 0x82, 0xCF, 0x00,
    0x20, 0x03, 0xFF, 0x82, 0xCF, 0x00, 0x20, 0x03, 0xFF, 0x83, 0xCF, 0x00, 0x10, 0xFD, 0x02, 0xFF,
    0x80, 0xDF, 0x02, 0x00, 0x81, 0x84, 0xFC, 0x02, 0xFF, 0x80, 0x03, 0x02, 0x00, 0x80, 0xF9, 0x02,
    0xFF, 0x80, 0x08, 0x02, 0x00, 0x80, 0xF9, 0x02, 0xFF, 0x83, 0xAF, 0x25, 0x00, 0xF9, 0x04, 0xFF,
    0x81, 0xCD, 0xFD, 0x0C, 0xFF, 0x02, 0xFF, 0x82, 0xCF, 0x88, 0xB8, 0x05, 0xFF, 0x82, 0x0A, 0x00,
    0xF9, 0x04, 0xFF, 0x82, 0xAF, 0x00, 0x90, 0x05, 0xFF, 0x82, 0x0A, 0x00, 0xF9, 0x04, 0xFF, 0x82,
    0xAF, 0x00, 0x90, 0x05, 0xFF, 0x82, 0x0A, 0x00, 0xF9, 0x04, 0xFF, 0x82, 0xAF, 0x00, 0x90, 0x05,
    0xFF, 0x82, 0x0A, 0x00, 0xF9, 0x04, 0xFF, 0x82, 0xAF, 0x00, 0x90, 0x05, 0xFF, 0x82, 0x0A, 0x00,
    0xF9, 0x04, 0xFF, 0x82, 0xAF, 0x00, 0x90, 0x05, 0xFF, 0x82, 0x0A, 0x00, 0xF9, 0x04, 0xFF, 0x82,
    0xAF, 0x00, 0x90, 0x05, 0xFF, 0x82, 0x0A, 0x00, 0xF9, 0x04, 0xFF, 0x82, 0xAF, 0x00, 0x90, 0x05,
    0xFF, 0x82, 0x0A, 0x00, 0xF9, 0x04, 0xFF, 0x82, 0xAF, 0x00, 0x90, 0x05, 0xFF, 0x82, 0x0A, 0x00,
    0xF9, 0x04, 0xFF, 0x82, 0xAF, 0x00, 0x90, 0x05, 0xFF, 0x82, 0x0A, 0x00, 0xF9, 0x04, 0xFF, 0x82,
    0xAF, 0x00, 0x90, 0x05, 0xFF, 0x82, 0x0A, 0x00, 0xF9, 0x04, 0xFF, 0x82, 0xAF, 0x00, 0x90, 0x05,
    0xFF, 0x82, 0x0A, 0x00, 0xF9, 0x04, 0xFF, 0x82, 0xAF, 0x00, 0x90, 0x05, 0xFF, 0x82, 0x0A, 0x00,
    0xF9, 0x04, 0xFF, 0x82, 0xAF, 0x00, 0x90, 0x05, 0xFF, 0x82, 0x0A, 0x00, 0xF9, 0x04, 0xFF, 0x82,
    0xAF, 0x00, 0x90, 0x05, 0xFF, 0x82, 0x0A, 0x00, 0xF9, 0x04, 0xFF, 0x82, 0xAF, 0x00, 0x90, 0x05,
    0xFF, 0x82, 0x0A, 0x00, 0xF9, 0x04, 0xFF, 0x82, 0xCF, 0x88, 0xB8, 0x02, 0xFF, 0x80, 0x0F, 0x0C,
    0xFF, 0x82, 0x5F, 0x43, 0x96, 0x03, 0xFF, 0x80, 0x3F, 0x02, 0x00, 0x80, 0xF5, 0x02, 0xFF, 0x80,
    0x3F, 0x02, 0x00, 0x80, 0x90, 0x02, 0xFF, 0x83, 0x8F, 0x05, 0x00, 0x60, 0x03, 0xFF, 0x82, 0x6F,
    0x00, 0x60, 0x03, 0xFF, 0x82, 0x8F, 0x00, 0x60, 0x03, 0xFF, 0x82, 0x9F, 0x00, 0x60, 0x03, 0xFF,
    0x82, 0x9F, 0x00, 0x60, 0x03, 0xFF, 0x82, 0x9F, 0x00, 0x60, 0x03, 0xFF, 0x82, 0x9F, 0x00, 0x60,
    0x03, 0xFF, 0x82, 0x9F, 0x00, 0x50, 0x03, 0xFF, 0x83, 0xAF, 0x00, 0x10, 0xFA, 0x03, 0xFF, 0x83,
    0x03, 0x00, 0x40, 0xC6, 0x02, 0xFF, 0x83, 0x5C, 0x02, 0x00, 0xB0, 0x02, 0xFF, 0x83, 0x8D, 0x04,
    0x00, 0xB0, 0x02, 0xFF, 0x85, 0x05, 0x00, 0x10, 0xB3, 0xFF, 0xBF, 0x02, 0x00, 0x80, 0xD7, 0x02,
    0xFF, 0x82, 0x9F, 0x00, 0x40, 0x03, 0xFF, 0x82, 0x9F, 0x00, 0x60, 0x03, 0xFF, 0x82, 0x9F, 0x00,
    0x60, 0x03, 0xFF, 0x82, 0x9F, 0x00, 0x60, 0x03, 0xFF, 0x82, 0x9F, 0x00, 0x60, 0x03, 0xFF, 0x82,
    0x8F, 0x00, 0x60, 0x03, 0xFF, 0x82, 0x7F, 0x00, 0x60, 0x02, 0xFF, 0x83, 0xAF, 0x27, 0x00, 0x60,
    0x02, 0xFF, 0x80, 0x3F, 0x02, 0x00, 0x80, 0x80, 0x02, 0xFF, 0x80, 0x3F, 0x02, 0x00, 0x80, 0xD3,
    0x02, 0xFF, 0x83, 0x3F, 0x10, 0x63, 0xFC, 0x02, 0xFF, 0x81, 0xCF, 0xFC, 0x10, 0xFF, 0x59, 0xFF,
    0x83, 0x48, 0x33, 0x96, 0xFD, 0x02, 0xFF, 0x81, 0xF7, 0x5F, 0x03, 0x00, 0x84, 0x73, 0xCB, 0x5A,
    0xF2, 0x0D, 0x06, 0x00, 0x84, 0xF2, 0x0D, 0x61, 0x57, 0x02, 0x03, 0x00, 0x89, 0xF3, 0x4D, 0xFC,
    0xFF, 0x8D, 0x04, 0x00, 0x40, 0xFB, 0xDD, 0x03, 0xFF, 0x82, 0xCF, 0x9A, 0xFB, 0x7F, 0xFF, 0x02,
    0xFF,
};
// clang-format on
