// Copyright 2026 QMK -- generated source code only, image retains original copyright
// SPDX-License-Identifier: GPL-2.0-or-later

// This file was auto-generated by `painter_convert_graphics` with arguments:
//    format | pal16
//    output | images
//    input  | cyberpunk_4_3_ansi_win_320x240.png

// Image's metadata
// ----------------
// Width: 320
// Height: 240
// Single frame

#include <qp.h>

const uint32_t gfx_cyberpunk_4_3_ansi_win_320x240_length = 17542;

// clang-format off
const uint8_t gfx_cyberpunk_4_3_ansi_win_320x240[17542] = {
    0x00, 0xFF, 0x12, 0x00, 0x00, 0x51, 0x47, 0x46, 0x01, 0x86, 0x44, 0x00, 0x00, 0x79, 0xBB, 0xFF,
    0xFF, 0x40, 0x01, 0xF0, 0x00, 0x01, 0x00, 0x01, 0xFE, 0x04, 0x00, 0x00, 0x20, 0x00, 0x00, 0x00,
    0x02, 0xFD, 0x06, 0x00, 0x00, 0x06, 0x00, 0x01, 0xFF, 0xE8, 0x03, 0x03, 0xFC, 0x30, 0x00, 0x00,
    0xD4, 0x0C, 0xFE, 0xD5, 0x4D, 0xFC, 0xD3, 0x4D, 0xFB, 0x80, 0x67, 0xE2, 0xDA, 0x6D, 0xFD, 0xD5,
    0x76, 0xFD, 0xD7, 0x88, 0xFE, 0xCF, 0x80, 0xEF, 0xCC, 0xD6, 0xD7, 0xD7, 0xF0, 0xE9, 0xCE, 0xF4,
    0xC4, 0xBA, 0x3F, 0x34, 0x7F, 0x12, 0x1C, 0xC8, 0xE5, 0x6F, 0x94, 0x19, 0x14, 0xAB, 0xD3, 0x23,
    0x05, 0xFA, 0x21, 0x44, 0x00, 0x0D, 0xEE, 0x80, 0xCB, 0x11, 0xEE, 0x81, 0xDF, 0xEF, 0x0A, 0xEE,
    0x81, 0xCE, 0xEC, 0x0B, 0xEE, 0x84, 0xCC, 0xEC, 0xDE, 0xDA, 0xFF, 0x03, 0xEE, 0x81, 0xFE, 0xBD,
    0x17, 0xCC, 0x81, 0xEC, 0xCE, 0x02, 0xCC, 0x83, 0xEC, 0xEE, 0xAB, 0xEA, 0x05, 0xEE, 0x82, 0xCE,
    0xCC, 0xEC, 0x28, 0xEE, 0x81, 0xCE, 0xEC, 0x02, 0xEE, 0x81, 0xDC, 0xED, 0x16, 0xEE, 0x80, 0xCB,
    0x11, 0xEE, 0x81, 0xDF, 0xEF, 0x0A, 0xEE, 0x81, 0xCE, 0xEC, 0x0B, 0xEE, 0x84, 0xCC, 0xEC, 0xDE,
    0xDA, 0xFF, 0x03, 0xEE, 0x81, 0xFE, 0xBD, 0x17, 0xCC, 0x81, 0xEC, 0xCE, 0x02, 0xCC, 0x83, 0xEC,
    0xEE, 0xAB, 0xEA, 0x05, 0xEE, 0x82, 0xCE, 0xCC, 0xEC, 0x28, 0xEE, 0x81, 0xCE, 0xEC, 0x02, 0xEE,
    0x81, 0xDC, 0xED, 0x16, 0xEE, 0x80, 0xCB, 0x11, 0xEE, 0x81, 0xDF, 0xEF, 0x0A, 0xEE, 0x81, 0xCE,
    0xEC, 0x0B, 0xEE, 0x84, 0xCC, 0xEC, 0xDE, 0xDA, 0xFF, 0x03, 0xEE, 0x81, 0xFE, 0xBD, 0x17, 0xCC,
    0x81, 0xEC, 0xCE, 0x02, 0xCC, 0x83, 0xEC, 0xEE, 0xAB, 0xEA, 0x05, 0xEE, 0x82, 0xCE, 0xCC, 0xEC,
    0x28, 0xEE, 0x81, 0xCE, 0xEC, 0x02, 0xEE, 0x81, 0xDC, 0xED, 0x16, 0xEE, 0x80, 0xCB, 0x11, 0xEE,
    0x81, 0xDF, 0xEF, 0x0A, 0xEE, 0x81, 0xCE, 0xEC, 0x0B, 0xEE, 0x84, 0xCC, 0xEC, 0xDE, 0xDA, 0xFF,
    0x03, 0xEE, 0x81, 0xFE, 0xBD, 0x17, 0xCC, 0x81, 0xEC, 0xCE, 0x02, 0xCC, 0x83, 0xEC, 0xEE, 0xAB,
    0xEA, 0x05, 0xEE, 0x82, 0xCE, 0xCC, 0xEC, 0x28, 0xEE, 0x81, 0xCE, 0xEC, 0x02, 0xEE, 0x81, 0xDC,
    0xED, 0x15, 0xEE, 0x80, 0xBC, 0x10, 0xEE, 0x82, 0xDB, 0xAD, 0xCD, 0x04, 0xCC, 0x82, 0xEC, 0xEE,
    0xCE, 0x12, 0xCC, 0x82, 0xDC, 0xAA, 0xD8, 0x02, 0xEE, 0x82, 0xBE, 0xDA, 0xEE, 0x04, 0xCC, 0x81,
    0xFF, 0xDD, 0x17, 0xCC, 0x82, 0xDB, 0xDD, 0xEF, 0x02, 0xEE, 0x81, 0xDE, 0xCD, 0x03, 0xCC, 0x80,
    0xEC, 0x10, 0xEE, 0x80, 0xEC, 0x1A, 0xEE, 0x81, 0xDB, 0xED, 0x16, 0xEE, 0x80, 0xBC, 0x10, 0xEE,
    0x82, 0xDB, 0xAD, 0xCD, 0x04, 0xCC, 0x82, 0xEC, 0xEE, 0xCE, 0x12, 0xCC, 0x82, 0xDC, 0xAA, 0xD8,
    0x02, 0xEE, 0x82, 0xBE, 0xDA, 0xEE, 0x04, 0xCC, 0x81, 0xFF, 0xDD, 0x17, 0xCC, 0x82, 0xDB, 0xDD,
    0xEF, 0x02, 0xEE, 0x81, 0xDE, 0xCD, 0x03, 0xCC, 0x80, 0xEC, 0x10, 0xEE, 0x80, 0xEC, 0x1A, 0xEE,
    0x81, 0xDB, 0xED, 0x16, 0xEE, 0x80, 0xBC, 0x10, 0xEE, 0x82, 0xDB, 0xAD, 0xCD, 0x04, 0xCC, 0x82,
    0xEC, 0xEE, 0xCE, 0x12, 0xCC, 0x82, 0xDC, 0xAA, 0xD8, 0x02, 0xEE, 0x82, 0xBE, 0xDA, 0xEE, 0x04,
    0xCC, 0x81, 0xFF, 0xDD, 0x17, 0xCC, 0x82, 0xDB, 0xDD, 0xEF, 0x02, 0xEE, 0x81, 0xDE, 0xCD, 0x03,
    0xCC, 0x80, 0xEC, 0x10, 0xEE, 0x80, 0xEC, 0x1A, 0xEE, 0x81, 0xDB, 0xED, 0x16, 0xEE, 0x80, 0xBC,
    0x10, 0xEE, 0x82, 0xDB, 0xAD, 0xCD, 0x04, 0xCC, 0x82, 0xEC, 0xEE, 0xCE, 0x12, 0xCC, 0x82, 0xDC,
    0xAA, 0xD8, 0x02, 0xEE, 0x82, 0xBE, 0xDA, 0xEE, 0x04, 0xCC, 0x81, 0xFF, 0xDD, 0x17, 0xCC, 0x82,
    0xDB, 0xDD, 0xEF, 0x02, 0xEE, 0x81, 0xDE, 0xCD, 0x03, 0xCC, 0x80, 0xEC, 0x10, 0xEE, 0x80, 0xEC,
    0x1A, 0xEE, 0x81, 0xDB, 0xED, 0x15, 0xEE, 0x81, 0xCC, 0xEC, 0x0F, 0xEE, 0x86, 0xDB, 0xAD, 0xBD,
    0xCB, 0xCC, 0xDD, 0xCD, 0x13, 0xCC, 0x85, 0xEC, 0xCE, 0xDC, 0xAD, 0xDA, 0xBD, 0x03, 0xEE, 0x82,
    0xBB, 0xCC, 0xBF, 0x02, 0xDD, 0x02, 0xFF, 0x84, 0xBD, 0xFF, 0xBF, 0xDD, 0xCC, 0x03, 0xFF, 0x10,
    0xCC, 0x82, 0xAB, 0xBD, 0xEF, 0x02, 0xEE, 0x81, 0xBE, 0xCB, 0x05, 0xCC, 0x82, 0xEC, 0xCE, 0xEC,
    0x04, 0xEE, 0x80, 0xEC, 0x1D, 0xEE, 0x80, 0xCE, 0x03, 0xEE, 0x82, 0xDC, 0xBD, 0xEC, 0x15, 0xEE,
    0x80, 0xCB, 0x10, 0xEE, 0x82, 0xDB, 0xAA, 0xCD, 0x02, 0xCC, 0x81, 0xAD, 0xCD, 0x13, 0xCC, 0x85,
    0xEC, 0xEE, 0xDC, 0xAA, 0xD8, 0xFF, 0x03, 0xEE, 0x02, 0xCC, 0x82, 0xDF, 0xDD, 0xDA, 0x04, 0xFF,
    0x82, 0xDF, 0xDD, 0xBB, 0x03, 0xFF, 0x02, 0xBB, 0x0E, 0xCC, 0x81, 0x8B, 0xCA, 0x03, 0xEE, 0x80,
    0xCE, 0x06, 0xCC, 0x82, 0xEC, 0xCE, 0xEC, 0x04, 0xEE, 0x80, 0xEC, 0x1D, 0xEE, 0x80, 0xCE, 0x03,
    0xEE, 0x81, 0xDB, 0xED, 0x16, 0xEE, 0x80, 0xCB, 0x10, 0xEE, 0x82, 0xDB, 0xAA, 0xCD, 0x02, 0xCC,
    0x81, 0xAD, 0xCD, 0x13, 0xCC, 0x85, 0xEC, 0xEE, 0xDC, 0xAA, 0xD8, 0xFF, 0x03, 0xEE, 0x02, 0xCC,
    0x82, 0xDF, 0xDD, 0xDA, 0x04, 0xFF, 0x82, 0xDF, 0xDD, 0xBB, 0x03, 0xFF, 0x02, 0xBB, 0x0E, 0xCC,
    0x81, 0x8B, 0xCA, 0x03, 0xEE, 0x80, 0xCE, 0x06, 0xCC, 0x82, 0xEC, 0xCE, 0xEC, 0x04, 0xEE, 0x80,
    0xEC, 0x1D, 0xEE, 0x80, 0xCE, 0x03, 0xEE, 0x81, 0xDB, 0xED, 0x16, 0xEE, 0x80, 0xCB, 0x10, 0xEE,
    0x82, 0xDB, 0xAA, 0xCD, 0x02, 0xCC, 0x81, 0xAD, 0xCD, 0x13, 0xCC, 0x85, 0xEC, 0xEE, 0xDC, 0xAA,
    0xD8, 0xFF, 0x03, 0xEE, 0x02, 0xCC, 0x82, 0xDF, 0xDD, 0xDA, 0x04, 0xFF, 0x82, 0xDF, 0xDD, 0xBB,
    0x03, 0xFF, 0x02, 0xBB, 0x0E, 0xCC, 0x81, 0x8B, 0xCA, 0x03, 0xEE, 0x80, 0xCE, 0x06, 0xCC, 0x82,
    0xEC, 0xCE, 0xEC, 0x04, 0xEE, 0x80, 0xEC, 0x1D, 0xEE, 0x80, 0xCE, 0x03, 0xEE, 0x81, 0xDB, 0xED,
    0x15, 0xEE, 0x81, 0xBD, 0xCC, 0x0F, 0xEE, 0x85, 0xDB, 0xAA, 0xDD, 0xCB, 0xCC, 0x8D, 0x03, 0x88,
    0x81, 0xFD, 0xCF, 0x06, 0xCC, 0x81, 0xDB, 0x8D, 0x02, 0x88, 0x8B, 0xA8, 0x8A, 0xD8, 0xCF, 0xCC,
    0xEC, 0xCE, 0xBC, 0xAD, 0x8A, 0xD8, 0xEF, 0x03, 0xEE, 0x80, 0xCC, 0x02, 0xFF, 0x81, 0xDB, 0x88,
    0x08, 0xDD, 0x82, 0xFB, 0xDD, 0xFB, 0x02, 0xFF, 0x0A, 0xCC, 0x84, 0xEC, 0xCE, 0xDB, 0x8D, 0xCA,
    0x03, 0xEE, 0x80, 0xCE, 0x11, 0xCC, 0x80, 0xEC, 0x0E, 0xEE, 0x80, 0xCC, 0x04, 0xEE, 0x80, 0xCC,
    0x04, 0xEE, 0x86, 0xDD, 0xCD, 0xEE, 0xCE, 0xEE, 0xBE, 0xEC, 0x14, 0xEE, 0x82, 0xCE, 0xDD, 0xCC,
    0x0F, 0xEE, 0x8A, 0xAD, 0x8A, 0xFD, 0xCF, 0xCC, 0x7D, 0x87, 0x88, 0x78, 0xF8, 0xCF, 0x06, 0xCC,
    0x80, 0xAB, 0x05, 0x88, 0x88, 0xD8, 0xCF, 0xCC, 0xEC, 0xCE, 0xDC, 0xAA, 0x88, 0xD8, 0x04, 0xEE,
    0x80, 0xCC, 0x02, 0xFF, 0x81, 0xBE, 0x88, 0x05, 0xDD, 0x80, 0xFF, 0x02, 0xDD, 0x82, 0xFD, 0xDD,
    0xFD, 0x02, 0xFF, 0x03, 0xBB, 0x07, 0xCC, 0x84, 0xEC, 0xCE, 0xDB, 0x8D, 0xCA, 0x03, 0xEE, 0x80,
    0xCE, 0x12, 0xCC, 0x0E, 0xEE, 0x80, 0xCC, 0x04, 0xEE, 0x80, 0xCC, 0x04, 0xEE, 0x83, 0xAD, 0xCD,
    0xEE, 0xCE, 0x17, 0xEE, 0x82, 0xCE, 0xDD, 0xCC, 0x0F, 0xEE, 0x8A, 0xAD, 0x8A, 0xFD, 0xCF, 0xCC,
    0x7D, 0x87, 0x88, 0x78, 0xF8, 0xCF, 0x06, 0xCC, 0x80, 0xAB, 0x05, 0x88, 0x88, 0xD8, 0xCF, 0xCC,
    0xEC, 0xCE, 0xDC, 0xAA, 0x88, 0xD8, 0x04, 0xEE, 0x80, 0xCC, 0x02, 0xFF, 0x81, 0xBE, 0x88, 0x05,
    0xDD, 0x80, 0xFF, 0x02, 0xDD, 0x82, 0xFD, 0xDD, 0xFD, 0x02, 0xFF, 0x03, 0xBB, 0x07, 0xCC, 0x84,
    0xEC, 0xCE, 0xDB, 0x8D, 0xCA, 0x03, 0xEE, 0x80, 0xCE, 0x12, 0xCC, 0x0E, 0xEE, 0x80, 0xCC, 0x04,
    0xEE, 0x80, 0xCC, 0x04, 0xEE, 0x83, 0xAD, 0xCD, 0xEE, 0xCE, 0x17, 0xEE, 0x82, 0xCE, 0xDD, 0xCC,
    0x0F, 0xEE, 0x8A, 0xAD, 0x8A, 0xFD, 0xCF, 0xCC, 0x7D, 0x87, 0x88, 0x78, 0xF8, 0xCF, 0x06, 0xCC,
    0x80, 0xDB, 0x05, 0x88, 0x88, 0xD8, 0xCF, 0xCC, 0xEC, 0xCE, 0xDC, 0xAA, 0x88, 0xD8, 0x04, 0xEE,
    0x80, 0xCC, 0x02, 0xFF, 0x81, 0xBE, 0x88, 0x05, 0xDD, 0x80, 0xFF, 0x02, 0xDD, 0x82, 0xFD, 0xDD,
    0xFD, 0x02, 0xFF, 0x03, 0xBB, 0x07, 0xCC, 0x84, 0xEC, 0xCE, 0xDB, 0x8D, 0xCA, 0x03, 0xEE, 0x80,
    0xCE, 0x12, 0xCC, 0x0E, 0xEE, 0x80, 0xCC, 0x04, 0xEE, 0x80, 0xCC, 0x04, 0xEE, 0x83, 0xAD, 0xCD,
    0xEE, 0xCE, 0x17, 0xEE, 0x81, 0xDD, 0xBD, 0x0F, 0xEE, 0x8A, 0xDD, 0xAA, 0xDD, 0xCD, 0xCC, 0xEC,
    0x8D, 0xDD, 0xBD, 0xDD, 0xCD, 0x04, 0xCC, 0x85, 0xFC, 0xDF, 0xCD, 0x8B, 0xD7, 0x8D, 0x02, 0x88,
    0x8A, 0xD8, 0xBD, 0xCB, 0xEC, 0xCE, 0xDC, 0xAD, 0x88, 0xA8, 0xDD, 0xFF, 0x02, 0xEE, 0x88, 0xCE,
    0xCC, 0xBB, 0xDF, 0x88, 0x87, 0x88, 0xDD, 0xAA, 0x02, 0x88, 0x09, 0xDD, 0x82, 0xFB, 0xFF, 0xCB,
    0x08, 0xCC, 0x85, 0xAB, 0xDA, 0xED, 0xEE, 0xFF, 0xCF, 0x15, 0xCC, 0x02, 0xEE, 0x80, 0xCC, 0x02,
    0xEE, 0x80, 0xCC, 0x06, 0xEE, 0x05, 0xCC, 0x80, 0xEE, 0x02, 0xCC, 0x02, 0xEE, 0x82, 0xBB, 0xCB,
    0xCC, 0x03, 0xEE, 0x82, 0xCE, 0xCC, 0xEC, 0x11, 0xEE, 0x82, 0xCE, 0xDD, 0xFF, 0x0F, 0xEE, 0x8A,
    0xAD, 0xAA, 0xDD, 0xCB, 0xCC, 0xEE, 0x8D, 0xFD, 0xCF, 0xFC, 0xCF, 0x04, 0xCC, 0x85, 0xFC, 0xDF,
    0xBD, 0x8B, 0xD7, 0x8D, 0x02, 0x88, 0x88, 0xD8, 0xBD, 0xCB, 0xEC, 0xCE, 0xDC, 0xAA, 0x88, 0xD8,
    0x02, 0xFF, 0x02, 0xEE, 0x02, 0xCC, 0x88, 0xBB, 0xDF, 0x88, 0x77, 0x87, 0xDD, 0xAA, 0x77, 0x76,
    0x09, 0xDD, 0x81, 0xFD, 0xFF, 0x03, 0xBB, 0x06, 0xCC, 0x85, 0x8B, 0xFA, 0xEF, 0xEE, 0xFF, 0xCF,
    0x15, 0xCC, 0x02, 0xEE, 0x80, 0xCC, 0x02, 0xEE, 0x80, 0xCC, 0x06, 0xEE, 0x05, 0xCC, 0x80, 0xEE,
    0x02, 0xCC, 0x02, 0xEE, 0x80, 0xCE, 0x02, 0xCC, 0x03, 0xEE, 0x82, 0xCE, 0xCC, 0xEC, 0x11, 0xEE,
    0x82, 0xCE, 0xDD, 0xFF, 0x0F, 0xEE, 0x8A, 0xAD, 0xAA, 0xDD, 0xCB, 0xCC, 0xEE, 0x8D, 0xFD, 0xCF,
    0xFC, 0xCF, 0x04, 0xCC, 0x85, 0xFC, 0xDF, 0xBD, 0x8B, 0xD7, 0x8D, 0x02, 0x88, 0x88, 0xD8, 0xBD,
    0xCB, 0xEC, 0xCE, 0xDC, 0xAA, 0x88, 0xD8, 0x02, 0xFF, 0x02, 0xEE, 0x02, 0xCC, 0x88, 0xBB, 0xDF,
    0x88, 0x77, 0x87, 0xDD, 0x8A, 0x77, 0x76, 0x09, 0xDD, 0x81, 0xFD, 0xFF, 0x03, 0xBB, 0x06, 0xCC,
    0x85, 0x8B, 0xFA, 0xEF, 0xEE, 0xFF, 0xCF, 0x15, 0xCC, 0x02, 0xEE, 0x80, 0xCC, 0x02, 0xEE, 0x80,
    0xCC, 0x06, 0xEE, 0x05, 0xCC, 0x80, 0xEE, 0x02, 0xCC, 0x02, 0xEE, 0x80, 0xCE, 0x02, 0xCC, 0x03,
    0xEE, 0x82, 0xCE, 0xCC, 0xEC, 0x11, 0xEE, 0x82, 0xCE, 0xDD, 0xFF, 0x0F, 0xEE, 0x8A, 0xAD, 0xAA,
    0xDD, 0xCB, 0xCC, 0xEE, 0x8D, 0xFD, 0xCF, 0xFC, 0xCF, 0x04, 0xCC, 0x85, 0xFC, 0xDF, 0xBD, 0x8B,
    0xD7, 0x8D, 0x02, 0x88, 0x88, 0xD8, 0xBD, 0xCB, 0xEC, 0xCE, 0xDC, 0xAA, 0x88, 0xD8, 0x02, 0xFF,
    0x02, 0xEE, 0x02, 0xCC, 0x88, 0xBB, 0xDF, 0x88, 0x77, 0x87, 0xDD, 0x8A, 0x77, 0x76, 0x09, 0xDD,
    0x81, 0xFD, 0xFF, 0x03, 0xBB, 0x06, 0xCC, 0x85, 0x8B, 0xFA, 0xEF, 0xEE, 0xFF, 0xCF, 0x15, 0xCC,
    0x02, 0xEE, 0x80, 0xCC, 0x02, 0xEE, 0x80, 0xCC, 0x06, 0xEE, 0x05, 0xCC, 0x80, 0xEE, 0x02, 0xCC,
    0x02, 0xEE, 0x80, 0xCE, 0x02, 0xCC, 0x03, 0xEE, 0x82, 0xCE, 0xCC, 0xEC, 0x11, 0xEE, 0x82, 0xDD,
    0xBD, 0xFF, 0x0E, 0xEE, 0x80, 0xAD, 0x02, 0xAA, 0x80, 0xBD, 0x03, 0xCC, 0x81, 0xBB, 0xCB, 0x04,
    0xCC, 0x83, 0xFC, 0xCF, 0xCC, 0xBC, 0x02, 0xBB, 0x8F, 0xDB, 0xFD, 0xDF, 0xDD, 0xAD, 0xD8, 0xBB,
    0xCF, 0xCE, 0xDC, 0xAD, 0xAA, 0xA8, 0xAD, 0xDA, 0xFF, 0x02, 0xEE, 0x02, 0xCC, 0x84, 0xFF, 0xDC,
    0x88, 0xAD, 0x77, 0x02, 0x88, 0x02, 0x77, 0x05, 0x88, 0x04, 0xDD, 0x82, 0x8D, 0x88, 0xDD, 0x02,
    0xBB, 0x03, 0xCC, 0x87, 0xEC, 0xCE, 0xAB, 0x8A, 0xFA, 0xEF, 0xDC, 0xBD, 0x16, 0xCC, 0x02, 0xEE,
    0x81, 0xCC, 0xEE, 0x02, 0xCC, 0x82, 0xEE, 0xCC, 0xEE, 0x0A, 0xCC, 0x87, 0xAD, 0xCD, 0xCC, 0xEE,
    0xDB, 0xEB, 0xEE, 0xCE, 0x0D, 0xCC, 0x07, 0xEE, 0x82, 0xCE, 0xDD, 0xFF, 0x0F, 0xEE, 0x80, 0x8A,
    0x02, 0xAA, 0x80, 0xCD, 0x09, 0xCC, 0x83, 0xFC, 0xCF, 0xCC, 0xBC, 0x02, 0xBB, 0x80, 0xFB, 0x02,
    0xFF, 0x8C, 0xDF, 0xAD, 0xBA, 0xFB, 0xFF, 0xCE, 0xDC, 0xAD, 0xAA, 0xA8, 0xAD, 0xD8, 0xFF, 0x02,
    0xEE, 0x02, 0xCC, 0x83, 0xFF, 0xBC, 0x88, 0xDD, 0x0A, 0x77, 0x04, 0xDD, 0x82, 0x78, 0x77, 0xDA,
    0x04, 0xBB, 0x88, 0xCC, 0xEE, 0xCE, 0x9B, 0x8A, 0xEA, 0xEE, 0x9B, 0xBA, 0x15, 0xCC, 0x80, 0xEC,
    0x02, 0xEE, 0x81, 0xCC, 0xEE, 0x02, 0xCC, 0x82, 0xEE, 0xCC, 0xEE, 0x0A, 0xCC, 0x87, 0x9D, 0xCD,
    0xCC, 0xEE, 0xAD, 0xED, 0xEE, 0xCE, 0x0D, 0xCC, 0x07, 0xEE, 0x82, 0xCE, 0xDD, 0xFF, 0x0F, 0xEE,
    0x80, 0x8A, 0x02, 0xAA, 0x80, 0xCD, 0x09, 0xCC, 0x83, 0xFC, 0xCF, 0xCC, 0xBC, 0x02, 0xBB, 0x80,
    0xFB, 0x02, 0xFF, 0x8C, 0xDF, 0xAD, 0xBA, 0xFB, 0xFF, 0xCE, 0xDC, 0xAD, 0xAA, 0xA8, 0xAD, 0xD8,
    0xFF, 0x02, 0xEE, 0x02, 0xCC, 0x83, 0xFF, 0xBC, 0x88, 0xDD, 0x0A, 0x77, 0x04, 0xDD, 0x82, 0x78,
    0x77, 0xDA, 0x04, 0xBB, 0x88, 0xCC, 0xEE, 0xCE, 0x9B, 0x8A, 0xEA, 0xEE, 0x9B, 0xBA, 0x15, 0xCC,
    0x80, 0xEC, 0x02, 0xEE, 0x81, 0xCC, 0xEE, 0x02, 0xCC, 0x82, 0xEE, 0xCC, 0xEE, 0x0A, 0xCC, 0x87,
    0x9D, 0xCD, 0xCC, 0xEE, 0xAD, 0xED, 0xEE, 0xCE, 0x0D, 0xCC, 0x07, 0xEE, 0x82, 0xCE, 0xDD, 0xFF,
    0x0F, 0xEE, 0x80, 0x8A, 0x02, 0xAA, 0x80, 0xCD, 0x09, 0xCC, 0x83, 0xFC, 0xCF, 0xCC, 0xBC, 0x02,
    0xBB, 0x80, 0xFB, 0x02, 0xFF, 0x8C, 0xDF, 0xAD, 0xBA, 0xFB, 0xFF, 0xCE, 0xDC, 0xAD, 0xAA, 0xA8,
    0xAD, 0xD8, 0xFF, 0x02, 0xEE, 0x02, 0xCC, 0x83, 0xFF, 0xBC, 0x88, 0xDD, 0x0A, 0x77, 0x04, 0xDD,
    0x82, 0x78, 0x77, 0xDA, 0x04, 0xBB, 0x88, 0xCC, 0xEE, 0xCE, 0x9B, 0x8A, 0xEA, 0xEE, 0x9B, 0xBA,
    0x15, 0xCC, 0x80, 0xEC, 0x02, 0xEE, 0x81, 0xCC, 0xEE, 0x02, 0xCC, 0x82, 0xEE, 0xCC, 0xEE, 0x0A,
    0xCC, 0x87, 0x9D, 0xCD, 0xCC, 0xEE, 0xAD, 0xED, 0xEE, 0xCE, 0x0D, 0xCC, 0x07, 0xEE, 0x84, 0xBB,
    0xDD, 0xFF, 0xCE, 0xCC, 0x0C, 0xEE, 0x84, 0xDD, 0x88, 0xA8, 0xAA, 0xCD, 0x02, 0xCC, 0x82, 0xFC,
    0xCC, 0xFC, 0x04, 0xCC, 0x83, 0xFC, 0xCF, 0xCC, 0xBC, 0x02, 0xBB, 0x80, 0xFB, 0x02, 0xFF, 0x8C,
    0xDF, 0xDD, 0xBD, 0xFC, 0xCF, 0xBC, 0x8B, 0x88, 0x8A, 0xA8, 0xAA, 0xD8, 0xFF, 0x02, 0xEE, 0x02,
    0xCC, 0x83, 0xBF, 0xDB, 0xDA, 0xDD, 0x02, 0xAA, 0x08, 0x77, 0x80, 0xA8, 0x03, 0xAA, 0x81, 0x78,
    0xD8, 0x03, 0xDD, 0x8A, 0xBD, 0xBB, 0xCC, 0xEC, 0xEE, 0x8B, 0xA8, 0xED, 0xEE, 0xDC, 0xCD, 0x15,
    0xCC, 0x02, 0xEE, 0x82, 0xCE, 0xCC, 0xCE, 0x02, 0xCC, 0x82, 0xEC, 0xCC, 0xEC, 0x07, 0xCC, 0x84,
    0xEC, 0xBB, 0xCB, 0xDB, 0xEB, 0x02, 0xEE, 0x82, 0xAD, 0xED, 0xEE, 0x0E, 0xCC, 0x06, 0xEE, 0x85,
    0xCE, 0xDD, 0xFF, 0xEE, 0xCC, 0xCB, 0x0C, 0xEE, 0x84, 0x8A, 0x77, 0xA8, 0xDA, 0xCD, 0x02, 0xCC,
    0x83, 0xFF, 0xCF, 0xFF, 0xBB, 0x04, 0xCC, 0x80, 0xBC, 0x03, 0xBB, 0x80, 0xFB, 0x04, 0xFF, 0x8A,
    0xBF, 0xCB, 0xEC, 0xCE, 0xDB, 0x7D, 0x85, 0x88, 0x89, 0x88, 0xD8, 0x03, 0xEE, 0x82, 0xCC, 0xBB,
    0xDF, 0x02, 0xDD, 0x80, 0xDF, 0x02, 0xDD, 0x0D, 0x77, 0x85, 0xFD, 0xDD, 0xAD, 0x78, 0xBD, 0xBB,
    0x02, 0xCC, 0x84, 0xEC, 0x8B, 0xA8, 0xED, 0xCE, 0x16, 0xCC, 0x80, 0xEC, 0x02, 0xEE, 0x0F, 0xCC,
    0x83, 0xEE, 0xDD, 0xCB, 0xCC, 0x03, 0xEE, 0x82, 0xAD, 0xED, 0xCE, 0x0E, 0xCC, 0x06, 0xEE, 0x85,
    0xCE, 0xDD, 0xFF, 0xEE, 0xCC, 0xCB, 0x0C, 0xEE, 0x84, 0x8A, 0x77, 0xA8, 0xDA, 0xCD, 0x02, 0xCC,
    0x83, 0xFF, 0xCF, 0xFF, 0xBB, 0x04, 0xCC, 0x80, 0xBC, 0x03, 0xBB, 0x80, 0xFB, 0x04, 0xFF, 0x8A,
    0xBF, 0xCB, 0xEC, 0xCE, 0xDB, 0x7D, 0x85, 0x88, 0x89, 0x88, 0xD8, 0x03, 0xEE, 0x82, 0xCC, 0xBB,
    0xDF, 0x02, 0xDD, 0x80, 0xDF, 0x02, 0xDD, 0x0D, 0x77, 0x85, 0xFD, 0xDD, 0xAD, 0x78, 0xBD, 0xBB,
    0x02, 0xCC, 0x84, 0xEC, 0x8B, 0xA8, 0xED, 0xCE, 0x16, 0xCC, 0x80, 0xEC, 0x02, 0xEE, 0x0F, 0xCC,
    0x83, 0xEE, 0xDD, 0xCB, 0xCC, 0x03, 0xEE, 0x82, 0xAD, 0xED, 0xCE, 0x0E, 0xCC, 0x06, 0xEE, 0x85,
    0xCE, 0xDD, 0xFF, 0xEE, 0xCC, 0xCB, 0x0C, 0xEE, 0x84, 0x8A, 0x77, 0xA8, 0xDA, 0xCD, 0x02, 0xCC,
    0x83, 0xFF, 0xCF, 0xFF, 0xBB, 0x04, 0xCC, 0x80, 0xBC, 0x03, 0xBB, 0x80, 0xFB, 0x04, 0xFF, 0x8A,
    0xBF, 0xCB, 0xEC, 0xCE, 0xDB, 0x7D, 0x85, 0x88, 0x89, 0x88, 0xD8, 0x03, 0xEE, 0x82, 0xCC, 0xBB,
    0xDF, 0x02, 0xDD, 0x80, 0xDF, 0x02, 0xDD, 0x0D, 0x77, 0x85, 0xFD, 0xDD, 0xAD, 0x78, 0xBD, 0xBB,
    0x02, 0xCC, 0x84, 0xEC, 0x8B, 0xA8, 0xED, 0xCE, 0x16, 0xCC, 0x80, 0xEC, 0x02, 0xEE, 0x0F, 0xCC,
    0x83, 0xEE, 0xDD, 0xCB, 0xCC, 0x03, 0xEE, 0x82, 0xAD, 0xED, 0xCE, 0x0E, 0xCC, 0x05, 0xEE, 0x86,
    0xCE, 0xBB, 0xDD, 0xFF, 0xCE, 0xBB, 0xCC, 0x0B, 0xEE, 0x84, 0xDD, 0x78, 0x87, 0xA8, 0xDA, 0x18,
    0xDD, 0x83, 0x8D, 0x79, 0x96, 0x99, 0x02, 0x88, 0x83, 0xA8, 0xDD, 0xCF, 0xBC, 0x08, 0xDD, 0x08,
    0xAA, 0x81, 0x88, 0xA8, 0x02, 0xAA, 0x80, 0x78, 0x02, 0xDD, 0x8A, 0xAD, 0xDA, 0xBD, 0xCC, 0xEC,
    0xCC, 0xDB, 0x8D, 0xDA, 0xEB, 0xCE, 0x16, 0xCC, 0x03, 0xEE, 0x0F, 0xCC, 0x83, 0xEC, 0xBB, 0xDB,
    0xEB, 0x02, 0xEE, 0x83, 0xDB, 0xDD, 0xEB, 0xCE, 0x0E, 0xCC, 0x05, 0xEE, 0x86, 0xBC, 0xDD, 0xBD,
    0xEE, 0xBC, 0xDD, 0xCC, 0x03, 0xEE, 0x04, 0xCC, 0x03, 0xEE, 0x87, 0xCC, 0x8A, 0x57, 0x99, 0x88,
    0xDA, 0xAA, 0x8A, 0x14, 0x88, 0x83, 0x98, 0x69, 0x66, 0x95, 0x02, 0x99, 0x02, 0x88, 0x83, 0x99,
    0xA9, 0xBF, 0xDB, 0x02, 0x99, 0x03, 0xAA, 0x0B, 0xDD, 0x80, 0x8A, 0x03, 0xDD, 0x80, 0x88, 0x03,
    0xDD, 0x89, 0xFD, 0xFF, 0xEF, 0xEE, 0xBE, 0x8D, 0x88, 0xEA, 0xEE, 0xCE, 0x15, 0xCC, 0x80, 0xEC,
    0x02, 0xEE, 0x12, 0xCC, 0x81, 0xDD, 0xEB, 0x02, 0xEE, 0x83, 0x8D, 0xED, 0xEE, 0xCE, 0x0E, 0xCC,
    0x05, 0xEE, 0x86, 0xBC, 0xDD, 0xBD, 0xEE, 0xBC, 0xDD, 0xCC, 0x03, 0xEE, 0x04, 0xCC, 0x03, 0xEE,
    0x87, 0xCC, 0x8A, 0x57, 0x99, 0x88, 0xDA, 0xAA, 0x8A, 0x14, 0x88, 0x83, 0x98, 0x69, 0x66, 0x95,
    0x02, 0x99, 0x02, 0x88, 0x83, 0x99, 0xA9, 0xBF, 0xDB, 0x02, 0x99, 0x03, 0xAA, 0x0B, 0xDD, 0x80,
    0x8A, 0x03, 0xDD, 0x80, 0x88, 0x03, 0xDD, 0x89, 0xFD, 0xFF, 0xEF, 0xEE, 0xBE, 0x8D, 0x88, 0xEA,
    0xEE, 0xCE, 0x15, 0xCC, 0x80, 0xEC, 0x02, 0xEE, 0x12, 0xCC, 0x81, 0xDD, 0xEB, 0x02, 0xEE, 0x83,
    0x8D, 0xED, 0xEE, 0xCE, 0x0E, 0xCC, 0x05, 0xEE, 0x86, 0xBC, 0xDD, 0xBD, 0xEE, 0xBC, 0xDD, 0xCC,
    0x03, 0xEE, 0x04, 0xCC, 0x03, 0xEE, 0x87, 0xCC, 0x8A, 0x57, 0x99, 0x88, 0xDA, 0xAA, 0x8A, 0x14,
    0x88, 0x83, 0x98, 0x69, 0x66, 0x95, 0x02, 0x99, 0x02, 0x88, 0x83, 0x99, 0xA9, 0xBF, 0xDB, 0x02,
    0x99, 0x03, 0xAA, 0x0B, 0xDD, 0x80, 0x8A, 0x03, 0xDD, 0x80, 0x88, 0x03, 0xDD, 0x89, 0xFD, 0xFF,
    0xEF, 0xEE, 0xBE, 0x8D, 0x88, 0xEA, 0xEE, 0xCE, 0x15, 0xCC, 0x80, 0xEC, 0x02, 0xEE, 0x12, 0xCC,
    0x81, 0xDD, 0xEB, 0x02, 0xEE, 0x83, 0x8D, 0xED, 0xEE, 0xCE, 0x0E, 0xCC, 0x03, 0xEE, 0x81, 0xCE,
    0xDB, 0x02, 0xDD, 0x85, 0xBB, 0xBC, 0xDD, 0xBD, 0xCC, 0xEC, 0x02, 0xEE, 0x80, 0xBB, 0x07, 0xDD,
    0x81, 0x78, 0x77, 0x02, 0x88, 0x02, 0xAA, 0x80, 0x78, 0x10, 0x77, 0x80, 0x87, 0x03, 0x88, 0x83,
    0x78, 0x67, 0x54, 0x65, 0x02, 0x66, 0x87, 0x87, 0x8A, 0x88, 0xA8, 0xDD, 0xAA, 0x99, 0x88, 0x0A,
    0xAA, 0x04, 0xDD, 0x80, 0xAD, 0x03, 0xDD, 0x8D, 0xAD, 0xDD, 0xBD, 0xDD, 0xBD, 0xFF, 0xEF, 0xEE,
    0xDC, 0x8D, 0x88, 0xEA, 0xEE, 0xCE, 0x15, 0xCC, 0x03, 0xEE, 0x0D, 0xCC, 0x86, 0xDD, 0xCB, 0xBB,
    0xEC, 0xEE, 0xBB, 0xEB, 0x02, 0xEE, 0x82, 0x8D, 0xED, 0xEE, 0x0F, 0xCC, 0x03, 0xEE, 0x87, 0xBE,
    0xDD, 0xAA, 0xDD, 0xCC, 0xDC, 0xDA, 0xFF, 0x03, 0xCC, 0x81, 0xEE, 0xDD, 0x03, 0xAA, 0x04, 0x88,
    0x80, 0x57, 0x05, 0x88, 0x80, 0x27, 0x10, 0x22, 0x80, 0x82, 0x03, 0x88, 0x87, 0x58, 0x22, 0x52,
    0x25, 0x22, 0x42, 0x75, 0xAA, 0x10, 0x88, 0x80, 0xAA, 0x09, 0xDD, 0x83, 0xBB, 0xFB, 0xBB, 0xCC,
    0x02, 0xEE, 0x84, 0xAB, 0x8A, 0x88, 0xEA, 0xCE, 0x15, 0xCC, 0x80, 0xEC, 0x03, 0xEE, 0x0D, 0xCC,
    0x83, 0x9A, 0xCB, 0xDD, 0xEC, 0x02, 0xEE, 0x85, 0xCE, 0xCC, 0xEE, 0x8D, 0xED, 0xCE, 0x0F, 0xCC,
    0x03, 0xEE, 0x87, 0xBE, 0xDD, 0xAA, 0xDD, 0xCC, 0xDC, 0xDA, 0xFF, 0x03, 0xCC, 0x81, 0xEE, 0xDD,
    0x03, 0xAA, 0x04, 0x88, 0x80, 0x57, 0x05, 0x88, 0x80, 0x27, 0x10, 0x22, 0x80, 0x82, 0x03, 0x88,
    0x87, 0x58, 0x22, 0x52, 0x25, 0x22, 0x42, 0x75, 0xAA, 0x10, 0x88, 0x80, 0xAA, 0x09, 0xDD, 0x83,
    0xBB, 0xFB, 0xBB, 0xCC, 0x02, 0xEE, 0x84, 0xAB, 0x8A, 0x88, 0xEA, 0xCE, 0x15, 0xCC, 0x80, 0xEC,
    0x03, 0xEE, 0x0D, 0xCC, 0x83, 0x9A, 0xCB, 0xDD, 0xEC, 0x02, 0xEE, 0x85, 0xCE, 0xCC, 0xEE, 0x8D,
    0xED, 0xCE, 0x0F, 0xCC, 0x03, 0xEE, 0x87, 0xBE, 0xDD, 0xAA, 0xDD, 0xCC, 0xDC, 0xDA, 0xFF, 0x03,
    0xCC, 0x81, 0xEE, 0xDD, 0x03, 0xAA, 0x04, 0x88, 0x80, 0x57, 0x05, 0x88, 0x80, 0x27, 0x10, 0x22,
    0x80, 0x82, 0x03, 0x88, 0x87, 0x58, 0x22, 0x52, 0x25, 0x22, 0x42, 0x75, 0xAA, 0x10, 0x88, 0x80,
    0xAA, 0x09, 0xDD, 0x83, 0xBB, 0xFB, 0xBB, 0xCC, 0x02, 0xEE, 0x84, 0xAB, 0x8A, 0x88, 0xEA, 0xCE,
    0x15, 0xCC, 0x80, 0xEC, 0x03, 0xEE, 0x0D, 0xCC, 0x83, 0x9A, 0xCB, 0xDD, 0xEC, 0x02, 0xEE, 0x85,
    0xCE, 0xCC, 0xEE, 0x8D, 0xED, 0xCE, 0x0F, 0xCC, 0x02, 0xEE, 0x87, 0xBE, 0xDB, 0xAD, 0xDA, 0xDD,
    0xDB, 0xAD, 0xAA, 0x05, 0xDD, 0x04, 0xAA, 0x04, 0x77, 0x80, 0x45, 0x05, 0x77, 0x80, 0x25, 0x10,
    0x22, 0x80, 0x72, 0x03, 0x77, 0x80, 0x27, 0x02, 0x22, 0x80, 0x24, 0x02, 0x22, 0x80, 0x74, 0x0C,
    0x77, 0x80, 0xA8, 0x04, 0x88, 0x08, 0xAA, 0x80, 0xBD, 0x03, 0xBB, 0x81, 0xCB, 0xEC, 0x02, 0xEE,
    0x84, 0xDC, 0xDD, 0xAD, 0xED, 0xCE, 0x15, 0xCC, 0x04, 0xEE, 0x0A, 0xCC, 0x85, 0xBB, 0xCE, 0xDB,
    0xDD, 0xEC, 0xBB, 0x03, 0xEE, 0x85, 0xCE, 0xCC, 0xDD, 0xAA, 0xED, 0xCE, 0x0F, 0xCC, 0x89, 0xEE,
    0xCC, 0xBC, 0xAD, 0xAA, 0xDA, 0xBC, 0xAD, 0x99, 0xAA, 0x05, 0x88, 0x02, 0xAA, 0x02, 0x88, 0x03,
    0x55, 0x2E, 0x22, 0x81, 0x72, 0xAA, 0x0B, 0x88, 0x85, 0x99, 0xCD, 0xBB, 0xFB, 0xBB, 0xCC, 0x05,
    0xEE, 0x81, 0xDC, 0xCD, 0x15, 0xCC, 0x80, 0xEC, 0x03, 0xEE, 0x0B, 0xCC, 0x83, 0xDD, 0xEE, 0xDD,
    0xEC, 0x03, 0xEE, 0x04, 0xCC, 0x83, 0x8D, 0xAA, 0xED, 0xCE, 0x0F, 0xCC, 0x89, 0xEE, 0xCC, 0xBC,
    0xAD, 0xAA, 0xDA, 0xBC, 0xAD, 0x99, 0xAA, 0x05, 0x88, 0x02, 0xAA, 0x02, 0x88, 0x03, 0x55, 0x2E,
    0x22, 0x81, 0x72, 0xAA, 0x0B, 0x88, 0x85, 0x99, 0xCD, 0xBB, 0xFB, 0xBB, 0xCC, 0x05, 0xEE, 0x81,
    0xDC, 0xCD, 0x15, 0xCC, 0x80, 0xEC, 0x03, 0xEE, 0x0B, 0xCC, 0x83, 0xDD, 0xEE, 0xDD, 0xEC, 0x03,
    0xEE, 0x04, 0xCC, 0x83, 0x8D, 0xAA, 0xED, 0xCE, 0x0F, 0xCC, 0x89, 0xEE, 0xCC, 0xBC, 0xAD, 0xAA,
    0xDA, 0xBC, 0xAD, 0x89, 0xAA, 0x05, 0x88, 0x02, 0xAA, 0x02, 0x88, 0x03, 0x55, 0x2E, 0x22, 0x81,
    0x72, 0xAA, 0x0B, 0x88, 0x85, 0x99, 0xCD, 0xBB, 0xFB, 0xBB, 0xCC, 0x05, 0xEE, 0x81, 0xDC, 0xCD,
    0x15, 0xCC, 0x80, 0xEC, 0x03, 0xEE, 0x0B, 0xCC, 0x83, 0xDD, 0xEE, 0xDD, 0xEC, 0x03, 0xEE, 0x04,
    0xCC, 0x83, 0x8D, 0xAA, 0xED, 0xCE, 0x0F, 0xCC, 0x87, 0xCE, 0xBC, 0xDB, 0xAD, 0xAA, 0xDD, 0xBB,
    0xAA, 0x0B, 0x88, 0x03, 0x55, 0x2E, 0x22, 0x80, 0x42, 0x0C, 0x88, 0x80, 0x99, 0x02, 0xDD, 0x89,
    0xFB, 0xCF, 0xEC, 0xEE, 0xCE, 0xFC, 0xEF, 0xEE, 0xDE, 0xCD, 0x11, 0xCC, 0x81, 0xBC, 0xBB, 0x02,
    0xCC, 0x80, 0xEC, 0x03, 0xEE, 0x08, 0xCC, 0x86, 0xBD, 0xCB, 0xCC, 0xDD, 0xEE, 0xDD, 0xEC, 0x03,
    0xEE, 0x03, 0xCC, 0x83, 0xDB, 0x8A, 0xDA, 0xED, 0x11, 0xCC, 0x85, 0xDC, 0xAD, 0xA8, 0xDA, 0xDF,
    0xAD, 0x02, 0x77, 0x03, 0x55, 0x41, 0x22, 0x80, 0xA8, 0x06, 0x88, 0x80, 0xED, 0x03, 0xEE, 0x82,
    0xDD, 0xFD, 0xEF, 0x02, 0xEE, 0x80, 0xCE, 0x11, 0xCC, 0x81, 0xDC, 0xD8, 0x02, 0xCC, 0x80, 0xEC,
    0x02, 0xEE, 0x08, 0xCC, 0x83, 0xEE, 0x99, 0xFD, 0xCC, 0x03, 0xEE, 0x07, 0xCC, 0x83, 0x8D, 0x88,
    0xED, 0xCE, 0x11, 0xCC, 0x85, 0xDC, 0xAD, 0xA8, 0xDA, 0xDF, 0xAD, 0x02, 0x77, 0x03, 0x55, 0x41,
    0x22, 0x80, 0xA8, 0x06, 0x88, 0x80, 0xED, 0x03, 0xEE, 0x82, 0xDD, 0xFD, 0xEF, 0x02, 0xEE, 0x80,
    0xCE, 0x11, 0xCC, 0x81, 0xDC, 0xD8, 0x02, 0xCC, 0x80, 0xEC, 0x02, 0xEE, 0x08, 0xCC, 0x83, 0xEE,
    0x99, 0xFD, 0xCC, 0x03, 0xEE, 0x07, 0xCC, 0x83, 0x8D, 0x88, 0xED, 0xCE, 0x11, 0xCC, 0x85, 0xDC,
    0xAD, 0xA8, 0xDA, 0xDF, 0xAD, 0x02, 0x77, 0x03, 0x55, 0x41, 0x22, 0x80, 0xA8, 0x06, 0x88, 0x80,
    0xED, 0x03, 0xEE, 0x82, 0xDD, 0xFD, 0xEF, 0x02, 0xEE, 0x80, 0xCE, 0x11, 0xCC, 0x81, 0xDC, 0xD8,
    0x02, 0xCC, 0x80, 0xEC, 0x02, 0xEE, 0x08, 0xCC, 0x83, 0xEE, 0x99, 0xFD, 0xCC, 0x03, 0xEE, 0x07,
    0xCC, 0x83, 0x8D, 0x88, 0xED, 0xCE, 0x10, 0xCC, 0x86, 0xBB, 0xDB, 0xAA, 0x88, 0xDA, 0xDD, 0x8A,
    0x02, 0x77, 0x02, 0x55, 0x80, 0x45, 0x41, 0x22, 0x80, 0x87, 0x06, 0x88, 0x86, 0xBA, 0xBB, 0xEC,
    0xEE, 0xDB, 0xFD, 0xEF, 0x03, 0xEE, 0x82, 0xCC, 0xBB, 0xCB, 0x0E, 0xCC, 0x81, 0xDE, 0xD8, 0x02,
    0xCC, 0x82, 0xCE, 0xCB, 0xEE, 0x05, 0xCC, 0x80, 0xBB, 0x02, 0xCC, 0x83, 0xEE, 0xAA, 0xFD, 0xCC,
    0x03, 0xEE, 0x07, 0xCC, 0x83, 0x8D, 0x88, 0xED, 0xCE, 0x10, 0xCC, 0x85, 0xDD, 0xAA, 0x88, 0x87,
    0x8A, 0x66, 0x02, 0x55, 0x81, 0x22, 0x55, 0x4A, 0x22, 0x82, 0x65, 0x96, 0xED, 0x02, 0xEE, 0x81,
    0xCE, 0xEC, 0x03, 0xEE, 0x82, 0xFF, 0xDD, 0xBD, 0x04, 0xBB, 0x09, 0xCC, 0x81, 0xEC, 0xEE, 0x02,
    0xCC, 0x83, 0xEC, 0xDE, 0xD8, 0xEE, 0x04, 0xCC, 0x81, 0xBC, 0xDD, 0x02, 0xCC, 0x80, 0xEE, 0x0C,
    0xCC, 0x83, 0xFF, 0x8D, 0x88, 0xCD, 0x11, 0xCC, 0x85, 0xDD, 0xAA, 0x88, 0x87, 0x8A, 0x66, 0x02,
    0x55, 0x81, 0x22, 0x55, 0x4A, 0x22, 0x82, 0x65, 0x96, 0xED, 0x02, 0xEE, 0x81, 0xCE, 0xEC, 0x03,
    0xEE, 0x82, 0xFF, 0xDD, 0xBD, 0x04, 0xBB, 0x09, 0xCC, 0x81, 0xEC, 0xEE, 0x02, 0xCC, 0x83, 0xEC,
    0xDE, 0xD8, 0xEE, 0x04, 0xCC, 0x81, 0xBC, 0xDD, 0x02, 0xCC, 0x80, 0xEE, 0x0C, 0xCC, 0x83, 0xFF,
    0x8D, 0x88, 0xCD, 0x11, 0xCC, 0x85, 0xDD, 0xAA, 0x88, 0x87, 0x8A, 0x66, 0x02, 0x55, 0x81, 0x22,
    0x55, 0x4A, 0x22, 0x82, 0x65, 0x96, 0xED, 0x02, 0xEE, 0x81, 0xCE, 0xEC, 0x03, 0xEE, 0x82, 0xFF,
    0xDD, 0xBD, 0x04, 0xBB, 0x09, 0xCC, 0x81, 0xEC, 0xEE, 0x02, 0xCC, 0x83, 0xEC, 0xDE, 0xD8, 0xEE,
    0x04, 0xCC, 0x81, 0xBC, 0xDD, 0x02, 0xCC, 0x80, 0xEE, 0x0C, 0xCC, 0x83, 0xFF, 0x8D, 0x88, 0xCD,
    0x11, 0xCC, 0x84, 0xAD, 0xAA, 0x88, 0x87, 0x9A, 0x03, 0x66, 0x81, 0x44, 0x55, 0x1C, 0x22, 0x80,
    0x42, 0x08, 0x44, 0x80, 0x24, 0x24, 0x22, 0x86, 0x65, 0x76, 0xB8, 0xBB, 0xCB, 0xCC, 0xEC, 0x03,
    0xEE, 0x80, 0xFF, 0x06, 0xDD, 0x81, 0xBB, 0xCB, 0x07, 0xCC, 0x81, 0xEC, 0xEE, 0x02, 0xCC, 0x83,
    0xEE, 0xDE, 0xD8, 0xEE, 0x04, 0xCC, 0x81, 0xBC, 0xBD, 0x02, 0xCC, 0x80, 0xEE, 0x0C, 0xCC, 0x83,
    0xDB, 0x8A, 0xAA, 0xCD, 0x11, 0xCC, 0x80, 0xAA, 0x07, 0x99, 0x80, 0x66, 0x05, 0x55, 0x18, 0x22,
    0x82, 0x62, 0x66, 0x96, 0x05, 0x99, 0x82, 0x69, 0x66, 0x25, 0x27, 0x22, 0x82, 0xD8, 0xBD, 0xEC,
    0x04, 0xEE, 0x83, 0xAB, 0x89, 0x98, 0x89, 0x02, 0x88, 0x83, 0xDA, 0xBD, 0xBB, 0xCB, 0x07, 0xCC,
    0x80, 0xEC, 0x02, 0xEE, 0x81, 0xDE, 0xD8, 0x0B, 0xCC, 0x80, 0xEE, 0x08, 0xCC, 0x85, 0xBC, 0xBB,
    0x8D, 0x88, 0xED, 0xCE, 0x11, 0xCC, 0x80, 0xAA, 0x07, 0x99, 0x80, 0x66, 0x05, 0x55, 0x18, 0x22,
    0x82, 0x62, 0x66, 0x96, 0x05, 0x99, 0x82, 0x79, 0x66, 0x25, 0x27, 0x22, 0x82, 0xD8, 0xBD, 0xEC,
    0x04, 0xEE, 0x83, 0xAB, 0x89, 0x98, 0x89, 0x02, 0x88, 0x83, 0xDA, 0xBD, 0xBB, 0xCB, 0x07, 0xCC,
    0x80, 0xEC, 0x02, 0xEE, 0x81, 0xDE, 0xD8, 0x0B, 0xCC, 0x80, 0xEE, 0x08, 0xCC, 0x85, 0xBC, 0xBB,
    0x8D, 0x88, 0xED, 0xCE, 0x11, 0xCC, 0x80, 0xAA, 0x07, 0x99, 0x80, 0x66, 0x05, 0x55, 0x18, 0x22,
    0x82, 0x62, 0x66, 0x96, 0x05, 0x99, 0x82, 0x79, 0x66, 0x25, 0x27, 0x22, 0x82, 0xD8, 0xBD, 0xEC,
    0x04, 0xEE, 0x83, 0xAB, 0x89, 0x98, 0x89, 0x02, 0x88, 0x83, 0xDA, 0xBD, 0xBB, 0xCB, 0x07, 0xCC,
    0x80, 0xEC, 0x02, 0xEE, 0x81, 0xDE, 0xD8, 0x0B, 0xCC, 0x80, 0xEE, 0x08, 0xCC, 0x85, 0xBC, 0xBB,
    0x8D, 0x88, 0xED, 0xCE, 0x11, 0xCC, 0x80, 0xAA, 0x07, 0x99, 0x80, 0x66, 0x05, 0x55, 0x18, 0x22,
    0x82, 0x62, 0x66, 0x96, 0x05, 0x99, 0x82, 0x69, 0x66, 0x25, 0x27, 0x22, 0x82, 0xD8, 0xBD, 0xEC,
    0x04, 0xEE, 0x83, 0xAB, 0x89, 0x98, 0x89, 0x02, 0x88, 0x83, 0xDA, 0xBD, 0xBB, 0xCB, 0x07, 0xCC,
    0x80, 0xEC, 0x02, 0xEE, 0x81, 0xDE, 0xD8, 0x0B, 0xCC, 0x80, 0xEE, 0x08, 0xCC, 0x85, 0xBC, 0xBB,
    0x8D, 0x88, 0xED, 0xCE, 0x11, 0xCC, 0x14, 0x99, 0x81, 0x56, 0x22, 0x02, 0x55, 0x04, 0x22, 0x80,
    0x54, 0x04, 0x55, 0x82, 0x24, 0x52, 0x25, 0x02, 0x22, 0x81, 0x52, 0x96, 0x0B, 0x99, 0x80, 0x69,
    0x02, 0x55, 0x80, 0x25, 0x04, 0x22, 0x82, 0x62, 0x99, 0x66, 0x1C, 0x22, 0x82, 0xD7, 0xDD, 0xBD,
    0x02, 0xBB, 0x84, 0xDB, 0x2A, 0x95, 0x29, 0x82, 0x08, 0x88, 0x88, 0xA8, 0xDA, 0xCB, 0xCC, 0xEC,
    0xEE, 0xDE, 0xD8, 0xEE, 0x0A, 0xCC, 0x80, 0xEE, 0x09, 0xCC, 0x84, 0xBC, 0x8A, 0x88, 0x98, 0xBD,
    0x02, 0xBB, 0x03, 0xCC, 0x80, 0xBC, 0x0C, 0xCC, 0x14, 0x99, 0x81, 0x56, 0x22, 0x02, 0x55, 0x04,
    0x22, 0x80, 0x54, 0x04, 0x55, 0x82, 0x24, 0x52, 0x25, 0x02, 0x22, 0x81, 0x52, 0x96, 0x0B, 0x99,
    0x80, 0x69, 0x02, 0x55, 0x80, 0x25, 0x04, 0x22, 0x82, 0x62, 0x99, 0x66, 0x1C, 0x22, 0x82, 0xD7,
    0xDD, 0xBD, 0x02, 0xBB, 0x84, 0xDB, 0x2A, 0x95, 0x29, 0x82, 0x08, 0x88, 0x88, 0xA8, 0xDA, 0xCB,
    0xCC, 0xEC, 0xEE, 0xDE, 0xD8, 0xEE, 0x0A, 0xCC, 0x80, 0xEE, 0x09, 0xCC, 0x84, 0xBC, 0x8A, 0x88,
    0x98, 0xBD, 0x02, 0xBB, 0x03, 0xCC, 0x80, 0xBC, 0x0C, 0xCC, 0x14, 0x99, 0x81, 0x56, 0x22, 0x02,
    0x55, 0x04, 0x22, 0x80, 0x54, 0x04, 0x55, 0x82, 0x24, 0x52, 0x25, 0x02, 0x22, 0x81, 0x52, 0x96,
    0x0B, 0x99, 0x80, 0x69, 0x02, 0x55, 0x80, 0x25, 0x04, 0x22, 0x82, 0x62, 0x99, 0x66, 0x1C, 0x22,
    0x82, 0xD7, 0xDD, 0xBD, 0x02, 0xBB, 0x84, 0xDB, 0x2A, 0x95, 0x29, 0x82, 0x08, 0x88, 0x88, 0xA8,
    0xDA, 0xCB, 0xCC, 0xEC, 0xEE, 0xDE, 0xD8, 0xEE, 0x0A, 0xCC, 0x80, 0xEE, 0x09, 0xCC, 0x84, 0xBC,
    0x8A, 0x88, 0x98, 0xBD, 0x02, 0xBB, 0x03, 0xCC, 0x80, 0xBC, 0x0C, 0xCC, 0x14, 0x99, 0x81, 0x56,
    0x22, 0x02, 0x55, 0x04, 0x22, 0x80, 0x54, 0x04, 0x55, 0x82, 0x24, 0x52, 0x25, 0x02, 0x22, 0x81,
    0x52, 0x96, 0x0B, 0x99, 0x80, 0x69, 0x02, 0x55, 0x80, 0x25, 0x04, 0x22, 0x82, 0x62, 0x99, 0x66,
    0x1C, 0x22, 0x82, 0xD7, 0xDD, 0xBD, 0x02, 0xBB, 0x84, 0xDB, 0x2A, 0x95, 0x29, 0x82, 0x08, 0x88,
    0x88, 0xA8, 0xDA, 0xCB, 0xCC, 0xEC, 0xEE, 0xDE, 0xD8, 0xEE, 0x0A, 0xCC, 0x80, 0xEE, 0x09, 0xCC,
    0x84, 0xBC, 0x8A, 0x88, 0x98, 0xBD, 0x02, 0xBB, 0x03, 0xCC, 0x80, 0xBC, 0x0C, 0xCC, 0x0B, 0x99,
    0x80, 0xAA, 0x19, 0x99, 0x83, 0xA9, 0x9A, 0xD9, 0x9A, 0x14, 0x99, 0x82, 0x66, 0x22, 0x75, 0x02,
    0x88, 0x03, 0x99, 0x80, 0x56, 0x16, 0x22, 0x81, 0xA4, 0xDA, 0x02, 0xDD, 0x82, 0x2A, 0x52, 0x25,
    0x06, 0x22, 0x80, 0x82, 0x09, 0x88, 0x80, 0xD8, 0x02, 0xBB, 0x82, 0xCB, 0xCC, 0xCB, 0x0A, 0xCC,
    0x83, 0xBC, 0xDD, 0x88, 0xBD, 0x02, 0xBB, 0x80, 0x8A, 0x02, 0x88, 0x80, 0xBD, 0x02, 0xBB, 0x82,
    0xCC, 0xEE, 0xBE, 0x09, 0xBB, 0x80, 0xCB, 0x04, 0xCC, 0x0B, 0x99, 0x80, 0xAA, 0x19, 0x99, 0x83,
    0xA9, 0x9A, 0xD9, 0x9A, 0x14, 0x99, 0x82, 0x66, 0x22, 0x75, 0x02, 0x88, 0x03, 0x99, 0x80, 0x56,
    0x16, 0x22, 0x81, 0xA4, 0xDA, 0x02, 0xDD, 0x82, 0x2A, 0x52, 0x25, 0x06, 0x22, 0x80, 0x82, 0x09,
    0x88, 0x80, 0xD8, 0x02, 0xBB, 0x82, 0xCB, 0xCC, 0xCB, 0x0A, 0xCC, 0x82, 0xBC, 0xDD, 0x88, 0x03,
    0xBB, 0x80, 0x8A, 0x02, 0x88, 0x80, 0xBD, 0x02, 0xBB, 0x82, 0xCC, 0xEE, 0xBE, 0x09, 0xBB, 0x80,
    0xCB, 0x04, 0xCC, 0x0B, 0x99, 0x80, 0xAA, 0x19, 0x99, 0x83, 0xA9, 0x9A, 0xD9, 0x9A, 0x14, 0x99,
    0x82, 0x66, 0x22, 0x75, 0x02, 0x88, 0x03, 0x99, 0x80, 0x56, 0x16, 0x22, 0x81, 0xA4, 0xDA, 0x02,
    0xDD, 0x82, 0x2A, 0x52, 0x25, 0x06, 0x22, 0x80, 0x82, 0x09, 0x88, 0x80, 0xD8, 0x02, 0xBB, 0x82,
    0xCB, 0xCC, 0xCB, 0x0A, 0xCC, 0x82, 0xBC, 0xDD, 0x88, 0x03, 0xBB, 0x80, 0x8A, 0x02, 0x88, 0x80,
    0xBD, 0x02, 0xBB, 0x82, 0xCC, 0xEE, 0xBE, 0x09, 0xBB, 0x80, 0xCB, 0x04, 0xCC, 0x0B, 0x99, 0x80,
    0xAA, 0x19, 0x99, 0x83, 0xA9, 0x9A, 0xD9, 0x9A, 0x14, 0x99, 0x82, 0x66, 0x22, 0x75, 0x02, 0x88,
    0x03, 0x99, 0x80, 0x56, 0x16, 0x22, 0x81, 0xA4, 0xDA, 0x02, 0xDD, 0x82, 0x2A, 0x52, 0x25, 0x06,
    0x22, 0x80, 0x82, 0x09, 0x88, 0x80, 0xD8, 0x02, 0xBB, 0x82, 0xCB, 0xCC, 0xCB, 0x0A, 0xCC, 0x83,
    0xBC, 0xDD, 0x88, 0xBD, 0x02, 0xBB, 0x80, 0x8A, 0x02, 0x88, 0x80, 0xBD, 0x02, 0xBB, 0x82, 0xCC,
    0xEE, 0xBE, 0x09, 0xBB, 0x80, 0xCB, 0x04, 0xCC, 0x0E, 0x99, 0x80, 0xBB, 0x02, 0xCC, 0x80, 0xDD,
    0x07, 0x99, 0x82, 0xCD, 0xBC, 0xFB, 0x02, 0xDD, 0x80, 0x8A, 0x02, 0xAA, 0x80, 0xDA, 0x04, 0xDD,
    0x86, 0xCD, 0x9D, 0xDA, 0xCF, 0xDC, 0xAD, 0x9A, 0x06, 0x99, 0x83, 0xA9, 0x9D, 0xA9, 0xAD, 0x0A,
    0x99, 0x81, 0x55, 0x52, 0x04, 0x99, 0x02, 0x88, 0x80, 0xAA, 0x15, 0x22, 0x83, 0x64, 0x26, 0x94,
    0x29, 0x0B, 0x22, 0x82, 0x62, 0x69, 0x72, 0x06, 0x88, 0x81, 0xA8, 0xDD, 0x02, 0xBB, 0x84, 0xCB,
    0xCC, 0xA8, 0xDD, 0xCB, 0x03, 0xCC, 0x89, 0xEE, 0xCC, 0xBC, 0xCC, 0xBC, 0x8A, 0xAA, 0x88, 0xDA,
    0xBD, 0x02, 0xBB, 0x80, 0xEC, 0x03, 0xFF, 0x81, 0xBF, 0xFB, 0x05, 0xFF, 0x80, 0xBF, 0x02, 0xBB,
    0x82, 0xCB, 0xCC, 0xBC, 0x0E, 0x99, 0x80, 0xBB, 0x02, 0xCC, 0x80, 0xDD, 0x07, 0x99, 0x82, 0xCD,
    0xBC, 0xFB, 0x02, 0xDD, 0x80, 0x8A, 0x02, 0xAA, 0x80, 0xDA, 0x04, 0xDD, 0x86, 0xCD, 0x9D, 0xDA,
    0xCF, 0xDC, 0xAD, 0x9A, 0x06, 0x99, 0x83, 0xA9, 0x9D, 0xA9, 0xAD, 0x0A, 0x99, 0x81, 0x55, 0x52,
    0x04, 0x99, 0x02, 0x88, 0x80, 0xAA, 0x15, 0x22, 0x83, 0x64, 0x26, 0x94, 0x29, 0x0B, 0x22, 0x82,
    0x62, 0x69, 0x72, 0x06, 0x88, 0x81, 0xA8, 0xDD, 0x02, 0xBB, 0x84, 0xCB, 0xCC, 0xA8, 0xDD, 0xCB,
    0x03, 0xCC, 0x89, 0xEE, 0xCC, 0xBC, 0xCC, 0xBC, 0x8A, 0xAA, 0x88, 0xDA, 0xBD, 0x02, 0xBB, 0x80,
    0xEC, 0x03, 0xFF, 0x81, 0xBF, 0xFB, 0x05, 0xFF, 0x80, 0xBF, 0x02, 0xBB, 0x82, 0xCB, 0xCC, 0xBC,
    0x0E, 0x99, 0x80, 0xBB, 0x02, 0xCC, 0x80, 0xDD, 0x07, 0x99, 0x82, 0xCD, 0xBC, 0xFB, 0x02, 0xDD,
    0x80, 0x8A, 0x02, 0xAA, 0x80, 0xDA, 0x04, 0xDD, 0x86, 0xCD, 0x9D, 0xDA, 0xCF, 0xDC, 0xAD, 0x9A,
    0x06, 0x99, 0x83, 0xA9, 0x9D, 0xA9, 0xAD, 0x0A, 0x99, 0x81, 0x55, 0x52, 0x04, 0x99, 0x02, 0x88,
    0x80, 0xAA, 0x15, 0x22, 0x83, 0x64, 0x26, 0x94, 0x29, 0x0B, 0x22, 0x82, 0x62, 0x69, 0x72, 0x06,
    0x88, 0x81, 0xA8, 0xDD, 0x02, 0xBB, 0x84, 0xCB, 0xCC, 0xA8, 0xDD, 0xCB, 0x03, 0xCC, 0x89, 0xEE,
    0xCC, 0xBC, 0xCC, 0xBC, 0x8A, 0xAA, 0x88, 0xDA, 0xBD, 0x02, 0xBB, 0x80, 0xEC, 0x03, 0xFF, 0x81,
    0xBF, 0xFB, 0x05, 0xFF, 0x80, 0xBF, 0x02, 0xBB, 0x82, 0xCB, 0xCC, 0xBC, 0x0E, 0x99, 0x80, 0xBB,
    0x02, 0xCC, 0x80, 0xDD, 0x07, 0x99, 0x82, 0xCD, 0xBC, 0xFB, 0x02, 0xDD, 0x80, 0x8A, 0x02, 0xAA,
    0x80, 0xDA, 0x04, 0xDD, 0x86, 0xCD, 0x9D, 0xDA, 0xCF, 0xDC, 0xAD, 0x9A, 0x06, 0x99, 0x83, 0xA9,
    0x9D, 0xA9, 0xAD, 0x0A, 0x99, 0x81, 0x55, 0x52, 0x04, 0x99, 0x02, 0x88, 0x80, 0xAA, 0x15, 0x22,
    0x83, 0x64, 0x26, 0x94, 0x29, 0x0B, 0x22, 0x82, 0x62, 0x69, 0x72, 0x06, 0x88, 0x81, 0xA8, 0xDD,
    0x02, 0xBB, 0x84, 0xCB, 0xCC, 0xA8, 0xDD, 0xCB, 0x03, 0xCC, 0x89, 0xEE, 0xCC, 0xBC, 0xCC, 0xBC,
    0x8A, 0xAA, 0x88, 0xDA, 0xBD, 0x02, 0xBB, 0x80, 0xEC, 0x03, 0xFF, 0x81, 0xBF, 0xFB, 0x05, 0xFF,
    0x80, 0xBF, 0x02, 0xBB, 0x82, 0xCB, 0xCC, 0xBC, 0x03, 0x99, 0x80, 0xDA, 0x02, 0xBB, 0x80, 0xCB,
    0x09, 0xCC, 0x03, 0xEE, 0x03, 0xCC, 0x80, 0xBC, 0x02, 0xBB, 0x10, 0xCC, 0x82, 0xEC, 0xEE, 0xCE,
    0x09, 0xCC, 0x84, 0xEC, 0xCE, 0xCC, 0xDC, 0x9A, 0x07, 0x99, 0x80, 0xAA, 0x02, 0x99, 0x80, 0x65,
    0x02, 0x99, 0x81, 0x88, 0x99, 0x03, 0x88, 0x80, 0x25, 0x28, 0x22, 0x80, 0x72, 0x04, 0x88, 0x81,
    0x99, 0x75, 0x02, 0x88, 0x08, 0xBB, 0x02, 0xAA, 0x8B, 0x57, 0x88, 0x98, 0xDA, 0xBB, 0xFB, 0xCF,
    0xEE, 0xFF, 0xDD, 0x8D, 0xD8, 0x04, 0xDD, 0x80, 0xFD, 0x03, 0xFF, 0x80, 0xBF, 0x03, 0xBB, 0x03,
    0x99, 0x80, 0xDA, 0x02, 0xBB, 0x80, 0xCB, 0x09, 0xCC, 0x03, 0xEE, 0x03, 0xCC, 0x80, 0xBC, 0x02,
    0xBB, 0x10, 0xCC, 0x82, 0xEC, 0xEE, 0xCE, 0x09, 0xCC, 0x84, 0xEC, 0xCE, 0xCC, 0xDC, 0x9A, 0x07,
    0x99, 0x80, 0xAA, 0x02, 0x99, 0x80, 0x65, 0x02, 0x99, 0x81, 0x88, 0x99, 0x03, 0x88, 0x80, 0x25,
    0x28, 0x22, 0x80, 0x72, 0x04, 0x88, 0x81, 0x99, 0x75, 0x02, 0x88, 0x08, 0xBB, 0x02, 0xAA, 0x8B,
    0x57, 0x88, 0x98, 0xDA, 0xBB, 0xFB, 0xCF, 0xEE, 0xFF, 0xDD, 0x8D, 0xD8, 0x04, 0xDD, 0x80, 0xFD,
    0x03, 0xFF, 0x80, 0xBF, 0x03, 0xBB, 0x03, 0x99, 0x80, 0xDA, 0x02, 0xBB, 0x80, 0xCB, 0x09, 0xCC,
    0x03, 0xEE, 0x03, 0xCC, 0x80, 0xBC, 0x02, 0xBB, 0x10, 0xCC, 0x82, 0xEC, 0xEE, 0xCE, 0x09, 0xCC,
    0x84, 0xEC, 0xCE, 0xCC, 0xDC, 0x9A, 0x07, 0x99, 0x80, 0xAA, 0x02, 0x99, 0x80, 0x65, 0x02, 0x99,
    0x81, 0x88, 0x99, 0x03, 0x88, 0x80, 0x25, 0x28, 0x22, 0x80, 0x72, 0x04, 0x88, 0x81, 0x99, 0x75,
    0x02, 0x88, 0x08, 0xBB, 0x02, 0xAA, 0x8B, 0x57, 0x88, 0x98, 0xDA, 0xBB, 0xFB, 0xCF, 0xEE, 0xFF,
    0xDD, 0x8D, 0xD8, 0x04, 0xDD, 0x80, 0xFD, 0x03, 0xFF, 0x80, 0xBF, 0x03, 0xBB, 0x03, 0x99, 0x80,
    0xDA, 0x02, 0xBB, 0x80, 0xCB, 0x09, 0xCC, 0x03, 0xEE, 0x03, 0xCC, 0x80, 0xBC, 0x02, 0xBB, 0x10,
    0xCC, 0x82, 0xEC, 0xEE, 0xCE, 0x09, 0xCC, 0x84, 0xEC, 0xCE, 0xCC, 0xDC, 0x9A, 0x07, 0x99, 0x80,
    0xAA, 0x02, 0x99, 0x80, 0x65, 0x02, 0x99, 0x81, 0x88, 0x99, 0x03, 0x88, 0x80, 0x25, 0x28, 0x22,
    0x80, 0x72, 0x04, 0x88, 0x81, 0x99, 0x75, 0x02, 0x88, 0x08, 0xBB, 0x02, 0xAA, 0x8B, 0x57, 0x88,
    0x98, 0xDA, 0xBB, 0xFB, 0xCF, 0xEE, 0xFF, 0xDD, 0x8D, 0xD8, 0x04, 0xDD, 0x80, 0xFD, 0x03, 0xFF,
    0x80, 0xBF, 0x03, 0xBB, 0x04, 0x99, 0x04, 0xAA, 0x80, 0xBD, 0x08, 0xCC, 0x06, 0xEE, 0x04, 0xCC,
    0x03, 0xFF, 0x81, 0xCB, 0xDD, 0x0D, 0xAA, 0x81, 0xDA, 0xCD, 0x09, 0xEE, 0x81, 0xCE, 0xBB, 0x06,
    0xDD, 0x04, 0x99, 0x80, 0x69, 0x02, 0x55, 0x80, 0x98, 0x03, 0x99, 0x03, 0x88, 0x80, 0x24, 0x27,
    0x22, 0x02, 0x55, 0x83, 0x75, 0x88, 0x54, 0x75, 0x02, 0x88, 0x03, 0xAA, 0x03, 0xBB, 0x8E, 0xDB,
    0x8A, 0xAA, 0x77, 0x55, 0x98, 0xDA, 0xBD, 0xBB, 0xCC, 0xEE, 0xFF, 0x8D, 0xDD, 0x7D, 0x03, 0x88,
    0x80, 0xDA, 0x04, 0xDD, 0x81, 0xFD, 0xBF, 0x02, 0xBB, 0x80, 0xCB, 0x08, 0x99, 0x80, 0xDD, 0x08,
    0xCC, 0x06, 0xEE, 0x04, 0xCC, 0x03, 0xFF, 0x81, 0xCB, 0xAD, 0x02, 0x99, 0x80, 0x89, 0x09, 0x88,
    0x82, 0x98, 0xA9, 0xBD, 0x0B, 0xEE, 0x02, 0xCC, 0x03, 0xBB, 0x80, 0xDC, 0x04, 0x99, 0x80, 0x69,
    0x02, 0x22, 0x04, 0x99, 0x03, 0x88, 0x80, 0x25, 0x29, 0x22, 0x83, 0x52, 0x88, 0x22, 0x75, 0x04,
    0x88, 0x80, 0x99, 0x03, 0xBB, 0x86, 0xDD, 0x98, 0xAA, 0x27, 0x55, 0x99, 0xDA, 0x02, 0xBB, 0x85,
    0xCC, 0xEE, 0xFF, 0x7D, 0xDA, 0x7D, 0x02, 0x77, 0x81, 0x87, 0xD8, 0x04, 0xDD, 0x81, 0xFD, 0xBF,
    0x02, 0xBB, 0x80, 0xCB, 0x08, 0x99, 0x80, 0xDD, 0x08, 0xCC, 0x06, 0xEE, 0x04, 0xCC, 0x03, 0xFF,
    0x81, 0xCB, 0xAD, 0x02, 0x99, 0x80, 0x89, 0x09, 0x88, 0x82, 0x98, 0xA9, 0xBD, 0x0B, 0xEE, 0x02,
    0xCC, 0x03, 0xBB, 0x80, 0xDC, 0x04, 0x99, 0x80, 0x69, 0x02, 0x22, 0x04, 0x99, 0x03, 0x88, 0x80,
    0x25, 0x29, 0x22, 0x83, 0x52, 0x88, 0x22, 0x75, 0x04, 0x88, 0x80, 0x99, 0x03, 0xBB, 0x86, 0xDD,
    0x98, 0xAA, 0x27, 0x55, 0x99, 0xDA, 0x02, 0xBB, 0x85, 0xCC, 0xEE, 0xFF, 0x7D, 0xDA, 0x7D, 0x03,
    0x77, 0x80, 0xD8, 0x04, 0xDD, 0x81, 0xFD, 0xBF, 0x02, 0xBB, 0x80, 0xCB, 0x08, 0x99, 0x80, 0xDD,
    0x08, 0xCC, 0x06, 0xEE, 0x04, 0xCC, 0x03, 0xFF, 0x81, 0xCB, 0xAD, 0x02, 0x99, 0x80, 0x89, 0x09,
    0x88, 0x82, 0x98, 0xA9, 0xBD, 0x0B, 0xEE, 0x02, 0xCC, 0x03, 0xBB, 0x80, 0xDC, 0x04, 0x99, 0x80,
    0x69, 0x02, 0x22, 0x04, 0x99, 0x03, 0x88, 0x80, 0x25, 0x29, 0x22, 0x83, 0x52, 0x88, 0x22, 0x75,
    0x04, 0x88, 0x80, 0x99, 0x03, 0xBB, 0x86, 0xDD, 0x98, 0xAA, 0x27, 0x55, 0x99, 0xDA, 0x02, 0xBB,
    0x85, 0xCC, 0xEE, 0xFF, 0x7D, 0xDA, 0x7D, 0x03, 0x77, 0x80, 0xD8, 0x04, 0xDD, 0x81, 0xFD, 0xBF,
    0x02, 0xBB, 0x80, 0xCB, 0x09, 0x99, 0x03, 0xAA, 0x81, 0xDA, 0xFF, 0x05, 0xEE, 0x81, 0xBC, 0xDD,
    0x0A, 0xAA, 0x80, 0x8A, 0x03, 0x88, 0x83, 0x98, 0x99, 0x88, 0x98, 0x03, 0x88, 0x81, 0x98, 0xB9,
    0x02, 0xBB, 0x80, 0xDB, 0x07, 0xDD, 0x80, 0xCD, 0x07, 0xEE, 0x83, 0xCE, 0xBC, 0xDD, 0x9A, 0x03,
    0x99, 0x84, 0x66, 0x22, 0x55, 0x66, 0x99, 0x05, 0x88, 0x80, 0x24, 0x29, 0x22, 0x80, 0x55, 0x02,
    0x22, 0x03, 0x55, 0x02, 0x88, 0x02, 0xAA, 0x94, 0xDD, 0x8A, 0x99, 0x77, 0x55, 0x97, 0xDA, 0xDD,
    0xBB, 0xCC, 0xEE, 0xFF, 0xDB, 0xDD, 0x8D, 0x77, 0x87, 0x88, 0x99, 0x89, 0xD8, 0x04, 0xDD, 0x83,
    0xAD, 0xAA, 0xDD, 0xCD, 0x0C, 0x99, 0x81, 0xAA, 0xFF, 0x05, 0xEE, 0x82, 0xBC, 0xDD, 0x8A, 0x0D,
    0x88, 0x84, 0x98, 0x99, 0x89, 0x98, 0x89, 0x02, 0x88, 0x84, 0x98, 0xC9, 0xCC, 0xEC, 0xDF, 0x07,
    0xDD, 0x80, 0xCD, 0x08, 0xEE, 0x82, 0xCC, 0xBC, 0xAA, 0x04, 0x99, 0x02, 0x22, 0x81, 0x65, 0x99,
    0x05, 0x88, 0x80, 0x25, 0x2F, 0x22, 0x04, 0x88, 0x80, 0xAD, 0x02, 0x99, 0x82, 0x25, 0x55, 0x99,
    0x02, 0xDD, 0x88, 0xBB, 0xCC, 0xEE, 0xFF, 0xDD, 0xFD, 0x7D, 0x77, 0x97, 0x02, 0x99, 0x81, 0x79,
    0xD8, 0x03, 0xDD, 0x84, 0xAD, 0xAA, 0xA9, 0xDA, 0xCD, 0x0C, 0x99, 0x81, 0xAA, 0xFF, 0x05, 0xEE,
    0x82, 0xBC, 0xDD, 0x8A, 0x0D, 0x88, 0x84, 0x98, 0x99, 0x89, 0x98, 0x89, 0x02, 0x88, 0x84, 0x98,
    0xC9, 0xCC, 0xEC, 0xDF, 0x07, 0xDD, 0x80, 0xCD, 0x08, 0xEE, 0x82, 0xCC, 0xBC, 0xAA, 0x04, 0x99,
    0x02, 0x22, 0x81, 0x65, 0x99, 0x05, 0x88, 0x80, 0x25, 0x2F, 0x22, 0x04, 0x88, 0x80, 0xAD, 0x02,
    0x99, 0x82, 0x25, 0x55, 0x99, 0x02, 0xDD, 0x88, 0xBB, 0xCC, 0xEE, 0xFF, 0xDD, 0xFD, 0x7D, 0x77,
    0x97, 0x02, 0x99, 0x81, 0x79, 0xD8, 0x03, 0xDD, 0x84, 0xAD, 0xAA, 0xA9, 0xDA, 0xCD, 0x0C, 0x99,
    0x81, 0xAA, 0xFF, 0x05, 0xEE, 0x82, 0xBC, 0xDD, 0x8A, 0x0D, 0x88, 0x84, 0x98, 0x99, 0x89, 0x98,
    0x89, 0x02, 0x88, 0x84, 0x98, 0xC9, 0xCC, 0xEC, 0xDF, 0x07, 0xDD, 0x80, 0xCD, 0x08, 0xEE, 0x82,
    0xCC, 0xBC, 0xAA, 0x04, 0x99, 0x02, 0x22, 0x81, 0x65, 0x99, 0x05, 0x88, 0x80, 0x25, 0x2F, 0x22,
    0x04, 0x88, 0x80, 0xAD, 0x02, 0x99, 0x82, 0x25, 0x55, 0x99, 0x02, 0xDD, 0x88, 0xBB, 0xCC, 0xEE,
    0xFF, 0xDD, 0xFD, 0x7D, 0x77, 0x97, 0x02, 0x99, 0x81, 0x79, 0xD8, 0x03, 0xDD, 0x85, 0xAD, 0xAA,
    0xA9, 0xDA, 0xCD, 0x96, 0x0C, 0x99, 0x08, 0xAA, 0x07, 0x88, 0x80, 0x27, 0x0C, 0x22, 0x84, 0xA2,
    0xAA, 0xDA, 0xDD, 0xAD, 0x06, 0xAA, 0x05, 0xDD, 0x81, 0xAD, 0xDA, 0x05, 0xEE, 0x81, 0xCE, 0xBB,
    0x03, 0xDD, 0x84, 0x99, 0x66, 0x55, 0x22, 0x55, 0x02, 0x99, 0x03, 0x88, 0x80, 0x25, 0x2F, 0x22,
    0x04, 0x55, 0x90, 0x74, 0x88, 0x57, 0x66, 0x99, 0x88, 0xAA, 0x8A, 0xFD, 0xBB, 0xFB, 0xDB, 0xDD,
    0x8D, 0xDA, 0xDD, 0x7A, 0x03, 0x77, 0x80, 0x87, 0x02, 0x88, 0x86, 0xD8, 0xDD, 0x8D, 0xD8, 0xBD,
    0xCB, 0x66, 0x11, 0x99, 0x0A, 0x88, 0x80, 0x07, 0x0C, 0x00, 0x81, 0xA0, 0xDA, 0x02, 0xDD, 0x80,
    0xAD, 0x06, 0xAA, 0x05, 0xDD, 0x81, 0x8D, 0xD9, 0x07, 0xEE, 0x02, 0xCC, 0x80, 0xDC, 0x02, 0x99,
    0x80, 0x56, 0x02, 0x22, 0x02, 0x99, 0x03, 0x88, 0x80, 0x25, 0x33, 0x22, 0x84, 0x42, 0x88, 0x25,
    0x96, 0x99, 0x02, 0x88, 0x83, 0x99, 0xFA, 0xBB, 0xFB, 0x02, 0xDD, 0x83, 0x7A, 0xDA, 0xDD, 0x7D,
    0x06, 0x77, 0x86, 0xD8, 0xDD, 0x8D, 0xD8, 0xBD, 0xBC, 0x66, 0x11, 0x99, 0x0A, 0x88, 0x80, 0x07,
    0x0C, 0x00, 0x81, 0xA0, 0xDA, 0x02, 0xDD, 0x80, 0xAD, 0x06, 0xAA, 0x05, 0xDD, 0x81, 0x8D, 0xD9,
    0x07, 0xEE, 0x02, 0xCC, 0x80, 0xDC, 0x02, 0x99, 0x80, 0x56, 0x02, 0x22, 0x02, 0x99, 0x03, 0x88,
    0x80, 0x25, 0x33, 0x22, 0x84, 0x42, 0x88, 0x25, 0x96, 0x99, 0x02, 0x88, 0x83, 0x99, 0xFA, 0xBB,
    0xFB, 0x02, 0xDD, 0x83, 0x7A, 0xDA, 0xDD, 0x7D, 0x06, 0x77, 0x86, 0xD7, 0xDD, 0x8D, 0xD8, 0xBD,
    0xBC, 0x66, 0x11, 0x99, 0x0A, 0x88, 0x80, 0x07, 0x0C, 0x00, 0x81, 0xA0, 0xDA, 0x02, 0xDD, 0x80,
    0xAD, 0x06, 0xAA, 0x05, 0xDD, 0x81, 0x8D, 0xD9, 0x07, 0xEE, 0x02, 0xCC, 0x80, 0xDC, 0x02, 0x99,
    0x80, 0x56, 0x02, 0x22, 0x02, 0x99, 0x03, 0x88, 0x80, 0x25, 0x33, 0x22, 0x84, 0x42, 0x88, 0x25,
    0x96, 0x99, 0x02, 0x88, 0x83, 0x99, 0xFA, 0xBB, 0xFB, 0x02, 0xDD, 0x83, 0x7A, 0xDA, 0xDD, 0x7D,
    0x06, 0x77, 0x86, 0xD7, 0xDD, 0x8D, 0xD8, 0xBD, 0xBC, 0x64, 0x0C, 0x99, 0x80, 0x88, 0x04, 0x99,
    0x05, 0x88, 0x80, 0x27, 0x04, 0x22, 0x0C, 0x00, 0x83, 0x70, 0x87, 0xD8, 0xAD, 0x06, 0xAA, 0x80,
    0xDA, 0x03, 0xDD, 0x80, 0xAD, 0x02, 0xAA, 0x81, 0xAD, 0xDA, 0x02, 0xDD, 0x80, 0xBD, 0x03, 0xEE,
    0x03, 0xCC, 0x80, 0xDC, 0x03, 0x99, 0x02, 0x22, 0x81, 0x55, 0x99, 0x04, 0x88, 0x80, 0x24, 0x32,
    0x22, 0x85, 0x55, 0xDA, 0x27, 0x54, 0x99, 0xDA, 0x02, 0xDD, 0x85, 0xFB, 0xCC, 0xFC, 0xCC, 0xAD,
    0xDA, 0x04, 0xDD, 0x80, 0x7A, 0x02, 0x77, 0x84, 0x87, 0x78, 0x87, 0x88, 0xD8, 0x02, 0xDD, 0x81,
    0xFD, 0x62, 0x0C, 0x99, 0x80, 0x88, 0x04, 0x99, 0x05, 0x88, 0x80, 0x02, 0x10, 0x00, 0x83, 0x70,
    0x87, 0xD8, 0xAD, 0x06, 0xAA, 0x84, 0xDA, 0x3D, 0xB3, 0xDB, 0x8D, 0x02, 0xAA, 0x05, 0xDD, 0x03,
    0xEE, 0x03, 0xCC, 0x80, 0xDC, 0x03, 0x99, 0x03, 0x22, 0x80, 0x97, 0x04, 0x88, 0x80, 0x25, 0x32,
    0x22, 0x84, 0x75, 0xDA, 0x27, 0x22, 0x99, 0x02, 0xDD, 0x80, 0xCB, 0x04, 0xEE, 0x80, 0xAD, 0x05,
    0xDD, 0x84, 0x7D, 0x77, 0x67, 0x96, 0x79, 0x02, 0x77, 0x84, 0xD8, 0xFD, 0xDF, 0xFD, 0x62, 0x0C,
    0x99, 0x80, 0x88, 0x04, 0x99, 0x05, 0x88, 0x80, 0x02, 0x10, 0x00, 0x83, 0x70, 0x87, 0xD8, 0xAD,
    0x06, 0xAA, 0x84, 0xDA, 0x3B, 0xB3, 0xBB, 0x8D, 0x02, 0xAA, 0x05, 0xDD, 0x03, 0xEE, 0x03, 0xCC,
    0x80, 0xDC, 0x03, 0x99, 0x03, 0x22, 0x80, 0x97, 0x04, 0x88, 0x80, 0x25, 0x32, 0x22, 0x84, 0x75,
    0xDA, 0x27, 0x22, 0x99, 0x02, 0xDD, 0x80, 0xCB, 0x04, 0xEE, 0x80, 0xAD, 0x05, 0xDD, 0x84, 0x7D,
    0x77, 0x67, 0x96, 0x79, 0x02, 0x77, 0x84, 0xD8, 0xFD, 0xDF, 0xFD, 0x62, 0x0C, 0x99, 0x80, 0x88,
    0x04, 0x99, 0x05, 0x88, 0x80, 0x02, 0x10, 0x00, 0x83, 0x70, 0x87, 0xD8, 0xAD, 0x06, 0xAA, 0x84,
    0xDA, 0x3B, 0xB3, 0xDB, 0x8D, 0x02, 0xAA, 0x05, 0xDD, 0x03, 0xEE, 0x03, 0xCC, 0x80, 0xDC, 0x03,
    0x99, 0x03, 0x22, 0x80, 0x97, 0x04, 0x88, 0x80, 0x25, 0x32, 0x22, 0x84, 0x75, 0xDA, 0x27, 0x22,
    0x99, 0x02, 0xDD, 0x80, 0xCB, 0x04, 0xEE, 0x80, 0xAD, 0x05, 0xDD, 0x84, 0x7D, 0x77, 0x67, 0x96,
    0x79, 0x02, 0x77, 0x85, 0xD8, 0xFD, 0xDF, 0xFD, 0x52, 0x66, 0x0B, 0x99, 0x80, 0x88, 0x04, 0x99,
    0x80, 0x89, 0x04, 0x77, 0x11, 0x00, 0x82, 0x20, 0x72, 0xA8, 0x05, 0xAA, 0x87, 0x88, 0xA8, 0xDD,
    0x8D, 0xD8, 0xBB, 0xDB, 0x88, 0x04, 0xAA, 0x02, 0xDD, 0x80, 0xBD, 0x02, 0xEE, 0x80, 0xCE, 0x02,
    0xCC, 0x83, 0xBC, 0xDD, 0xAD, 0x99, 0x03, 0x22, 0x80, 0x66, 0x04, 0x88, 0x80, 0x25, 0x30, 0x22,
    0x83, 0x66, 0x22, 0x44, 0x77, 0x02, 0x88, 0x80, 0xAA, 0x02, 0xDD, 0x80, 0xBD, 0x03, 0xBB, 0x81,
    0xEC, 0x9D, 0x03, 0xAA, 0x02, 0xDD, 0x81, 0xAD, 0x8A, 0x02, 0x88, 0x88, 0x78, 0x77, 0xA7, 0xDA,
    0xFD, 0xBF, 0xFB, 0x22, 0x62, 0x11, 0x99, 0x81, 0x55, 0x01, 0x14, 0x00, 0x81, 0x70, 0x87, 0x05,
    0xAA, 0x87, 0x88, 0x33, 0xD3, 0xAD, 0x38, 0x33, 0x3B, 0x83, 0x04, 0xAA, 0x03, 0xDD, 0x03, 0xEE,
    0x04, 0xCC, 0x81, 0xBB, 0x99, 0x04, 0x22, 0x80, 0x97, 0x03, 0x88, 0x80, 0x25, 0x30, 0x22, 0x80,
    0x99, 0x03, 0x22, 0x09, 0xDD, 0x81, 0xEB, 0x9D, 0x02, 0x88, 0x81, 0x98, 0xDA, 0x04, 0xDD, 0x89,
    0x8D, 0x78, 0x87, 0xD8, 0xFD, 0xFF, 0xBF, 0xCB, 0x22, 0x62, 0x11, 0x99, 0x81, 0x55, 0x01, 0x14,
    0x00, 0x81, 0x70, 0x87, 0x05, 0xAA, 0x87, 0x88, 0x33, 0xD3, 0xAD, 0x38, 0xB3, 0x3B, 0x83, 0x04,
    0xAA, 0x03, 0xDD, 0x03, 0xEE, 0x04, 0xCC, 0x81, 0xBB, 0x99, 0x04, 0x22, 0x80, 0x97, 0x03, 0x88,
    0x80, 0x25, 0x30, 0x22, 0x80, 0x99, 0x03, 0x22, 0x09, 0xDD, 0x81, 0xEB, 0x9D, 0x02, 0x88, 0x81,
    0x98, 0xDA, 0x04, 0xDD, 0x89, 0x8D, 0x78, 0x87, 0xD8, 0xFD, 0xFF, 0xBF, 0xCB, 0x22, 0x62, 0x11,
    0x99, 0x81, 0x55, 0x01, 0x14, 0x00, 0x81, 0x70, 0x87, 0x05, 0xAA, 0x87, 0x88, 0x33, 0xD3, 0xAD,
    0x38, 0x33, 0x3B, 0x83, 0x04, 0xAA, 0x03, 0xDD, 0x03, 0xEE, 0x04, 0xCC, 0x81, 0xBB, 0x99, 0x04,
    0x22, 0x80, 0x97, 0x03, 0x88, 0x80, 0x25, 0x30, 0x22, 0x80, 0x99, 0x03, 0x22, 0x09, 0xDD, 0x81,
    0xEB, 0x9D, 0x02, 0x88, 0x81, 0x98, 0xDA, 0x04, 0xDD, 0x8A, 0x8D, 0x78, 0x87, 0xD8, 0xFD, 0xFF,
    0xBF, 0xCB, 0x22, 0x52, 0x66, 0x0A, 0x99, 0x80, 0x88, 0x02, 0x99, 0x84, 0x88, 0xAA, 0x99, 0x66,
    0x02, 0x12, 0x00, 0x83, 0x70, 0x77, 0x87, 0x88, 0x04, 0xAA, 0x85, 0x8A, 0x88, 0xD8, 0xBB, 0xDB,
    0xBD, 0x02, 0xBB, 0x80, 0x83, 0x05, 0xAA, 0x02, 0xDD, 0x82, 0xCE, 0xDD, 0xEE, 0x02, 0xCC, 0x80,
    0xBC, 0x02, 0xDD, 0x80, 0xAA, 0x02, 0x88, 0x82, 0x24, 0x22, 0x66, 0x03, 0x88, 0x80, 0x25, 0x30,
    0x22, 0x80, 0x66, 0x03, 0x22, 0x80, 0x87, 0x08, 0x88, 0x82, 0xD8, 0x67, 0x77, 0x02, 0x88, 0x03,
    0xAA, 0x02, 0xDD, 0x87, 0x8D, 0xD8, 0xDD, 0xBD, 0xBB, 0xFB, 0xCF, 0xFC, 0x02, 0x22, 0x80, 0x62,
    0x0A, 0x99, 0x03, 0x88, 0x84, 0xDA, 0xDD, 0x98, 0x99, 0x02, 0x12, 0x00, 0x80, 0x82, 0x07, 0xAA,
    0x88, 0x38, 0x73, 0xB8, 0xCB, 0xEC, 0xBE, 0xBB, 0x3B, 0x73, 0x05, 0xAA, 0x02, 0xDD, 0x82, 0xBE,
    0xA9, 0xEE, 0x02, 0xCC, 0x80, 0xDC, 0x02, 0x99, 0x80, 0xCB, 0x02, 0xDD, 0x80, 0x55, 0x02, 0x22,
    0x02, 0x88, 0x81, 0x99, 0x25, 0x40, 0x22, 0x80, 0x87, 0x04, 0x88, 0x89, 0xDA, 0xDD, 0x8D, 0xB8,
    0xEC, 0xEE, 0xCE, 0xCB, 0xEC, 0xFE, 0x02, 0x22, 0x80, 0x62, 0x0A, 0x99, 0x03, 0x88, 0x84, 0xDA,
    0xDD, 0x98, 0x99, 0x02, 0x12, 0x00, 0x80, 0x82, 0x07, 0xAA, 0x88, 0x38, 0x73, 0xB8, 0xCB, 0xEC,
    0xBE, 0xBB, 0x3B, 0x73, 0x05, 0xAA, 0x02, 0xDD, 0x82, 0xBE, 0xA9, 0xEE, 0x02, 0xCC, 0x80, 0xDC,
    0x02, 0x99, 0x80, 0xCB, 0x02, 0xDD, 0x80, 0x55, 0x02, 0x22, 0x02, 0x88, 0x81, 0x99, 0x25, 0x40,
    0x22, 0x80, 0x87, 0x04, 0x88, 0x89, 0xDA, 0xDD, 0x8D, 0xB8, 0xEC, 0xEE, 0xCE, 0xCB, 0xEC, 0xFE,
    0x02, 0x22, 0x80, 0x62, 0x0A, 0x99, 0x03, 0x88, 0x84, 0xDA, 0xDD, 0x98, 0x99, 0x02, 0x12, 0x00,
    0x80, 0x82, 0x07, 0xAA, 0x88, 0x38, 0x73, 0xB8, 0xCB, 0xEC, 0xBE, 0xBB, 0x3B, 0x73, 0x05, 0xAA,
    0x02, 0xDD, 0x82, 0xBE, 0xA9, 0xEE, 0x02, 0xCC, 0x80, 0xDC, 0x02, 0x99, 0x80, 0xCB, 0x02, 0xDD,
    0x80, 0x55, 0x02, 0x22, 0x02, 0x88, 0x81, 0x99, 0x25, 0x40, 0x22, 0x80, 0x87, 0x04, 0x88, 0x89,
    0xDA, 0xDD, 0x8D, 0xB8, 0xEC, 0xEE, 0xCE, 0xCB, 0xEC, 0xFE, 0x02, 0x22, 0x81, 0x52, 0x66, 0x0A,
    0x99, 0x02, 0x88, 0x84, 0xAA, 0xDD, 0x9A, 0x99, 0x02, 0x11, 0x00, 0x81, 0x70, 0xA7, 0x06, 0xAA,
    0x89, 0x88, 0x38, 0xD3, 0xBD, 0xCC, 0xBC, 0xBD, 0xBB, 0x3B, 0x87, 0x06, 0xAA, 0x83, 0xDA, 0xBE,
    0xAA, 0xFF, 0x02, 0xCC, 0x80, 0xDF, 0x02, 0x99, 0x03, 0x88, 0x80, 0x24, 0x02, 0x22, 0x83, 0x77,
    0x88, 0x99, 0x25, 0x40, 0x22, 0x80, 0x75, 0x03, 0x77, 0x8A, 0x87, 0xA8, 0xAA, 0x8A, 0xB8, 0xCC,
    0xBE, 0xBB, 0xEB, 0xFE, 0xDF, 0x03, 0x22, 0x80, 0x62, 0x0A, 0x99, 0x86, 0x88, 0x99, 0xAA, 0xDF,
    0xAA, 0x99, 0x02, 0x11, 0x00, 0x82, 0xA2, 0xDA, 0xAD, 0x05, 0xAA, 0x85, 0x88, 0xB3, 0xDB, 0xBD,
    0xCC, 0xDB, 0x02, 0x33, 0x80, 0x83, 0x07, 0xAA, 0x83, 0xA8, 0xBC, 0xA8, 0xBD, 0x02, 0xCC, 0x80,
    0xDF, 0x02, 0x99, 0x07, 0x22, 0x82, 0x88, 0x99, 0x25, 0x44, 0x22, 0x81, 0x95, 0x89, 0x02, 0x88,
    0x86, 0xC8, 0xCC, 0xDC, 0xBD, 0xEB, 0xFE, 0x8F, 0x03, 0x22, 0x80, 0x62, 0x0A, 0x99, 0x86, 0x88,
    0x99, 0xAA, 0xDF, 0xAA, 0x99, 0x02, 0x11, 0x00, 0x81, 0xA2, 0xDA, 0x06, 0xAA, 0x85, 0x88, 0xB3,
    0xDB, 0xBD, 0xCC, 0xDB, 0x02, 0x33, 0x80, 0x83, 0x07, 0xAA, 0x83, 0xA8, 0xBC, 0xA8, 0xBD, 0x02,
    0xCC, 0x80, 0xDF, 0x02, 0x99, 0x07, 0x22, 0x82, 0x88, 0x99, 0x25, 0x44, 0x22, 0x81, 0x95, 0x89,
    0x02, 0x88, 0x86, 0xC8, 0xCC, 0xDC, 0xBD, 0xEB, 0xFE, 0x8F, 0x03, 0x22, 0x80, 0x62, 0x0A, 0x99,
    0x86, 0x88, 0x99, 0xAA, 0xDF, 0xAA, 0x99, 0x02, 0x11, 0x00, 0x82, 0xA2, 0xDA, 0xAD, 0x05, 0xAA,
    0x85, 0x88, 0xB3, 0xDB, 0xBD, 0xCC, 0xDB, 0x02, 0x33, 0x80, 0x83, 0x07, 0xAA, 0x83, 0xA8, 0xBC,
    0xA8, 0xBD, 0x02, 0xCC, 0x80, 0xDF, 0x02, 0x99, 0x07, 0x22, 0x82, 0x88, 0x99, 0x25, 0x44, 0x22,
    0x81, 0x95, 0x89, 0x02, 0x88, 0x86, 0xC8, 0xCC, 0xDC, 0xBD, 0xEB, 0xFE, 0x8F, 0x03, 0x22, 0x81,
    0x52, 0x96, 0x09, 0x99, 0x86, 0x88, 0x89, 0xAA, 0xDD, 0xAD, 0x79, 0x25, 0x11, 0x00, 0x81, 0xA2,
    0xDA, 0x06, 0xAA, 0x85, 0x38, 0x33, 0xDB, 0xBD, 0xBB, 0x3B, 0x02, 0x33, 0x80, 0x83, 0x08, 0xAA,
    0x87, 0xBC, 0xA8, 0xDD, 0xCC, 0xBC, 0xDD, 0x9A, 0x99, 0x07, 0x22, 0x82, 0x87, 0x99, 0x25, 0x44,
    0x22, 0x81, 0x74, 0x87, 0x02, 0x88, 0x80, 0xD8, 0x02, 0xDD, 0x83, 0xBD, 0xFC, 0xDF, 0x8D, 0x04,
    0x22, 0x80, 0x62, 0x0A, 0x99, 0x02, 0x88, 0x02, 0xDD, 0x82, 0x65, 0x99, 0x02, 0x10, 0x00, 0x82,
    0xD2, 0xDD, 0xAD, 0x05, 0xAA, 0x80, 0x38, 0x02, 0x33, 0x81, 0xD3, 0x3D, 0x02, 0x33, 0x81, 0xD3,
    0xAD, 0x07, 0xAA, 0x88, 0xBD, 0xBE, 0x88, 0xA9, 0xCC, 0xDB, 0x99, 0xDD, 0x99, 0x08, 0x22, 0x81,
    0x97, 0x25, 0x47, 0x22, 0x80, 0x85, 0x03, 0x88, 0x83, 0xCA, 0xDE, 0xAD, 0xA8, 0x04, 0x22, 0x80,
    0x62, 0x0A, 0x99, 0x02, 0x88, 0x02, 0xDD, 0x82, 0x65, 0x99, 0x02, 0x10, 0x00, 0x82, 0xD2, 0xDD,
    0xAD, 0x05, 0xAA, 0x80, 0x38, 0x02, 0x33, 0x81, 0xD3, 0x3D, 0x02, 0x33, 0x81, 0xD3, 0xAD, 0x07,
    0xAA, 0x88, 0xBD, 0xBE, 0x88, 0xA9, 0xCC, 0xDB, 0x99, 0xDD, 0x99, 0x08, 0x22, 0x81, 0x97, 0x25,
    0x47, 0x22, 0x80, 0x85, 0x03, 0x88, 0x83, 0xCA, 0xDE, 0xAD, 0xA8, 0x04, 0x22, 0x80, 0x62, 0x0A,
    0x99, 0x02, 0x88, 0x02, 0xDD, 0x82, 0x65, 0x99, 0x02, 0x10, 0x00, 0x82, 0xD2, 0xDD, 0xAD, 0x05,
    0xAA, 0x80, 0x38, 0x02, 0x33, 0x81, 0xD3, 0x3D, 0x02, 0x33, 0x81, 0xD3, 0xAD, 0x07, 0xAA, 0x88,
    0xBD, 0xBE, 0x88, 0xA9, 0xCC, 0xDB, 0x99, 0xDD, 0x99, 0x08, 0x22, 0x81, 0x97, 0x25, 0x47, 0x22,
    0x80, 0x85, 0x03, 0x88, 0x83, 0xCA, 0xDE, 0xAD, 0xA8, 0x04, 0x22, 0x80, 0x62, 0x02, 0x66, 0x08,
    0x99, 0x02, 0xAA, 0x02, 0xDD, 0x82, 0x77, 0x97, 0x24, 0x0F, 0x00, 0x86, 0x22, 0xD7, 0xDD, 0xAD,
    0x8A, 0x88, 0xAA, 0x02, 0x88, 0x80, 0x38, 0x02, 0x33, 0x81, 0xD3, 0x3D, 0x02, 0x33, 0x80, 0xA3,
    0x06, 0xAA, 0x8A, 0x8A, 0xA8, 0xDD, 0xDB, 0x88, 0xA9, 0xCC, 0xDB, 0x99, 0xAA, 0x66, 0x08, 0x22,
    0x81, 0x77, 0x24, 0x47, 0x22, 0x80, 0x75, 0x03, 0x88, 0x83, 0xD8, 0xDB, 0xAD, 0xA8, 0x06, 0x22,
    0x80, 0x52, 0x08, 0x99, 0x05, 0xDD, 0x82, 0x57, 0x88, 0x02, 0x0E, 0x00, 0x87, 0xA2, 0xDA, 0xDD,
    0xAA, 0x3A, 0x83, 0xAA, 0x38, 0x07, 0x33, 0x80, 0x83, 0x07, 0xAA, 0x87, 0x8A, 0xA8, 0xDD, 0x52,
    0x88, 0xA8, 0xBC, 0xDD, 0x02, 0x99, 0x56, 0x22, 0x83, 0x82, 0x58, 0x96, 0xB9, 0x06, 0x22, 0x80,
    0x52, 0x08, 0x99, 0x05, 0xDD, 0x82, 0x57, 0x88, 0x02, 0x0E, 0x00, 0x87, 0xA2, 0xDA, 0xDD, 0xAA,
    0x3A, 0x83, 0xAA, 0x38, 0x07, 0x33, 0x80, 0x83, 0x07, 0xAA, 0x87, 0x8A, 0xA8, 0xDD, 0x52, 0x88,
    0xA8, 0xBC, 0xDD, 0x02, 0x99, 0x56, 0x22, 0x83, 0x82, 0x58, 0x96, 0xB9, 0x06, 0x22, 0x80, 0x52,
    0x08, 0x99, 0x05, 0xDD, 0x82, 0x57, 0x88, 0x02, 0x0E, 0x00, 0x87, 0xA2, 0xDA, 0xDD, 0xAA, 0x3A,
    0x83, 0xAA, 0x38, 0x07, 0x33, 0x80, 0x83, 0x07, 0xAA, 0x87, 0x8A, 0xA8, 0xDD, 0x52, 0x88, 0xA8,
    0xBC, 0xDD, 0x02, 0x99, 0x56, 0x22, 0x83, 0x82, 0x58, 0x96, 0xB9, 0x06, 0x22, 0x81, 0x42, 0x66,
    0x07, 0x99, 0x05, 0xDD, 0x82, 0x78, 0x88, 0x12, 0x0E, 0x00, 0x87, 0xA2, 0xDA, 0xAD, 0xAA, 0x3A,
    0x83, 0x88, 0x38, 0x07, 0x33, 0x80, 0x83, 0x02, 0xAA, 0x80, 0x8A, 0x04, 0xAA, 0x87, 0xA8, 0xAA,
    0xAD, 0x21, 0x87, 0xA8, 0xBC, 0xDD, 0x02, 0x99, 0x56, 0x22, 0x83, 0x72, 0x68, 0x96, 0xD9, 0x07,
    0x22, 0x80, 0x52, 0x09, 0x99, 0x04, 0xDD, 0x82, 0x57, 0x22, 0x01, 0x0D, 0x00, 0x81, 0xA2, 0xDA,
    0x02, 0xAA, 0x80, 0x3A, 0x04, 0x33, 0x80, 0x83, 0x06, 0x88, 0x06, 0xAA, 0x88, 0x8A, 0xA8, 0xDD,
    0x7A, 0x00, 0x20, 0xA8, 0xDF, 0xDD, 0x02, 0x99, 0x57, 0x22, 0x82, 0x92, 0x89, 0x88, 0x07, 0x22,
    0x80, 0x52, 0x09, 0x99, 0x04, 0xDD, 0x82, 0x57, 0x22, 0x01, 0x0D, 0x00, 0x81, 0xA2, 0xDA, 0x02,
    0xAA, 0x80, 0x3A, 0x04, 0x33, 0x81, 0x83, 0xA8, 0x05, 0x88, 0x06, 0xAA, 0x88, 0x8A, 0xA8, 0xDD,
    0x79, 0x00, 0x20, 0xA8, 0xDF, 0xDD, 0x02, 0x99, 0x57, 0x22, 0x82, 0x92, 0x89, 0x88, 0x07, 0x22,
    0x80, 0x52, 0x09, 0x99, 0x04, 0xDD, 0x82, 0x57, 0x22, 0x01, 0x0D, 0x00, 0x81, 0xA2, 0xDA, 0x02,
    0xAA, 0x80, 0x3A, 0x04, 0x33, 0x80, 0x83, 0x06, 0x88, 0x06, 0xAA, 0x88, 0x8A, 0xA8, 0xDD, 0x79,
    0x00, 0x20, 0xA8, 0xDF, 0xDD, 0x02, 0x99, 0x57, 0x22, 0x82, 0x92, 0x89, 0x88, 0x07, 0x22, 0x81,
    0x42, 0x66, 0x08, 0x99, 0x04, 0xDD, 0x82, 0x78, 0x24, 0x22, 0x0D, 0x00, 0x81, 0xA2, 0xDA, 0x02,
    0xAA, 0x80, 0x3A, 0x04, 0x33, 0x82, 0x73, 0x87, 0x78, 0x02, 0x77, 0x02, 0x88, 0x80, 0xA8, 0x04,
    0xAA, 0x87, 0x8A, 0x88, 0xAA, 0xDD, 0x77, 0x00, 0x20, 0xA8, 0x02, 0xDD, 0x81, 0x99, 0x66, 0x33,
    0x22, 0x80, 0x11, 0x06, 0x22, 0x80, 0x54, 0x0B, 0x55, 0x11, 0x22, 0x82, 0x72, 0x87, 0x88, 0x08,
    0x22, 0x80, 0x42, 0x08, 0x99, 0x80, 0xA9, 0x04, 0xDD, 0x82, 0x27, 0x99, 0x01, 0x0C, 0x00, 0x81,
    0xA2, 0xDA, 0x02, 0xAA, 0x80, 0x3A, 0x0A, 0x33, 0x81, 0x83, 0x88, 0x04, 0xAA, 0x83, 0x8A, 0xA9,
    0xDD, 0x8A, 0x02, 0x00, 0x84, 0x20, 0x89, 0xAA, 0xDD, 0x69, 0x33, 0x22, 0x81, 0x12, 0x00, 0x05,
    0x22, 0x80, 0x42, 0x05, 0x88, 0x07, 0x99, 0x80, 0x26, 0x11, 0x22, 0x81, 0x72, 0x89, 0x08, 0x22,
    0x80, 0x42, 0x08, 0x99, 0x80, 0xA9, 0x04, 0xDD, 0x82, 0x27, 0x99, 0x01, 0x0C, 0x00, 0x81, 0xA2,
    0xDA, 0x02, 0xAA, 0x80, 0x3A, 0x0A, 0x33, 0x81, 0x83, 0x88, 0x04, 0xAA, 0x83, 0x8A, 0xA9, 0xDD,
    0x8A, 0x02, 0x00, 0x84, 0x20, 0x89, 0xAA, 0xDD, 0x69, 0x33, 0x22, 0x81, 0x12, 0x00, 0x05, 0x22,
    0x80, 0x42, 0x05, 0x88, 0x07, 0x99, 0x80, 0x26, 0x11, 0x22, 0x81, 0x72, 0x89, 0x08, 0x22, 0x80,
    0x42, 0x08, 0x99, 0x80, 0xA9, 0x04, 0xDD, 0x82, 0x27, 0x97, 0x01, 0x0C, 0x00, 0x81, 0xA2, 0xDA,
    0x02, 0xAA, 0x80, 0x3A, 0x0A, 0x33, 0x81, 0x83, 0x88, 0x04, 0xAA, 0x83, 0x8A, 0xA9, 0xDD, 0x8A,
    0x02, 0x00, 0x84, 0x20, 0x89, 0xAA, 0xDD, 0x69, 0x33, 0x22, 0x81, 0x12, 0x00, 0x05, 0x22, 0x80,
    0x42, 0x05, 0x88, 0x07, 0x99, 0x80, 0x26, 0x11, 0x22, 0x81, 0x72, 0x89, 0x08, 0x22, 0x80, 0x42,
    0x08, 0x99, 0x80, 0xA9, 0x04, 0xDD, 0x82, 0x27, 0x99, 0x01, 0x0C, 0x00, 0x81, 0xA2, 0xDA, 0x02,
    0xAA, 0x80, 0x3A, 0x0A, 0x33, 0x81, 0x83, 0x88, 0x04, 0xAA, 0x83, 0x8A, 0xA9, 0xDD, 0x8A, 0x02,
    0x00, 0x84, 0x20, 0x89, 0xAA, 0xDD, 0x69, 0x33, 0x22, 0x81, 0x12, 0x00, 0x05, 0x22, 0x80, 0x42,
    0x05, 0x88, 0x07, 0x99, 0x80, 0x26, 0x11, 0x22, 0x81, 0x72, 0x89, 0x0A, 0x22, 0x80, 0x52, 0x09,
    0x99, 0x80, 0xFD, 0x02, 0xDD, 0x81, 0xAA, 0x24, 0x0C, 0x00, 0x84, 0x72, 0xD8, 0xDD, 0xAD, 0x3A,
    0x0A, 0x33, 0x81, 0x83, 0x8A, 0x03, 0x88, 0x82, 0xA8, 0xAA, 0x7D, 0x04, 0x00, 0x84, 0x20, 0x88,
    0xAA, 0xDD, 0x69, 0x31, 0x22, 0x81, 0x12, 0x10, 0x06, 0x22, 0x04, 0x88, 0x84, 0x99, 0x88, 0x99,
    0x88, 0x25, 0x07, 0x55, 0x83, 0x87, 0x98, 0x66, 0x25, 0x0D, 0x22, 0x80, 0xA2, 0x0A, 0x22, 0x80,
    0x52, 0x09, 0x99, 0x80, 0xFD, 0x02, 0xDD, 0x81, 0xAA, 0x24, 0x0C, 0x00, 0x84, 0x82, 0xD8, 0xDD,
    0xAD, 0x3A, 0x0A, 0x33, 0x81, 0x83, 0x8A, 0x03, 0x88, 0x82, 0xA8, 0xAA, 0x7A, 0x04, 0x00, 0x84,
    0x20, 0x88, 0xAA, 0xDD, 0x69, 0x31, 0x22, 0x81, 0x12, 0x10, 0x06, 0x22, 0x04, 0x88, 0x84, 0x99,
    0x88, 0x99, 0x88, 0x25, 0x07, 0x55, 0x83, 0x87, 0x98, 0x66, 0x25, 0x0D, 0x22, 0x80, 0xA2, 0x0A,
    0x22, 0x80, 0x52, 0x09, 0x99, 0x80, 0xFD, 0x02, 0xDD, 0x81, 0xAA, 0x24, 0x0C, 0x00, 0x84, 0x82,
    0xD8, 0xDD, 0xAD, 0x3A, 0x0A, 0x33, 0x81, 0x83, 0x8A, 0x03, 0x88, 0x82, 0xA8, 0xAA, 0x7A, 0x04,
    0x00, 0x84, 0x20, 0x88, 0xAA, 0xDD, 0x69, 0x31, 0x22, 0x81, 0x12, 0x10, 0x06, 0x22, 0x04, 0x88,
    0x84, 0x99, 0x88, 0x99, 0x88, 0x25, 0x07, 0x55, 0x83, 0x87, 0x98, 0x66, 0x25, 0x0D, 0x22, 0x80,
    0xA2, 0x0A, 0x22, 0x80, 0x52, 0x09, 0x99, 0x80, 0xFD, 0x02, 0xDD, 0x81, 0xAA, 0x24, 0x0C, 0x00,
    0x84, 0x82, 0xD8, 0xDD, 0xAD, 0x3A, 0x0A, 0x33, 0x81, 0x83, 0x8A, 0x03, 0x88, 0x82, 0xA8, 0xAA,
    0x7A, 0x04, 0x00, 0x84, 0x20, 0x88, 0xAA, 0xDD, 0x69, 0x31, 0x22, 0x81, 0x12, 0x10, 0x06, 0x22,
    0x04, 0x88, 0x84, 0x99, 0x88, 0x99, 0x88, 0x25, 0x07, 0x55, 0x83, 0x87, 0x98, 0x66, 0x25, 0x0D,
    0x22, 0x80, 0xA2, 0x0D, 0x22, 0x08, 0x99, 0x81, 0x88, 0xFD, 0x02, 0xDD, 0x81, 0x27, 0x22, 0x0B,
    0x00, 0x84, 0xA2, 0xDA, 0xAD, 0xA8, 0x38, 0x0A, 0x33, 0x85, 0x23, 0x27, 0x00, 0x20, 0x77, 0x28,
    0x05, 0x00, 0x83, 0x20, 0x88, 0xAA, 0x99, 0x30, 0x22, 0x81, 0x02, 0x00, 0x04, 0x22, 0x81, 0x42,
    0x77, 0x05, 0x88, 0x04, 0x22, 0x80, 0x96, 0x0C, 0x99, 0x81, 0x56, 0x25, 0x09, 0x22, 0x82, 0x92,
    0xBA, 0xEC, 0x0D, 0x22, 0x08, 0x99, 0x81, 0x88, 0xFD, 0x02, 0xDD, 0x81, 0x27, 0x22, 0x0B, 0x00,
    0x84, 0xA2, 0xDA, 0xAD, 0xA8, 0x38, 0x0A, 0x33, 0x85, 0x23, 0x27, 0x00, 0x20, 0x77, 0x28, 0x05,
    0x00, 0x83, 0x20, 0x88, 0xAA, 0x99, 0x30, 0x22, 0x81, 0x02, 0x00, 0x04, 0x22, 0x81, 0x42, 0x87,
    0x05, 0x88, 0x04, 0x22, 0x80, 0x96, 0x0C, 0x99, 0x81, 0x56, 0x25, 0x09, 0x22, 0x82, 0x92, 0xBA,
    0xEC, 0x0D, 0x22, 0x08, 0x99, 0x81, 0x88, 0xFD, 0x02, 0xDD, 0x81, 0x27, 0x22, 0x0B, 0x00, 0x84,
    0xA2, 0xDA, 0xAD, 0xA8, 0x38, 0x0A, 0x33, 0x85, 0x23, 0x27, 0x00, 0x20, 0x77, 0x28, 0x05, 0x00,
    0x83, 0x20, 0x88, 0xAA, 0x99, 0x30, 0x22, 0x81, 0x02, 0x00, 0x04, 0x22, 0x81, 0x42, 0x77, 0x05,
    0x88, 0x04, 0x22, 0x80, 0x96, 0x0C, 0x99, 0x81, 0x56, 0x25, 0x09, 0x22, 0x82, 0x92, 0xBA, 0xEC,
    0x0D, 0x22, 0x08, 0x99, 0x81, 0x88, 0xFD, 0x02, 0xDD, 0x81, 0x27, 0x22, 0x0B, 0x00, 0x84, 0xA2,
    0xDA, 0xAD, 0xA8, 0x38, 0x0A, 0x33, 0x85, 0x23, 0x27, 0x00, 0x20, 0x77, 0x28, 0x05, 0x00, 0x83,
    0x20, 0x88, 0xAA, 0x99, 0x30, 0x22, 0x81, 0x02, 0x00, 0x04, 0x22, 0x81, 0x42, 0x77, 0x05, 0x88,
    0x04, 0x22, 0x80, 0x96, 0x0C, 0x99, 0x81, 0x56, 0x25, 0x09, 0x22, 0x82, 0x92, 0xBA, 0xEC, 0x0F,
    0x22, 0x07, 0x99, 0x80, 0xDA, 0x03, 0xDD, 0x83, 0xAD, 0x27, 0x97, 0x04, 0x09, 0x00, 0x84, 0xD2,
    0xDD, 0x8D, 0x88, 0x38, 0x07, 0x33, 0x82, 0x73, 0x47, 0x02, 0x0A, 0x00, 0x83, 0x20, 0x89, 0xAD,
    0x69, 0x2E, 0x22, 0x81, 0x02, 0x00, 0x05, 0x22, 0x80, 0x52, 0x04, 0x88, 0x80, 0x56, 0x02, 0x22,
    0x14, 0x99, 0x80, 0x26, 0x06, 0x22, 0x81, 0xB4, 0xEC, 0x02, 0xEE, 0x0F, 0x22, 0x07, 0x99, 0x80,
    0xDA, 0x03, 0xDD, 0x83, 0xAD, 0x27, 0x97, 0x04, 0x09, 0x00, 0x84, 0xD2, 0xDD, 0x8D, 0x88, 0x38,
    0x07, 0x33, 0x82, 0x73, 0x47, 0x02, 0x0A, 0x00, 0x83, 0x20, 0x89, 0xAD, 0x69, 0x2E, 0x22, 0x81,
    0x02, 0x00, 0x05, 0x22, 0x80, 0x52, 0x04, 0x88, 0x80, 0x56, 0x02, 0x22, 0x14, 0x99, 0x80, 0x26,
    0x06, 0x22, 0x81, 0xB4, 0xEC, 0x02, 0xEE, 0x0F, 0x22, 0x07, 0x99, 0x80, 0xDA, 0x03, 0xDD, 0x83,
    0xAD, 0x27, 0x97, 0x04, 0x09, 0x00, 0x84, 0xD2, 0xDD, 0x8D, 0x88, 0x38, 0x07, 0x33, 0x82, 0x73,
    0x47, 0x02, 0x0A, 0x00, 0x83, 0x20, 0x89, 0xAD, 0x69, 0x2E, 0x22, 0x81, 0x02, 0x00, 0x05, 0x22,
    0x80, 0x52, 0x04, 0x88, 0x80, 0x56, 0x02, 0x22, 0x14, 0x99, 0x80, 0x26, 0x06, 0x22, 0x81, 0xB4,
    0xEC, 0x02, 0xEE, 0x0F, 0x22, 0x07, 0x99, 0x80, 0xDA, 0x03, 0xDD, 0x83, 0xAD, 0x27, 0x97, 0x04,
    0x09, 0x00, 0x84, 0xD2, 0xDD, 0x8D, 0x88, 0x38, 0x07, 0x33, 0x82, 0x73, 0x47, 0x02, 0x0A, 0x00,
    0x83, 0x20, 0x89, 0xAD, 0x69, 0x2E, 0x22, 0x81, 0x02, 0x00, 0x05, 0x22, 0x80, 0x52, 0x04, 0x88,
    0x80, 0x56, 0x02, 0x22, 0x14, 0x99, 0x80, 0x26, 0x06, 0x22, 0x81, 0xB4, 0xEC, 0x02, 0xEE, 0x10,
    0x22, 0x81, 0x55, 0x66, 0x06, 0x99, 0x80, 0xAA, 0x03, 0xDD, 0x82, 0xAD, 0x27, 0x01, 0x09, 0x00,
    0x84, 0x82, 0xDA, 0xDD, 0x9D, 0x89, 0x05, 0x88, 0x83, 0x98, 0x89, 0x78, 0x04, 0x0A, 0x00, 0x82,
    0x20, 0x89, 0xDD, 0x2E, 0x22, 0x81, 0x02, 0x00, 0x05, 0x22, 0x82, 0x52, 0x99, 0x88, 0x02, 0x22,
    0x80, 0x42, 0x08, 0x99, 0x80, 0xBB, 0x03, 0xCC, 0x80, 0xBC, 0x02, 0xBB, 0x81, 0xCC, 0xBC, 0x03,
    0xBB, 0x8A, 0xDB, 0xCD, 0xAD, 0x9A, 0x99, 0x59, 0x25, 0x22, 0xA4, 0xCD, 0xEC, 0x03, 0xEE, 0x10,
    0x22, 0x81, 0x55, 0x66, 0x06, 0x99, 0x80, 0xAA, 0x03, 0xDD, 0x82, 0xAD, 0x27, 0x01, 0x09, 0x00,
    0x84, 0x82, 0xDA, 0xDD, 0x9D, 0x89, 0x05, 0x88, 0x83, 0x98, 0x79, 0x77, 0x07, 0x0A, 0x00, 0x82,
    0x20, 0x89, 0xDD, 0x2E, 0x22, 0x81, 0x02, 0x00, 0x05, 0x22, 0x82, 0x52, 0x99, 0x88, 0x02, 0x22,
    0x80, 0x42, 0x08, 0x99, 0x80, 0xBB, 0x03, 0xCC, 0x80, 0xBC, 0x02, 0xBB, 0x81, 0xCC, 0xBC, 0x03,
    0xBB, 0x8A, 0xDB, 0xCD, 0xAD, 0x9A, 0x99, 0x59, 0x25, 0x22, 0xA4, 0xCD, 0xEC, 0x03, 0xEE, 0x10,
    0x22, 0x81, 0x55, 0x66, 0x06, 0x99, 0x80, 0xAA, 0x03, 0xDD, 0x82, 0xAD, 0x27, 0x01, 0x09, 0x00,
    0x84, 0x82, 0xDA, 0xDD, 0x9D, 0x89, 0x05, 0x88, 0x83, 0x98, 0x79, 0x77, 0x07, 0x0A, 0x00, 0x82,
    0x20, 0x89, 0xDD, 0x2E, 0x22, 0x81, 0x02, 0x00, 0x05, 0x22, 0x82, 0x52, 0x99, 0x88, 0x02, 0x22,
    0x80, 0x42, 0x08, 0x99, 0x80, 0xBB, 0x03, 0xCC, 0x80, 0xBC, 0x02, 0xBB, 0x81, 0xCC, 0xBC, 0x03,
    0xBB, 0x8A, 0xDB, 0xCD, 0xAD, 0x9A, 0x99, 0x59, 0x25, 0x22, 0xA4, 0xCD, 0xEC, 0x03, 0xEE, 0x10,
    0x22, 0x81, 0x55, 0x66, 0x06, 0x99, 0x80, 0xAA, 0x03, 0xDD, 0x82, 0xAD, 0x27, 0x01, 0x09, 0x00,
    0x84, 0x82, 0xDA, 0xDD, 0x9D, 0x89, 0x05, 0x88, 0x83, 0x98, 0x79, 0x77, 0x07, 0x0A, 0x00, 0x82,
    0x20, 0x89, 0xDD, 0x2E, 0x22, 0x81, 0x02, 0x00, 0x05, 0x22, 0x82, 0x52, 0x99, 0x88, 0x02, 0x22,
    0x80, 0x42, 0x08, 0x99, 0x80, 0xBB, 0x03, 0xCC, 0x80, 0xBC, 0x02, 0xBB, 0x81, 0xCC, 0xBC, 0x03,
    0xBB, 0x8A, 0xDB, 0xCD, 0xAD, 0x9A, 0x99, 0x59, 0x25, 0x22, 0xA4, 0xCD, 0xEC, 0x03, 0xEE, 0x11,
    0x22, 0x80, 0x65, 0x02, 0x66, 0x05, 0x99, 0x02, 0xAA, 0x80, 0xDA, 0x02, 0xDD, 0x84, 0x98, 0x14,
    0x11, 0x75, 0x04, 0x05, 0x00, 0x82, 0x20, 0x22, 0xA7, 0x08, 0xAA, 0x80, 0x2A, 0x0B, 0x00, 0x83,
    0x20, 0x87, 0xDA, 0xDD, 0x2C, 0x22, 0x80, 0x12, 0x02, 0x00, 0x80, 0x11, 0x06, 0x22, 0x02, 0x55,
    0x82, 0x42, 0x66, 0x96, 0x04, 0x99, 0x03, 0xDD, 0x81, 0xBB, 0xEC, 0x0B, 0xEE, 0x89, 0xBC, 0xCB,
    0xBB, 0xDB, 0x9D, 0x99, 0x69, 0xB6, 0xBB, 0xEB, 0x02, 0xEE, 0x81, 0xFE, 0xFF, 0x11, 0x22, 0x02,
    0x55, 0x80, 0x65, 0x06, 0x99, 0x81, 0x88, 0xDA, 0x02, 0xDD, 0x84, 0x9D, 0x27, 0x22, 0x97, 0x07,
    0x07, 0x00, 0x81, 0x82, 0xDA, 0x05, 0xDD, 0x82, 0xAD, 0xAA, 0x2A, 0x0B, 0x00, 0x81, 0x20, 0x88,
    0x02, 0xDD, 0x2C, 0x22, 0x80, 0x02, 0x02, 0x00, 0x09, 0x22, 0x80, 0x42, 0x06, 0x99, 0x80, 0xCB,
    0x02, 0xCC, 0x0D, 0xEE, 0x84, 0xCE, 0xCC, 0xBC, 0xCC, 0x9D, 0x02, 0x99, 0x80, 0xE9, 0x04, 0xEE,
    0x81, 0xFE, 0xFF, 0x11, 0x22, 0x02, 0x55, 0x80, 0x65, 0x06, 0x99, 0x81, 0x88, 0xDA, 0x02, 0xDD,
    0x84, 0x9D, 0x27, 0x22, 0x97, 0x07, 0x07, 0x00, 0x81, 0x82, 0xDA, 0x05, 0xDD, 0x82, 0xAD, 0xAA,
    0x2A, 0x0B, 0x00, 0x81, 0x20, 0x88, 0x02, 0xDD, 0x2C, 0x22, 0x80, 0x02, 0x02, 0x00, 0x09, 0x22,
    0x80, 0x42, 0x06, 0x99, 0x80, 0xCB, 0x02, 0xCC, 0x0D, 0xEE, 0x84, 0xCE, 0xCC, 0xBC, 0xCC, 0x9D,
    0x02, 0x99, 0x80, 0xE9, 0x04, 0xEE, 0x81, 0xFE, 0xFF, 0x11, 0x22, 0x02, 0x55, 0x80, 0x65, 0x06,
    0x99, 0x81, 0x88, 0xDA, 0x02, 0xDD, 0x84, 0x9D, 0x27, 0x22, 0x97, 0x07, 0x07, 0x00, 0x81, 0x82,
    0xDA, 0x05, 0xDD, 0x82, 0xAD, 0xAA, 0x2A, 0x0B, 0x00, 0x81, 0x20, 0x88, 0x02, 0xDD, 0x2C, 0x22,
    0x80, 0x02, 0x02, 0x00, 0x09, 0x22, 0x80, 0x42, 0x06, 0x99, 0x80, 0xCB, 0x02, 0xCC, 0x0D, 0xEE,
    0x84, 0xCE, 0xCC, 0xBC, 0xCC, 0x9D, 0x02, 0x99, 0x80, 0xE9, 0x04, 0xEE, 0x81, 0xFE, 0xFF, 0x05,
    0x22, 0x81, 0x25, 0x22, 0x03, 0x55, 0x82, 0x45, 0x22, 0x54, 0x07, 0x55, 0x03, 0x66, 0x08, 0x99,
    0x86, 0x69, 0xA8, 0x68, 0x16, 0x11, 0x21, 0x01, 0x04, 0x00, 0x80, 0x20, 0x08, 0x22, 0x80, 0x02,
    0x0A, 0x00, 0x85, 0x11, 0x21, 0x55, 0x77, 0x88, 0x79, 0x2A, 0x22, 0x80, 0x12, 0x02, 0x00, 0x80,
    0x11, 0x07, 0x22, 0x82, 0x42, 0x69, 0x66, 0x03, 0x99, 0x02, 0xDD, 0x82, 0xBD, 0xEC, 0xAA, 0x08,
    0xDD, 0x81, 0xED, 0xAD, 0x02, 0xAA, 0x80, 0xED, 0x03, 0xEE, 0x85, 0xCE, 0xCC, 0xDB, 0xDD, 0xAD,
    0xEA, 0x02, 0xEE, 0x83, 0xFE, 0xDF, 0xDD, 0xBF, 0x04, 0x22, 0x82, 0x42, 0x45, 0x22, 0x04, 0x55,
    0x80, 0x22, 0x0B, 0x55, 0x09, 0x99, 0x85, 0xDA, 0x68, 0x26, 0x22, 0x52, 0x02, 0x18, 0x00, 0x03,
    0x22, 0x82, 0x42, 0x66, 0x9A, 0x2A, 0x22, 0x80, 0x02, 0x02, 0x00, 0x08, 0x22, 0x80, 0x42, 0x05,
    0x99, 0x02, 0xBB, 0x84, 0xCC, 0xEE, 0x88, 0xAA, 0xDA, 0x06, 0xDD, 0x81, 0xED, 0x8D, 0x02, 0x88,
    0x80, 0xED, 0x03, 0xEE, 0x80, 0xCE, 0x03, 0xCC, 0x81, 0xDB, 0xED, 0x02, 0xEE, 0x83, 0xFE, 0xAF,
    0xDA, 0xBF, 0x04, 0x22, 0x82, 0x42, 0x45, 0x22, 0x04, 0x55, 0x80, 0x22, 0x0B, 0x55, 0x09, 0x99,
    0x85, 0xDA, 0x68, 0x26, 0x22, 0x52, 0x02, 0x18, 0x00, 0x03, 0x22, 0x82, 0x42, 0x66, 0x9A, 0x2A,
    0x22, 0x80, 0x02, 0x02, 0x00, 0x08, 0x22, 0x80, 0x42, 0x05, 0x99, 0x02, 0xBB, 0x84, 0xCC, 0xEE,
    0x88, 0xAA, 0xDA, 0x06, 0xDD, 0x81, 0xED, 0x8D, 0x02, 0x88, 0x80, 0xED, 0x03, 0xEE, 0x80, 0xCE,
    0x03, 0xCC, 0x81, 0xDB, 0xED, 0x02, 0xEE, 0x83, 0xFE, 0xAF, 0xDA, 0xBF, 0x04, 0x22, 0x82, 0x42,
    0x45, 0x22, 0x04, 0x55, 0x80, 0x22, 0x0B, 0x55, 0x09, 0x99, 0x85, 0xDA, 0x68, 0x26, 0x22, 0x52,
    0x02, 0x18, 0x00, 0x03, 0x22, 0x82, 0x42, 0x66, 0x9A, 0x2A, 0x22, 0x80, 0x02, 0x02, 0x00, 0x08,
    0x22, 0x80, 0x42, 0x05, 0x99, 0x02, 0xBB, 0x84, 0xCC, 0xEE, 0x88, 0xAA, 0xDA, 0x06, 0xDD, 0x81,
    0xED, 0x8D, 0x02, 0x88, 0x80, 0xED, 0x03, 0xEE, 0x80, 0xCE, 0x03, 0xCC, 0x81, 0xDB, 0xED, 0x02,
    0xEE, 0x83, 0xFE, 0xAF, 0xDA, 0xBF, 0x17, 0x55, 0x04, 0x66, 0x80, 0x96, 0x05, 0x99, 0x84, 0x88,
    0xD8, 0xDD, 0x9A, 0x17, 0x03, 0x11, 0x81, 0x61, 0x06, 0x0F, 0x00, 0x04, 0x11, 0x04, 0x22, 0x02,
    0x44, 0x80, 0x45, 0x28, 0x22, 0x80, 0x02, 0x02, 0x00, 0x80, 0x10, 0x07, 0x22, 0x81, 0x42, 0x66,
    0x02, 0x99, 0x82, 0xDA, 0xDD, 0xAA, 0x04, 0xDD, 0x80, 0x88, 0x03, 0xDD, 0x04, 0xAA, 0x80, 0xDA,
    0x02, 0xDD, 0x83, 0x8A, 0x88, 0xAA, 0xED, 0x06, 0xEE, 0x87, 0xDB, 0xDA, 0xED, 0xEE, 0xFE, 0xDF,
    0xFD, 0xFF, 0x1B, 0x55, 0x80, 0x96, 0x05, 0x99, 0x84, 0x89, 0xDA, 0xDD, 0x9D, 0x29, 0x03, 0x22,
    0x81, 0x92, 0x06, 0x0E, 0x00, 0x80, 0x10, 0x0A, 0x22, 0x80, 0x55, 0x28, 0x22, 0x80, 0x02, 0x02,
    0x00, 0x80, 0x10, 0x07, 0x22, 0x80, 0x52, 0x03, 0x99, 0x81, 0xDD, 0xDF, 0x05, 0xDD, 0x80, 0x33,
    0x03, 0xBB, 0x80, 0xA8, 0x03, 0xAA, 0x83, 0xDA, 0xAA, 0xDD, 0x8A, 0x02, 0x88, 0x80, 0xED, 0x06,
    0xEE, 0x82, 0xDB, 0xDA, 0xED, 0x02, 0xEE, 0x80, 0xFE, 0x02, 0xFF, 0x1B, 0x55, 0x80, 0x96, 0x05,
    0x99, 0x84, 0x89, 0xDA, 0xDD, 0x9D, 0x29, 0x03, 0x22, 0x81, 0x92, 0x06, 0x0E, 0x00, 0x80, 0x10,
    0x0A, 0x22, 0x80, 0x55, 0x28, 0x22, 0x80, 0x02, 0x02, 0x00, 0x80, 0x10, 0x07, 0x22, 0x80, 0x52,
    0x03, 0x99, 0x81, 0xDD, 0xDF, 0x05, 0xDD, 0x80, 0x33, 0x03, 0xBB, 0x80, 0xA8, 0x03, 0xAA, 0x83,
    0xDA, 0xAA, 0xDD, 0x8A, 0x02, 0x88, 0x80, 0xED, 0x06, 0xEE, 0x82, 0xDB, 0xDA, 0xED, 0x02, 0xEE,
    0x80, 0xFE, 0x02, 0xFF, 0x1B, 0x55, 0x80, 0x96, 0x05, 0x99, 0x84, 0x89, 0xDA, 0xDD, 0x9D, 0x29,
    0x03, 0x22, 0x81, 0x92, 0x06, 0x0E, 0x00, 0x80, 0x10, 0x0A, 0x22, 0x80, 0x55, 0x28, 0x22, 0x80,
    0x02, 0x02, 0x00, 0x80, 0x10, 0x07, 0x22, 0x80, 0x52, 0x03, 0x99, 0x81, 0xDD, 0xDF, 0x05, 0xDD,
    0x80, 0x33, 0x03, 0xBB, 0x80, 0xA8, 0x03, 0xAA, 0x83, 0xDA, 0xAA, 0xDD, 0x8A, 0x02, 0x88, 0x80,
    0xED, 0x06, 0xEE, 0x82, 0xDB, 0xDA, 0xED, 0x02, 0xEE, 0x80, 0xFE, 0x02, 0xFF, 0x1B, 0x55, 0x06,
    0x66, 0x80, 0x96, 0x03, 0x99, 0x85, 0x69, 0x66, 0x87, 0xA8, 0x9A, 0x19, 0x0E, 0x11, 0x81, 0x41,
    0x46, 0x32, 0x22, 0x83, 0x02, 0x00, 0x22, 0x21, 0x05, 0x22, 0x84, 0x42, 0x66, 0x96, 0xAA, 0x8A,
    0x02, 0x99, 0x80, 0xDF, 0x03, 0xAA, 0x81, 0x77, 0xDD, 0x04, 0xBB, 0x81, 0x88, 0xA8, 0x04, 0xAA,
    0x85, 0xDD, 0x9A, 0x99, 0x88, 0xDA, 0xED, 0x04, 0xEE, 0x83, 0xCE, 0xBC, 0xBB, 0xEB, 0x02, 0xEE,
    0x80, 0xFE, 0x02, 0xFF, 0x21, 0x55, 0x80, 0x96, 0x05, 0x99, 0x83, 0xA9, 0xDA, 0x9D, 0x49, 0x0E,
    0x22, 0x81, 0x42, 0x46, 0x32, 0x22, 0x82, 0x02, 0x10, 0x45, 0x06, 0x22, 0x80, 0x42, 0x02, 0x99,
    0x81, 0xDD, 0xAA, 0x02, 0x99, 0x80, 0xDF, 0x03, 0xAA, 0x80, 0x78, 0x03, 0x33, 0x83, 0xB3, 0x33,
    0x83, 0xA8, 0x04, 0xAA, 0x85, 0xDD, 0x9A, 0x99, 0x88, 0xAA, 0xED, 0x04, 0xEE, 0x80, 0xCE, 0x02,
    0xCC, 0x80, 0xEC, 0x02, 0xEE, 0x80, 0xFE, 0x02, 0xFF, 0x21, 0x55, 0x80, 0x96, 0x05, 0x99, 0x83,
    0xA9, 0xDA, 0x9D, 0x49, 0x0E, 0x22, 0x81, 0x62, 0x46, 0x32, 0x22, 0x82, 0x02, 0x10, 0x45, 0x06,
    0x22, 0x80, 0x42, 0x02, 0x99, 0x81, 0xDD, 0xAA, 0x02, 0x99, 0x80, 0xDF, 0x03, 0xAA, 0x80, 0x78,
    0x03, 0x33, 0x83, 0xBB, 0x33, 0x83, 0xA8, 0x04, 0xAA, 0x85, 0xDD, 0x9A, 0x99, 0x88, 0xAA, 0xED,
    0x04, 0xEE, 0x80, 0xCE, 0x02, 0xCC, 0x80, 0xEC, 0x02, 0xEE, 0x80, 0xFE, 0x02, 0xFF, 0x21, 0x55,
    0x80, 0x96, 0x05, 0x99, 0x83, 0xA9, 0xDA, 0x9D, 0x49, 0x0E, 0x22, 0x81, 0x42, 0x46, 0x32, 0x22,
    0x82, 0x02, 0x10, 0x45, 0x06, 0x22, 0x80, 0x42, 0x02, 0x99, 0x81, 0xDD, 0xAA, 0x02, 0x99, 0x80,
    0xDF, 0x03, 0xAA, 0x80, 0x78, 0x03, 0x33, 0x83, 0xBB, 0x33, 0x83, 0xA8, 0x04, 0xAA, 0x85, 0xDD,
    0x9A, 0x99, 0x88, 0xAA, 0xED, 0x04, 0xEE, 0x80, 0xCE, 0x02, 0xCC, 0x80, 0xEC, 0x02, 0xEE, 0x80,
    0xFE, 0x02, 0xFF, 0x21, 0x55, 0x03, 0x66, 0x80, 0x76, 0x02, 0x66, 0x85, 0x86, 0x88, 0x68, 0x26,
    0x72, 0x27, 0x0C, 0x22, 0x81, 0x42, 0x44, 0x31, 0x22, 0x83, 0x12, 0x00, 0x10, 0x24, 0x05, 0x22,
    0x81, 0x42, 0x66, 0x02, 0x99, 0x02, 0x77, 0x89, 0x99, 0xAA, 0xDD, 0xAA, 0x8A, 0x88, 0x77, 0xD8,
    0xBB, 0x33, 0x02, 0xB3, 0x81, 0x88, 0xA8, 0x04, 0xAA, 0x85, 0xDA, 0x58, 0x97, 0x88, 0xAA, 0xED,
    0x05, 0xEE, 0x02, 0xCC, 0x81, 0xEC, 0xDE, 0x04, 0xDD, 0x23, 0x55, 0x81, 0x25, 0x52, 0x04, 0x55,
    0x83, 0x25, 0x22, 0x92, 0x49, 0x3F, 0x22, 0x80, 0x02, 0x02, 0x00, 0x06, 0x22, 0x87, 0x52, 0x99,
    0xAA, 0x79, 0x12, 0x00, 0x86, 0xDA, 0x02, 0xAA, 0x80, 0x8A, 0x02, 0x33, 0x84, 0xDD, 0xBF, 0x3B,
    0x33, 0xB3, 0x06, 0xAA, 0x87, 0xDA, 0x07, 0x95, 0x88, 0x98, 0xED, 0xEE, 0xCE, 0x03, 0xEE, 0x87,
    0xCE, 0xCC, 0xEC, 0x9E, 0xAA, 0xDD, 0xAD, 0xDA, 0x23, 0x55, 0x81, 0x25, 0x52, 0x04, 0x55, 0x83,
    0x25, 0x22, 0x92, 0x49, 0x3F, 0x22, 0x80, 0x02, 0x02, 0x00, 0x06, 0x22, 0x87, 0x52, 0x99, 0xAA,
    0x79, 0x12, 0x00, 0x86, 0xDA, 0x02, 0xAA, 0x80, 0x8A, 0x02, 0x33, 0x84, 0xDD, 0xBF, 0x3B, 0x33,
    0xB3, 0x06, 0xAA, 0x87, 0xDA, 0x07, 0x95, 0x88, 0x98, 0xED, 0xEE, 0xCE, 0x03, 0xEE, 0x87, 0xCE,
    0xCC, 0xEC, 0x9E, 0xAA, 0xDD, 0xAD, 0xDA, 0x23, 0x55, 0x81, 0x25, 0x52, 0x04, 0x55, 0x83, 0x25,
    0x22, 0x92, 0x49, 0x3F, 0x22, 0x80, 0x02, 0x02, 0x00, 0x06, 0x22, 0x87, 0x52, 0x99, 0xAA, 0x79,
    0x12, 0x00, 0x86, 0xDA, 0x02, 0xAA, 0x80, 0x8A, 0x02, 0x33, 0x84, 0xDD, 0xBF, 0x3B, 0x33, 0xBB,
    0x06, 0xAA, 0x87, 0xDA, 0x07, 0x95, 0x88, 0x98, 0xED, 0xEE, 0xCE, 0x03, 0xEE, 0x87, 0xCE, 0xCC,
    0xEC, 0x9E, 0xAA, 0xDD, 0xAD, 0xDA, 0x23, 0x55, 0x81, 0x45, 0x54, 0x02, 0x55, 0x85, 0x76, 0x56,
    0x24, 0x22, 0x72, 0x27, 0x03, 0x22, 0x81, 0x52, 0x25, 0x39, 0x22, 0x83, 0x12, 0x01, 0x10, 0x24,
    0x05, 0x22, 0x84, 0x42, 0x77, 0x99, 0x77, 0x24, 0x02, 0x00, 0x81, 0x41, 0x88, 0x02, 0xAA, 0x81,
    0x8A, 0x33, 0x02, 0xDD, 0x81, 0xBF, 0x3B, 0x02, 0x33, 0x80, 0xA8, 0x04, 0xAA, 0x8A, 0xDA, 0x78,
    0x02, 0x52, 0x87, 0xA9, 0xFD, 0xEF, 0xCE, 0xBC, 0xEC, 0x04, 0xEE, 0x82, 0xDE, 0xDD, 0xBD, 0x02,
    0xDD, 0x27, 0x55, 0x81, 0x96, 0x27, 0x07, 0x22, 0x81, 0x62, 0x46, 0x39, 0x22, 0x83, 0x12, 0x00,
    0x60, 0x69, 0x05, 0x22, 0x82, 0x72, 0x8A, 0x79, 0x05, 0x00, 0x80, 0x77, 0x03, 0xAA, 0x84, 0x33,
    0xDD, 0xFF, 0xBF, 0x3B, 0x02, 0x33, 0x80, 0xA8, 0x04, 0xAA, 0x81, 0xDA, 0x07, 0x02, 0x00, 0x86,
    0x95, 0xA9, 0xFD, 0xEF, 0xCE, 0xDB, 0xED, 0x07, 0xEE, 0x81, 0xFE, 0xFF, 0x27, 0x55, 0x81, 0x96,
    0x27, 0x07, 0x22, 0x81, 0x62, 0x46, 0x39, 0x22, 0x83, 0x12, 0x00, 0x60, 0x69, 0x05, 0x22, 0x82,
    0x72, 0x8A, 0x79, 0x05, 0x00, 0x80, 0x77, 0x03, 0xAA, 0x84, 0x33, 0xDD, 0xFF, 0xBF, 0x3B, 0x02,
    0x33, 0x80, 0xA8, 0x04, 0xAA, 0x81, 0xDA, 0x07, 0x02, 0x00, 0x86, 0x95, 0xA9, 0xFD, 0xEF, 0xCE,
    0xDB, 0xED, 0x07, 0xEE, 0x81, 0xFE, 0xFF, 0x27, 0x55, 0x81, 0x96, 0x27, 0x07, 0x22, 0x81, 0x62,
    0x46, 0x39, 0x22, 0x83, 0x12, 0x00, 0x60, 0x69, 0x05, 0x22, 0x82, 0x72, 0x8A, 0x79, 0x05, 0x00,
    0x80, 0x77, 0x03, 0xAA, 0x84, 0x33, 0xDD, 0xFF, 0xBF, 0x3B, 0x02, 0x33, 0x80, 0xA8, 0x04, 0xAA,
    0x81, 0xDA, 0x07, 0x02, 0x00, 0x86, 0x95, 0xA9, 0xFD, 0xEF, 0xCE, 0xDB, 0xED, 0x07, 0xEE, 0x82,
    0xFE, 0xFF, 0x55, 0x03, 0x66, 0x80, 0x56, 0x22, 0x55, 0x81, 0x76, 0x26, 0x07, 0x22, 0x81, 0x52,
    0x25, 0x39, 0x22, 0x83, 0x02, 0x00, 0x10, 0x46, 0x03, 0x22, 0x84, 0x42, 0x66, 0x76, 0x77, 0x24,
    0x03, 0x00, 0x02, 0x77, 0x03, 0x88, 0x82, 0x78, 0x33, 0xDD, 0x02, 0xBB, 0x02, 0x33, 0x81, 0x73,
    0xA8, 0x04, 0xAA, 0x81, 0xDA, 0x07, 0x02, 0x00, 0x81, 0x95, 0xDA, 0x03, 0xDD, 0x81, 0xBD, 0xEB,
    0x07, 0xEE, 0x82, 0xFE, 0xFF, 0x65, 0x04, 0x66, 0x23, 0x55, 0x80, 0x25, 0x42, 0x22, 0x82, 0x02,
    0x00, 0x10, 0x04, 0x22, 0x82, 0x62, 0x99, 0x59, 0x04, 0x00, 0x80, 0x20, 0x02, 0xAA, 0x03, 0x88,
    0x07, 0x33, 0x80, 0xA8, 0x05, 0xAA, 0x81, 0xDA, 0x07, 0x02, 0x00, 0x81, 0x95, 0xFA, 0x02, 0xDD,
    0x82, 0x9A, 0xCA, 0xCC, 0x07, 0xEE, 0x82, 0xFE, 0xFF, 0x65, 0x04, 0x66, 0x23, 0x55, 0x80, 0x25,
    0x42, 0x22, 0x82, 0x02, 0x00, 0x10, 0x04, 0x22, 0x82, 0x62, 0x99, 0x59, 0x04, 0x00, 0x80, 0x20,
    0x02, 0xAA, 0x03, 0x88, 0x07, 0x33, 0x80, 0xA8, 0x05, 0xAA, 0x81, 0xDA, 0x07, 0x02, 0x00, 0x81,
    0x95, 0xFA, 0x02, 0xDD, 0x82, 0x9A, 0xCA, 0xCC, 0x07, 0xEE, 0x82, 0xFE, 0xFF, 0x65, 0x04, 0x66,
    0x23, 0x55, 0x80, 0x25, 0x42, 0x22, 0x82, 0x02, 0x00, 0x10, 0x04, 0x22, 0x82, 0x62, 0x99, 0x59,
    0x04, 0x00, 0x80, 0x20, 0x02, 0xAA, 0x03, 0x88, 0x07, 0x33, 0x80, 0xA8, 0x05, 0xAA, 0x81, 0xDA,
    0x07, 0x02, 0x00, 0x81, 0x95, 0xFA, 0x02, 0xDD, 0x82, 0x9A, 0xCA, 0xCC, 0x07, 0xEE, 0x82, 0xFE,
    0xFF, 0x77, 0x02, 0x88, 0x80, 0x78, 0x02, 0x77, 0x80, 0x66, 0x1F, 0x55, 0x82, 0x65, 0x56, 0x24,
    0x42, 0x22, 0x82, 0x02, 0x00, 0x10, 0x03, 0x22, 0x83, 0x42, 0x77, 0x99, 0x27, 0x04, 0x00, 0x80,
    0x20, 0x02, 0xAA, 0x03, 0x88, 0x80, 0x77, 0x06, 0x33, 0x80, 0xA8, 0x06, 0xAA, 0x80, 0x07, 0x02,
    0x00, 0x87, 0x95, 0xDA, 0xAD, 0xDA, 0xAD, 0xCD, 0xBC, 0xEB, 0x06, 0xEE, 0x81, 0xBE, 0xFD, 0x05,
    0xDD, 0x81, 0xAD, 0x99, 0x1F, 0x55, 0x81, 0x96, 0x27, 0x43, 0x22, 0x82, 0x02, 0x00, 0x10, 0x03,
    0x22, 0x82, 0x72, 0xAD, 0x59, 0x05, 0x00, 0x83, 0x20, 0xAD, 0x89, 0xAA, 0x02, 0x33, 0x80, 0x88,
    0x04, 0x33, 0x81, 0x87, 0xA8, 0x05, 0xAA, 0x81, 0xDA, 0x07, 0x03, 0x00, 0x87, 0x97, 0x99, 0x89,
    0xFA, 0xEF, 0xEE, 0xDB, 0xED, 0x06, 0xEE, 0x80, 0xDC, 0x06, 0xDD, 0x81, 0xAD, 0x99, 0x1F, 0x55,
    0x81, 0x96, 0x27, 0x43, 0x22, 0x82, 0x02, 0x00, 0x10, 0x03, 0x22, 0x82, 0x72, 0xAD, 0x59, 0x05,
    0x00, 0x83, 0x20, 0xAD, 0x89, 0xAA, 0x02, 0x33, 0x80, 0x88, 0x04, 0x33, 0x81, 0x87, 0xA8, 0x05,
    0xAA, 0x81, 0xDA, 0x07, 0x03, 0x00, 0x87, 0x97, 0x99, 0x89, 0xFA, 0xEF, 0xEE, 0xDB, 0xED, 0x06,
    0xEE, 0x80, 0xDC, 0x06, 0xDD, 0x81, 0xAD, 0x99, 0x1F, 0x55, 0x81, 0x96, 0x27, 0x43, 0x22, 0x82,
    0x02, 0x00, 0x10, 0x03, 0x22, 0x82, 0x72, 0xAD, 0x59, 0x05, 0x00, 0x83, 0x20, 0xAD, 0x89, 0xAA,
    0x02, 0x33, 0x80, 0x88, 0x04, 0x33, 0x81, 0x87, 0xA8, 0x05, 0xAA, 0x81, 0xDA, 0x07, 0x03, 0x00,
    0x87, 0x97, 0x99, 0x89, 0xFA, 0xEF, 0xEE, 0xDB, 0xED, 0x06, 0xEE, 0x82, 0xDC, 0xDD, 0xDA, 0x04,
    0xDD, 0x83, 0xAD, 0x8A, 0x77, 0x66, 0x1D, 0x55, 0x81, 0x96, 0x27, 0x43, 0x22, 0x82, 0x02, 0x00,
    0x10, 0x02, 0x22, 0x83, 0x55, 0x84, 0x8A, 0x27, 0x05, 0x00, 0x83, 0x72, 0xAD, 0x89, 0x88, 0x02,
    0x33, 0x80, 0x77, 0x04, 0x33, 0x85, 0x87, 0xA8, 0x8A, 0x88, 0xAA, 0x88, 0x02, 0xAA, 0x80, 0x07,
    0x02, 0x00, 0x8B, 0x22, 0x97, 0x99, 0x89, 0xFA, 0xFF, 0xEF, 0xDC, 0xED, 0xEE, 0xBE, 0xEB, 0x03,
    0xEE, 0x84, 0xDC, 0xDD, 0x86, 0xA8, 0xDD, 0x02, 0xBB, 0x02, 0xDD, 0x81, 0xAD, 0x99, 0x02, 0x66,
    0x1B, 0x55, 0x81, 0x65, 0x26, 0x43, 0x22, 0x87, 0x02, 0x00, 0x10, 0x22, 0x62, 0x99, 0x87, 0x78,
    0x05, 0x00, 0x83, 0x20, 0x89, 0xAD, 0x79, 0x04, 0x33, 0x82, 0x22, 0x99, 0x88, 0x02, 0x33, 0x80,
    0xA8, 0x02, 0x88, 0x83, 0xA8, 0x88, 0xDA, 0x07, 0x03, 0x00, 0x80, 0x97, 0x03, 0x99, 0x82, 0xFA,
    0xFF, 0xEF, 0x03, 0xEE, 0x81, 0x9E, 0xCA, 0x03, 0xEE, 0x84, 0xDE, 0xDD, 0x86, 0xA8, 0xDD, 0x02,
    0xBB, 0x02, 0xDD, 0x81, 0xAD, 0x99, 0x02, 0x66, 0x1B, 0x55, 0x81, 0x65, 0x26, 0x43, 0x22, 0x87,
    0x02, 0x00, 0x10, 0x22, 0x62, 0x99, 0x87, 0x78, 0x05, 0x00, 0x83, 0x20, 0x89, 0xAD, 0x79, 0x04,
    0x33, 0x82, 0x22, 0x99, 0x88, 0x02, 0x33, 0x80, 0xA8, 0x02, 0x88, 0x83, 0xA8, 0x88, 0xDA, 0x07,
    0x03, 0x00, 0x80, 0x97, 0x03, 0x99, 0x82, 0xFA, 0xFF, 0xEF, 0x03, 0xEE, 0x81, 0x9E, 0xCA, 0x03,
    0xEE, 0x84, 0xDE, 0xDD, 0x86, 0xA8, 0xDD, 0x02, 0xBB, 0x02, 0xDD, 0x81, 0xAD, 0x99, 0x02, 0x66,
    0x1B, 0x55, 0x81, 0x65, 0x26, 0x43, 0x22, 0x87, 0x02, 0x00, 0x10, 0x22, 0x62, 0x69, 0x87, 0x78,
    0x05, 0x00, 0x83, 0x20, 0x89, 0xAD, 0x79, 0x04, 0x33, 0x82, 0x22, 0x99, 0x88, 0x02, 0x33, 0x80,
    0xA8, 0x02, 0x88, 0x83, 0xA8, 0x88, 0xDA, 0x07, 0x03, 0x00, 0x80, 0x97, 0x03, 0x99, 0x82, 0xFA,
    0xFF, 0xEF, 0x03, 0xEE, 0x81, 0x9E, 0xCA, 0x03, 0xEE, 0x86, 0xDE, 0xDD, 0x76, 0x88, 0xDA, 0xDD,
    0xDB, 0x03, 0xDD, 0x81, 0x99, 0x77, 0x02, 0x66, 0x80, 0x56, 0x18, 0x55, 0x82, 0x65, 0x66, 0x25,
    0x43, 0x22, 0x87, 0x02, 0x00, 0x10, 0x22, 0x52, 0x66, 0x77, 0x58, 0x05, 0x00, 0x83, 0x20, 0x89,
    0xAD, 0x79, 0x04, 0x33, 0x82, 0x22, 0x76, 0x77, 0x02, 0x33, 0x80, 0x87, 0x05, 0x88, 0x80, 0x07,
    0x03, 0x00, 0x80, 0x95, 0x02, 0x99, 0x83, 0xA9, 0xFD, 0xFF, 0xEF, 0x03, 0xEE, 0x81, 0xAE, 0xCD,
    0x03, 0xEE, 0x81, 0xDE, 0xDD, 0x02, 0x66, 0x82, 0x86, 0xA8, 0xDA, 0x03, 0xBB, 0x84, 0xDD, 0xAD,
    0xAA, 0x99, 0x66, 0x18, 0x55, 0x81, 0x96, 0x27, 0x44, 0x22, 0x82, 0x02, 0x00, 0x10, 0x04, 0x22,
    0x80, 0x12, 0x05, 0x00, 0x83, 0x20, 0xA9, 0xAD, 0x78, 0x0A, 0x33, 0x02, 0x77, 0x82, 0x67, 0x88,
    0x02, 0x04, 0x00, 0x80, 0x95, 0x02, 0x99, 0x81, 0xFA, 0xEF, 0x0A, 0xEE, 0x81, 0xBE, 0xDD, 0x02,
    0x66, 0x82, 0x86, 0xA8, 0xDA, 0x03, 0xBB, 0x84, 0xDD, 0xAD, 0xAA, 0x99, 0x66, 0x18, 0x55, 0x81,
    0x96, 0x27, 0x44, 0x22, 0x82, 0x02, 0x00, 0x10, 0x04, 0x22, 0x80, 0x12, 0x05, 0x00, 0x83, 0x20,
    0xA9, 0xAD, 0x78, 0x0A, 0x33, 0x02, 0x77, 0x82, 0x67, 0x88, 0x02, 0x04, 0x00, 0x80, 0x95, 0x02,
    0x99, 0x81, 0xFA, 0xEF, 0x0A, 0xEE, 0x81, 0xBE, 0xDD, 0x02, 0x66, 0x82, 0x86, 0xA8, 0xDA, 0x03,
    0xBB, 0x84, 0xDD, 0xAD, 0xAA, 0x99, 0x66, 0x18, 0x55, 0x81, 0x96, 0x27, 0x44, 0x22, 0x82, 0x02,
    0x00, 0x10, 0x04, 0x22, 0x80, 0x12, 0x05, 0x00, 0x83, 0x20, 0xA9, 0xAD, 0x78, 0x0A, 0x33, 0x02,
    0x77, 0x82, 0x67, 0x88, 0x02, 0x04, 0x00, 0x80, 0x95, 0x02, 0x99, 0x81, 0xFA, 0xEF, 0x0A, 0xEE,
    0x81, 0xBE, 0xDD, 0x02, 0x66, 0x85, 0x76, 0x88, 0xD8, 0xDD, 0xBD, 0xBB, 0x02, 0xDD, 0x84, 0xAA,
    0x88, 0x78, 0x66, 0x56, 0x16, 0x55, 0x81, 0x96, 0x27, 0x44, 0x22, 0x82, 0x02, 0x10, 0x11, 0x04,
    0x22, 0x80, 0x12, 0x05, 0x00, 0x83, 0x20, 0x87, 0xAD, 0x8A, 0x0A, 0x33, 0x84, 0x72, 0x27, 0x55,
    0x77, 0x02, 0x03, 0x00, 0x86, 0x11, 0x96, 0x99, 0xA9, 0xFD, 0xFF, 0xEF, 0x09, 0xEE, 0x81, 0xFE,
    0xAD, 0x04, 0x66, 0x83, 0x76, 0x87, 0xA8, 0xDD, 0x02, 0xBB, 0x03, 0xDD, 0x80, 0x99, 0x03, 0x66,
    0x14, 0x55, 0x81, 0x65, 0x26, 0x44, 0x22, 0x82, 0x02, 0x50, 0x56, 0x04, 0x22, 0x80, 0x12, 0x06,
    0x00, 0x83, 0x20, 0xDD, 0xAD, 0x88, 0x09, 0x33, 0x08, 0x00, 0x80, 0x95, 0x02, 0x99, 0x80, 0xCD,
    0x02, 0xFF, 0x80, 0xEF, 0x09, 0xEE, 0x81, 0xFE, 0x7F, 0x04, 0x66, 0x83, 0x76, 0x87, 0xA8, 0xDD,
    0x02, 0xBB, 0x03, 0xDD, 0x80, 0x99, 0x03, 0x66, 0x14, 0x55, 0x81, 0x65, 0x26, 0x44, 0x22, 0x82,
    0x02, 0x50, 0x56, 0x04, 0x22, 0x80, 0x12, 0x06, 0x00, 0x83, 0x20, 0xDD, 0xAD, 0x88, 0x09, 0x33,
    0x08, 0x00, 0x80, 0x95, 0x02, 0x99, 0x80, 0xCD, 0x02, 0xFF, 0x80, 0xEF, 0x09, 0xEE, 0x81, 0xFE,
    0x7F, 0x04, 0x66, 0x83, 0x76, 0x87, 0xA8, 0xDD, 0x02, 0xBB, 0x03, 0xDD, 0x80, 0x99, 0x03, 0x66,
    0x14, 0x55, 0x81, 0x65, 0x26, 0x44, 0x22, 0x82, 0x02, 0x50, 0x56, 0x04, 0x22, 0x80, 0x12, 0x06,
    0x00, 0x83, 0x20, 0xDD, 0xAD, 0x88, 0x09, 0x33, 0x08, 0x00, 0x80, 0x95, 0x02, 0x99, 0x80, 0xCD,
    0x02, 0xFF, 0x80, 0xEF, 0x09, 0xEE, 0x81, 0xFE, 0x7F, 0x04, 0x66, 0x83, 0x76, 0x87, 0xA8, 0xDD,
    0x02, 0xBB, 0x03, 0xDD, 0x80, 0x99, 0x03, 0x66, 0x14, 0x55, 0x81, 0x65, 0x26, 0x44, 0x22, 0x82,
    0x02, 0x50, 0x56, 0x04, 0x22, 0x80, 0x12, 0x06, 0x00, 0x83, 0x20, 0xDD, 0xAD, 0x88, 0x09, 0x33,
    0x08, 0x00, 0x80, 0x95, 0x02, 0x99, 0x80, 0xCD, 0x02, 0xFF, 0x80, 0xEF, 0x09, 0xEE, 0x82, 0xFE,
    0x7F, 0xAD, 0x02, 0x99, 0x80, 0x69, 0x03, 0x66, 0x81, 0x76, 0xA8, 0x02, 0xDD, 0x02, 0xBB, 0x02,
    0xDD, 0x83, 0x99, 0x66, 0x99, 0x56, 0x11, 0x55, 0x81, 0x96, 0x59, 0x02, 0x55, 0x80, 0x25, 0x1F,
    0x22, 0x0A, 0xEE, 0x80, 0x27, 0x18, 0x22, 0x82, 0x02, 0x60, 0x69, 0x05, 0x22, 0x80, 0x12, 0x05,
    0x00, 0x85, 0x20, 0xA8, 0xDD, 0x8A, 0x99, 0xA8, 0x04, 0x33, 0x81, 0x88, 0x57, 0x08, 0x00, 0x84,
    0x95, 0x99, 0x88, 0x99, 0xFA, 0x02, 0xFF, 0x80, 0xEF, 0x09, 0xEE, 0x82, 0xFE, 0x7F, 0xAD, 0x02,
    0x99, 0x80, 0x69, 0x03, 0x66, 0x81, 0x76, 0xA8, 0x02, 0xDD, 0x02, 0xBB, 0x02, 0xDD, 0x83, 0x99,
    0x66, 0x99, 0x56, 0x11, 0x55, 0x81, 0x96, 0x59, 0x02, 0x55, 0x80, 0x25, 0x1E, 0x22, 0x80, 0x42,
    0x0A, 0xEE, 0x80, 0x27, 0x18, 0x22, 0x82, 0x02, 0x60, 0x69, 0x05, 0x22, 0x80, 0x12, 0x05, 0x00,
    0x85, 0x20, 0xA8, 0xDD, 0x8A, 0x99, 0xA8, 0x04, 0x33, 0x81, 0x88, 0x57, 0x08, 0x00, 0x84, 0x95,
    0x99, 0x88, 0x99, 0xFA, 0x02, 0xFF, 0x80, 0xEF, 0x09, 0xEE, 0x82, 0xFE, 0x8F, 0xAD, 0x02, 0x99,
    0x80, 0x69, 0x03, 0x66, 0x81, 0x76, 0xA8, 0x02, 0xDD, 0x02, 0xBB, 0x02, 0xDD, 0x83, 0x99, 0x66,
    0x99, 0x56, 0x11, 0x55, 0x81, 0x96, 0x59, 0x02, 0x55, 0x80, 0x25, 0x1E, 0x22, 0x80, 0x42, 0x0A,
    0xEE, 0x80, 0x27, 0x18, 0x22, 0x82, 0x02, 0x60, 0x69, 0x05, 0x22, 0x80, 0x12, 0x05, 0x00, 0x85,
    0x20, 0xA8, 0xDD, 0x8A, 0x99, 0xA8, 0x04, 0x33, 0x81, 0x88, 0x57, 0x08, 0x00, 0x84, 0x95, 0x99,
    0x88, 0x99, 0xFA, 0x02, 0xFF, 0x80, 0xEF, 0x09, 0xEE, 0x82, 0xFE, 0x7F, 0xAD, 0x02, 0x99, 0x80,
    0x69, 0x03, 0x66, 0x81, 0x76, 0xA8, 0x02, 0xDD, 0x02, 0xBB, 0x02, 0xDD, 0x83, 0x99, 0x66, 0x99,
    0x56, 0x11, 0x55, 0x81, 0x96, 0x59, 0x02, 0x55, 0x80, 0x25, 0x1F, 0x22, 0x0A, 0xEE, 0x80, 0x27,
    0x18, 0x22, 0x82, 0x02, 0x60, 0x69, 0x05, 0x22, 0x80, 0x12, 0x05, 0x00, 0x85, 0x20, 0xA8, 0xDD,
    0x8A, 0x99, 0xA8, 0x04, 0x33, 0x81, 0x88, 0x57, 0x08, 0x00, 0x84, 0x95, 0x99, 0x88, 0x99, 0xFA,
    0x02, 0xFF, 0x80, 0xEF, 0x09, 0xEE, 0x81, 0xFE, 0x7F, 0x02, 0xDD, 0x80, 0x8D, 0x07, 0x66, 0x81,
    0x89, 0xAA, 0x03, 0xBB, 0x02, 0xDD, 0x82, 0xAA, 0x99, 0x66, 0x10, 0x55, 0x81, 0x65, 0x56, 0x06,
    0x55, 0x80, 0x25, 0x19, 0x22, 0x81, 0x42, 0xEC, 0x0B, 0xEE, 0x80, 0x28, 0x17, 0x22, 0x82, 0x02,
    0x70, 0x69, 0x07, 0x22, 0x80, 0x12, 0x04, 0x00, 0x82, 0x10, 0x72, 0xDA, 0x02, 0xDD, 0x85, 0xAA,
    0x8A, 0xAD, 0xAA, 0x88, 0x78, 0x06, 0x00, 0x82, 0x94, 0xAA, 0x98, 0x02, 0x99, 0x81, 0xDA, 0xFD,
    0x02, 0xFF, 0x80, 0xEF, 0x09, 0xEE, 0x81, 0xFE, 0xAF, 0x02, 0xDD, 0x80, 0x8D, 0x07, 0x66, 0x81,
    0x89, 0xAA, 0x03, 0xBB, 0x02, 0xDD, 0x82, 0xAA, 0x99, 0x66, 0x10, 0x55, 0x81, 0x65, 0x56, 0x06,
    0x55, 0x80, 0x25, 0x19, 0x22, 0x81, 0x72, 0xEC, 0x0B, 0xEE, 0x80, 0x28, 0x17, 0x22, 0x82, 0x02,
    0x70, 0x59, 0x07, 0x22, 0x80, 0x12, 0x04, 0x00, 0x82, 0x10, 0x72, 0xDA, 0x02, 0xDD, 0x85, 0xAA,
    0x8A, 0xDD, 0xAA, 0x88, 0x78, 0x06, 0x00, 0x82, 0x94, 0xAA, 0x98, 0x02, 0x99, 0x81, 0xDA, 0xFD,
    0x02, 0xFF, 0x80, 0xEF, 0x09, 0xEE, 0x81, 0xFE, 0xAF, 0x02, 0xDD, 0x80, 0x8D, 0x07, 0x66, 0x81,
    0x89, 0xAA, 0x03, 0xBB, 0x02, 0xDD, 0x82, 0xAA, 0x99, 0x66, 0x10, 0x55, 0x81, 0x65, 0x56, 0x06,
    0x55, 0x80, 0x25, 0x19, 0x22, 0x81, 0x72, 0xEC, 0x0B, 0xEE, 0x80, 0x28, 0x17, 0x22, 0x82, 0x02,
    0x70, 0x59, 0x07, 0x22, 0x80, 0x12, 0x04, 0x00, 0x82, 0x10, 0x72, 0xDA, 0x02, 0xDD, 0x85, 0xAA,
    0x8A, 0xDD, 0xAA, 0x88, 0x78, 0x06, 0x00, 0x82, 0x94, 0xAA, 0x98, 0x02, 0x99, 0x81, 0xDA, 0xFD,
    0x02, 0xFF, 0x80, 0xEF, 0x09, 0xEE, 0x81, 0xFE, 0xAF, 0x02, 0xDD, 0x80, 0x8D, 0x07, 0x66, 0x81,
    0x89, 0xAA, 0x03, 0xBB, 0x02, 0xDD, 0x82, 0xAA, 0x99, 0x66, 0x10, 0x55, 0x81, 0x65, 0x56, 0x06,
    0x55, 0x80, 0x25, 0x19, 0x22, 0x81, 0x42, 0xEC, 0x0B, 0xEE, 0x80, 0x28, 0x17, 0x22, 0x82, 0x02,
    0x70, 0x69, 0x07, 0x22, 0x80, 0x12, 0x04, 0x00, 0x82, 0x10, 0x72, 0xDA, 0x02, 0xDD, 0x85, 0xAA,
    0x8A, 0xAD, 0xAA, 0x88, 0x78, 0x06, 0x00, 0x82, 0x94, 0xAA, 0x98, 0x02, 0x99, 0x81, 0xDA, 0xFD,
    0x02, 0xFF, 0x80, 0xEF, 0x09, 0xEE, 0x82, 0xFE, 0xAF, 0xBC, 0x03, 0xDD, 0x81, 0xAD, 0x67, 0x06,
    0x66, 0x82, 0x77, 0x88, 0xDD, 0x02, 0xBB, 0x03, 0xDD, 0x80, 0x9A, 0x02, 0x66, 0x09, 0x55, 0x80,
    0x66, 0x02, 0x99, 0x80, 0x56, 0x07, 0x55, 0x83, 0x25, 0x52, 0x55, 0x25, 0x17, 0x22, 0x0C, 0xEE,
    0x82, 0x27, 0x22, 0xED, 0x05, 0xEE, 0x81, 0xAC, 0xED, 0x04, 0xEE, 0x80, 0x2B, 0x0A, 0x22, 0x82,
    0x02, 0x00, 0x10, 0x09, 0x22, 0x80, 0x12, 0x12, 0x00, 0x82, 0xD8, 0xDD, 0x9A, 0x03, 0x99, 0x82,
    0xFA, 0xFF, 0xEF, 0x0B, 0xEE, 0x82, 0xDE, 0xAA, 0xBC, 0x03, 0xDD, 0x81, 0xAD, 0x67, 0x06, 0x66,
    0x82, 0x77, 0x88, 0xDD, 0x02, 0xBB, 0x03, 0xDD, 0x80, 0x9A, 0x02, 0x66, 0x09, 0x55, 0x80, 0x66,
    0x02, 0x99, 0x80, 0x56, 0x07, 0x55, 0x83, 0x25, 0x52, 0x55, 0x25, 0x17, 0x22, 0x0C, 0xEE, 0x82,
    0x27, 0x22, 0xED, 0x05, 0xEE, 0x81, 0x8B, 0xEA, 0x04, 0xEE, 0x80, 0x2B, 0x0A, 0x22, 0x82, 0x02,
    0x00, 0x10, 0x09, 0x22, 0x80, 0x12, 0x12, 0x00, 0x82, 0xD8, 0xDD, 0x9A, 0x03, 0x99, 0x82, 0xFA,
    0xFF, 0xEF, 0x0B, 0xEE, 0x82, 0xDE, 0xAA, 0xBC, 0x03, 0xDD, 0x81, 0xAD, 0x67, 0x06, 0x66, 0x82,
    0x77, 0x88, 0xDD, 0x02, 0xBB, 0x03, 0xDD, 0x80, 0x9A, 0x02, 0x66, 0x09, 0x55, 0x80, 0x66, 0x02,
    0x99, 0x80, 0x56, 0x07, 0x55, 0x83, 0x25, 0x52, 0x55, 0x25, 0x17, 0x22, 0x0C, 0xEE, 0x82, 0x27,
    0x22, 0xED, 0x05, 0xEE, 0x81, 0x8B, 0xEA, 0x04, 0xEE, 0x80, 0x2B, 0x0A, 0x22, 0x82, 0x02, 0x00,
    0x10, 0x09, 0x22, 0x80, 0x12, 0x12, 0x00, 0x82, 0xD8, 0xDD, 0x9A, 0x03, 0x99, 0x82, 0xFA, 0xFF,
    0xEF, 0x0B, 0xEE, 0x82, 0xDE, 0xAA, 0xBC, 0x03, 0xDD, 0x81, 0xAD, 0x67, 0x06, 0x66, 0x82, 0x77,
    0x88, 0xDD, 0x02, 0xBB, 0x03, 0xDD, 0x80, 0x9A, 0x02, 0x66, 0x09, 0x55, 0x80, 0x66, 0x02, 0x99,
    0x80, 0x56, 0x07, 0x55, 0x83, 0x25, 0x52, 0x55, 0x25, 0x17, 0x22, 0x0C, 0xEE, 0x82, 0x27, 0x22,
    0xED, 0x05, 0xEE, 0x81, 0x8B, 0xEA, 0x04, 0xEE, 0x80, 0x2B, 0x0A, 0x22, 0x82, 0x02, 0x00, 0x10,
    0x09, 0x22, 0x80, 0x12, 0x12, 0x00, 0x82, 0xD8, 0xDD, 0x9A, 0x03, 0x99, 0x82, 0xFA, 0xFF, 0xEF,
    0x0B, 0xEE, 0x83, 0xDE, 0xAA, 0xEE, 0xBC, 0x05, 0xDD, 0x80, 0x99, 0x07, 0x66, 0x81, 0x99, 0xAA,
    0x02, 0xBB, 0x03, 0xDD, 0x81, 0xAA, 0x56, 0x05, 0x66, 0x02, 0x99, 0x80, 0x56, 0x10, 0x55, 0x80,
    0x25, 0x15, 0x22, 0x0B, 0xEE, 0x82, 0x78, 0x24, 0xED, 0x0B, 0xEE, 0x80, 0x4B, 0x0B, 0x22, 0x82,
    0x02, 0x00, 0x10, 0x09, 0x22, 0x84, 0x42, 0x99, 0x22, 0x52, 0x69, 0x0C, 0x00, 0x80, 0xD8, 0x03,
    0xDD, 0x80, 0xAD, 0x02, 0x99, 0x82, 0xDA, 0xFD, 0xEF, 0x0C, 0xEE, 0x83, 0xDC, 0xFD, 0xEE, 0xBC,
    0x05, 0xDD, 0x80, 0x99, 0x07, 0x66, 0x81, 0x99, 0xAA, 0x02, 0xBB, 0x03, 0xDD, 0x81, 0xAA, 0x56,
    0x05, 0x66, 0x02, 0x99, 0x80, 0x56, 0x10, 0x55, 0x80, 0x25, 0x15, 0x22, 0x0B, 0xEE, 0x82, 0x8A,
    0x24, 0xED, 0x0B, 0xEE, 0x80, 0x4B, 0x0B, 0x22, 0x82, 0x02, 0x00, 0x10, 0x09, 0x22, 0x84, 0x42,
    0x99, 0x22, 0x52, 0x69, 0x0C, 0x00, 0x80, 0xD8, 0x03, 0xDD, 0x80, 0xAD, 0x02, 0x99, 0x82, 0xDA,
    0xFD, 0xEF, 0x0C, 0xEE, 0x83, 0xDC, 0xFD, 0xEE, 0xBC, 0x05, 0xDD, 0x80, 0x99, 0x07, 0x66, 0x81,
    0x99, 0xAA, 0x02, 0xBB, 0x03, 0xDD, 0x81, 0xAA, 0x56, 0x05, 0x66, 0x02, 0x99, 0x80, 0x56, 0x10,
    0x55, 0x80, 0x25, 0x15, 0x22, 0x0B, 0xEE, 0x82, 0x8A, 0x25, 0xED, 0x0B, 0xEE, 0x80, 0x4B, 0x0B,
    0x22, 0x82, 0x02, 0x00, 0x10, 0x09, 0x22, 0x84, 0x42, 0x99, 0x22, 0x52, 0x69, 0x0C, 0x00, 0x80,
    0xD8, 0x03, 0xDD, 0x80, 0xAD, 0x02, 0x99, 0x82, 0xDA, 0xFD, 0xEF, 0x0C, 0xEE, 0x83, 0xDC, 0xFD,
    0xEE, 0xBC, 0x05, 0xDD, 0x80, 0x99, 0x07, 0x66, 0x81, 0x99, 0xAA, 0x02, 0xBB, 0x03, 0xDD, 0x81,
    0xAA, 0x56, 0x05, 0x66, 0x02, 0x99, 0x80, 0x56, 0x10, 0x55, 0x80, 0x25, 0x15, 0x22, 0x0B, 0xEE,
    0x82, 0x8A, 0x25, 0xED, 0x0B, 0xEE, 0x80, 0x4B, 0x0B, 0x22, 0x82, 0x02, 0x00, 0x10, 0x09, 0x22,
    0x84, 0x42, 0x99, 0x22, 0x52, 0x69, 0x0C, 0x00, 0x80, 0xD8, 0x03, 0xDD, 0x80, 0xAD, 0x02, 0x99,
    0x82, 0xDA, 0xFD, 0xEF, 0x0C, 0xEE, 0x8B, 0xDC, 0xFD, 0xEE, 0xCE, 0xBC, 0xBB, 0xDD, 0xBD, 0xBB,
    0xDD, 0xAA, 0x99, 0x06, 0x66, 0x80, 0x77, 0x02, 0xAA, 0x80, 0xBD, 0x02, 0xBB, 0x82, 0xDD, 0xAA,
    0x9A, 0x02, 0x99, 0x81, 0x56, 0x55, 0x02, 0x66, 0x80, 0x56, 0x11, 0x55, 0x80, 0x25, 0x12, 0x22,
    0x81, 0x72, 0xBD, 0x0B, 0xEE, 0x82, 0x57, 0x22, 0xED, 0x0B, 0xEE, 0x80, 0x4B, 0x0B, 0x22, 0x82,
    0x12, 0x01, 0x10, 0x0A, 0x22, 0x84, 0x44, 0x22, 0x52, 0x69, 0x55, 0x02, 0x11, 0x06, 0x66, 0x82,
    0x88, 0xA8, 0x88, 0x02, 0xDD, 0x81, 0xAA, 0x9A, 0x02, 0x99, 0x82, 0x66, 0xBA, 0xFC, 0x0D, 0xEE,
    0x81, 0xDC, 0xFD, 0x03, 0xEE, 0x83, 0xBC, 0xDD, 0xBF, 0xBB, 0x02, 0xDD, 0x80, 0x9A, 0x07, 0x66,
    0x82, 0xA8, 0xAA, 0xFF, 0x02, 0xBB, 0x02, 0xDD, 0x80, 0xAA, 0x02, 0x99, 0x80, 0x56, 0x15, 0x55,
    0x80, 0x25, 0x12, 0x22, 0x81, 0x72, 0xEC, 0x0B, 0xEE, 0x82, 0x27, 0x22, 0xED, 0x0B, 0xEE, 0x80,
    0x4B, 0x0C, 0x22, 0x81, 0x02, 0x10, 0x0C, 0x22, 0x82, 0x52, 0x99, 0x66, 0x02, 0x22, 0x06, 0x99,
    0x80, 0xDA, 0x04, 0xDD, 0x80, 0x9A, 0x03, 0x99, 0x81, 0x56, 0xED, 0x0E, 0xEE, 0x81, 0xDC, 0xFD,
    0x03, 0xEE, 0x83, 0xBC, 0xDD, 0xBF, 0xBB, 0x02, 0xDD, 0x80, 0x9A, 0x07, 0x66, 0x82, 0xA8, 0xAA,
    0xFF, 0x02, 0xBB, 0x02, 0xDD, 0x80, 0xAA, 0x02, 0x99, 0x80, 0x56, 0x15, 0x55, 0x80, 0x25, 0x12,
    0x22, 0x81, 0x72, 0xEC, 0x0B, 0xEE, 0x82, 0x27, 0x22, 0xED, 0x0B, 0xEE, 0x80, 0x4B, 0x0C, 0x22,
    0x81, 0x02, 0x10, 0x0C, 0x22, 0x82, 0x52, 0x99, 0x66, 0x02, 0x22, 0x06, 0x99, 0x80, 0xDA, 0x04,
    0xDD, 0x80, 0x9A, 0x03, 0x99, 0x81, 0x56, 0xED, 0x0E, 0xEE, 0x81, 0xDC, 0xFD, 0x03, 0xEE, 0x83,
    0xBC, 0xDD, 0xBF, 0xBB, 0x02, 0xDD, 0x80, 0x9A, 0x07, 0x66, 0x82, 0xA8, 0xAA, 0xFF, 0x02, 0xBB,
    0x02, 0xDD, 0x80, 0xAA, 0x02, 0x99, 0x80, 0x56, 0x15, 0x55, 0x80, 0x25, 0x12, 0x22, 0x81, 0x72,
    0xEC, 0x0B, 0xEE, 0x82, 0x27, 0x22, 0xED, 0x0B, 0xEE, 0x80, 0x4B, 0x0C, 0x22, 0x81, 0x02, 0x10,
    0x0C, 0x22, 0x82, 0x52, 0x99, 0x66, 0x02, 0x22, 0x06, 0x99, 0x80, 0xDA, 0x04, 0xDD, 0x80, 0x9A,
    0x03, 0x99, 0x81, 0x56, 0xED, 0x0E, 0xEE, 0x81, 0xDC, 0xFD, 0x03, 0xEE, 0x81, 0xCE, 0xBB, 0x02,
    0xDD, 0x02, 0xBB, 0x83, 0xDD, 0xDA, 0xAD, 0x67, 0x04, 0x66, 0x02, 0x77, 0x02, 0x88, 0x83, 0xAA,
    0x88, 0x77, 0x67, 0x02, 0x66, 0x80, 0x56, 0x16, 0x55, 0x80, 0x25, 0x10, 0x22, 0x82, 0x72, 0xBB,
    0xEE, 0x08, 0x77, 0x84, 0xEB, 0xEE, 0x78, 0x22, 0xBD, 0x0B, 0xEE, 0x81, 0x7B, 0x27, 0x0C, 0x22,
    0x81, 0x02, 0x10, 0x0D, 0x22, 0x83, 0x55, 0x44, 0x22, 0x66, 0x04, 0x99, 0x80, 0xAD, 0x03, 0x99,
    0x88, 0xA8, 0xDD, 0x9A, 0x99, 0x56, 0x55, 0x65, 0x97, 0xED, 0x05, 0xEE, 0x80, 0xCE, 0x07, 0xEE,
    0x82, 0xDE, 0xDD, 0xFD, 0x04, 0xEE, 0x80, 0xBC, 0x02, 0xDD, 0x81, 0xCC, 0xBC, 0x02, 0xDD, 0x81,
    0xDB, 0x67, 0x07, 0x66, 0x82, 0x99, 0x88, 0x67, 0x02, 0x66, 0x19, 0x55, 0x80, 0x25, 0x10, 0x22,
    0x80, 0x72, 0x02, 0xEE, 0x08, 0x22, 0x84, 0xEB, 0xEE, 0x27, 0x22, 0xEB, 0x0B, 0xEE, 0x80, 0x2B,
    0x0D, 0x22, 0x81, 0x02, 0x10, 0x10, 0x22, 0x05, 0x99, 0x80, 0xDD, 0x04, 0x99, 0x80, 0xDD, 0x02,
    0x99, 0x84, 0x26, 0x22, 0x54, 0xA7, 0xED, 0x05, 0xEE, 0x80, 0xCE, 0x07, 0xEE, 0x82, 0xDE, 0xDD,
    0xFD, 0x04, 0xEE, 0x80, 0xBC, 0x02, 0xDD, 0x81, 0xCC, 0xBC, 0x02, 0xDD, 0x81, 0xDB, 0x67, 0x07,
    0x66, 0x82, 0x99, 0x88, 0x67, 0x02, 0x66, 0x19, 0x55, 0x80, 0x25, 0x10, 0x22, 0x80, 0x72, 0x02,
    0xEE, 0x08, 0x22, 0x84, 0xEB, 0xEE, 0x27, 0x22, 0xEB, 0x0B, 0xEE, 0x80, 0x2B, 0x0D, 0x22, 0x81,
    0x02, 0x10, 0x10, 0x22, 0x05, 0x99, 0x80, 0xDD, 0x04, 0x99, 0x80, 0xDD, 0x02, 0x99, 0x84, 0x26,
    0x22, 0x54, 0xA7, 0xED, 0x05, 0xEE, 0x80, 0xCE, 0x07, 0xEE, 0x82, 0xDE, 0xDD, 0xFD, 0x04, 0xEE,
    0x80, 0xBC, 0x02, 0xDD, 0x81, 0xCC, 0xBC, 0x02, 0xDD, 0x81, 0xDB, 0x67, 0x07, 0x66, 0x82, 0x99,
    0x88, 0x67, 0x02, 0x66, 0x19, 0x55, 0x80, 0x25, 0x10, 0x22, 0x80, 0x72, 0x02, 0xEE, 0x08, 0x22,
    0x84, 0xEB, 0xEE, 0x27, 0x22, 0xEB, 0x0B, 0xEE, 0x80, 0x2B, 0x0D, 0x22, 0x81, 0x02, 0x10, 0x10,
    0x22, 0x05, 0x99, 0x80, 0xDD, 0x04, 0x99, 0x80, 0xDD, 0x02, 0x99, 0x84, 0x26, 0x22, 0x54, 0xA7,
    0xED, 0x05, 0xEE, 0x80, 0xCE, 0x07, 0xEE, 0x82, 0xDE, 0xDD, 0xFD, 0x05, 0xEE, 0x83, 0xCC, 0xBB,
    0xDD, 0xFF, 0x02, 0xBB, 0x80, 0xDD, 0x02, 0xAD, 0x80, 0x99, 0x06, 0x66, 0x80, 0x76, 0x02, 0x66,
    0x80, 0x56, 0x19, 0x55, 0x83, 0x25, 0x42, 0x55, 0x25, 0x0E, 0x22, 0x81, 0x87, 0xEE, 0x08, 0xBB,
    0x81, 0x78, 0x77, 0x02, 0x22, 0x80, 0xEB, 0x0B, 0xEE, 0x80, 0x2B, 0x0D, 0x22, 0x82, 0x02, 0x00,
    0x10, 0x0F, 0x22, 0x03, 0x55, 0x02, 0x66, 0x80, 0x77, 0x04, 0x66, 0x82, 0x77, 0x99, 0x66, 0x03,
    0x55, 0x81, 0xB8, 0xEC, 0x05, 0xEE, 0x80, 0xCE, 0x07, 0xEE, 0x84, 0xDE, 0xBD, 0xDB, 0xEE, 0xEC,
    0x04, 0xEE, 0x84, 0xBC, 0xDD, 0xFF, 0xCC, 0xBC, 0x03, 0xDD, 0x80, 0x99, 0x09, 0x66, 0x1A, 0x55,
    0x83, 0x25, 0x52, 0x55, 0x25, 0x0E, 0x22, 0x81, 0x72, 0xEC, 0x08, 0xEE, 0x80, 0x27, 0x03, 0x22,
    0x80, 0xEB, 0x0B, 0xEE, 0x80, 0x2B, 0x0D, 0x22, 0x80, 0x02, 0x02, 0x00, 0x12, 0x22, 0x08, 0x55,
    0x81, 0x99, 0x56, 0x03, 0x55, 0x80, 0xED, 0x06, 0xEE, 0x80, 0xCE, 0x07, 0xEE, 0x84, 0xDE, 0xBD,
    0xDC, 0xEE, 0xEC, 0x04, 0xEE, 0x84, 0xBC, 0xDD, 0xFF, 0xCC, 0xBC, 0x03, 0xDD, 0x80, 0x99, 0x09,
    0x66, 0x1A, 0x55, 0x83, 0x25, 0x52, 0x55, 0x25, 0x0E, 0x22, 0x81, 0x72, 0xEC, 0x08, 0xEE, 0x80,
    0x27, 0x03, 0x22, 0x80, 0xEB, 0x0B, 0xEE, 0x80, 0x2B, 0x0D, 0x22, 0x80, 0x02, 0x02, 0x00, 0x12,
    0x22, 0x08, 0x55, 0x81, 0x99, 0x56, 0x03, 0x55, 0x80, 0xED, 0x06, 0xEE, 0x80, 0xCE, 0x07, 0xEE,
    0x84, 0xDE, 0xBD, 0xDC, 0xEE, 0xEC, 0x04, 0xEE, 0x84, 0xBC, 0xDD, 0xFF, 0xCC, 0xBC, 0x03, 0xDD,
    0x80, 0x99, 0x09, 0x66, 0x1A, 0x55, 0x83, 0x25, 0x52, 0x55, 0x25, 0x0E, 0x22, 0x81, 0x72, 0xEC,
    0x08, 0xEE, 0x80, 0x27, 0x03, 0x22, 0x80, 0xEB, 0x0B, 0xEE, 0x80, 0x2B, 0x0D, 0x22, 0x80, 0x02,
    0x02, 0x00, 0x12, 0x22, 0x08, 0x55, 0x81, 0x99, 0x56, 0x03, 0x55, 0x80, 0xED, 0x06, 0xEE, 0x80,
    0xCE, 0x07, 0xEE, 0x84, 0xDE, 0xBD, 0xDC, 0xCE, 0xEC, 0x05, 0xEE, 0x02, 0xBB, 0x82, 0xDD, 0xBD,
    0xBB, 0x02, 0xDB, 0x80, 0xAD, 0x02, 0x88, 0x08, 0x66, 0x19, 0x55, 0x83, 0x45, 0x54, 0x45, 0x24,
    0x0C, 0x22, 0x80, 0x42, 0x02, 0xDD, 0x09, 0xEE, 0x81, 0xDD, 0x24, 0x02, 0x22, 0x80, 0xD8, 0x02,
    0xDD, 0x80, 0xEB, 0x04, 0xEE, 0x80, 0xDC, 0x03, 0xDD, 0x80, 0x28, 0x0D, 0x22, 0x80, 0x12, 0x02,
    0x00, 0x10, 0x22, 0x81, 0x24, 0x22, 0x08, 0x55, 0x81, 0x76, 0x56, 0x02, 0x55, 0x81, 0x66, 0xED,
    0x06, 0xEE, 0x80, 0xCE, 0x06, 0xEE, 0x83, 0xBE, 0xBB, 0xCB, 0xDC, 0x03, 0xCC, 0x80, 0xEC, 0x04,
    0xEE, 0x80, 0xBC, 0x02, 0xDD, 0x82, 0xEE, 0xCC, 0xBB, 0x03, 0xDD, 0x08, 0x66, 0x1B, 0x55, 0x80,
    0x25, 0x0D, 0x22, 0x80, 0x72, 0x0C, 0xEE, 0x80, 0x27, 0x04, 0x22, 0x81, 0x77, 0xED, 0x04, 0xEE,
    0x80, 0x4B, 0x12, 0x22, 0x81, 0x02, 0x00, 0x10, 0x22, 0x81, 0x55, 0x22, 0x0C, 0x55, 0x81, 0x96,
    0xED, 0x06, 0xEE, 0x80, 0xCE, 0x06, 0xEE, 0x83, 0xDE, 0xBD, 0xCC, 0xDC, 0x03, 0xCC, 0x80, 0xEC,
    0x04, 0xEE, 0x80, 0xBC, 0x02, 0xDD, 0x82, 0xEE, 0xCC, 0xBB, 0x03, 0xDD, 0x08, 0x66, 0x1B, 0x55,
    0x80, 0x25, 0x0D, 0x22, 0x80, 0x72, 0x0C, 0xEE, 0x80, 0x27, 0x04, 0x22, 0x81, 0x77, 0xED, 0x04,
    0xEE, 0x81, 0x4B, 0x24, 0x11, 0x22, 0x81, 0x02, 0x00, 0x10, 0x22, 0x81, 0x55, 0x22, 0x0C, 0x55,
    0x81, 0x96, 0xED, 0x06, 0xEE, 0x80, 0xCE, 0x06, 0xEE, 0x83, 0xDE, 0xBD, 0xCC, 0xDC, 0x03, 0xCC,
    0x80, 0xEC, 0x04, 0xEE, 0x80, 0xBC, 0x02, 0xDD, 0x82, 0xEE, 0xCC, 0xBB, 0x03, 0xDD, 0x08, 0x66,
    0x1B, 0x55, 0x80, 0x25, 0x0D, 0x22, 0x80, 0x72, 0x0C, 0xEE, 0x80, 0x27, 0x04, 0x22, 0x81, 0x77,
    0xED, 0x04, 0xEE, 0x80, 0x4B, 0x12, 0x22, 0x81, 0x02, 0x00, 0x10, 0x22, 0x81, 0x55, 0x22, 0x0C,
    0x55, 0x81, 0x96, 0xED, 0x06, 0xEE, 0x80, 0xCE, 0x06, 0xEE, 0x85, 0xDE, 0xBD, 0xCC, 0xDC, 0xEE,
    0xCE, 0x02, 0xCC, 0x04, 0xEE, 0x80, 0xCE, 0x04, 0xDD, 0x02, 0xBB, 0x02, 0xDD, 0x81, 0x8A, 0x69,
    0x06, 0x66, 0x80, 0x55, 0x02, 0x66, 0x81, 0x55, 0x65, 0x16, 0x55, 0x81, 0x45, 0x24, 0x0C, 0x22,
    0x80, 0x72, 0x0C, 0xEE, 0x82, 0x27, 0x77, 0xD8, 0x06, 0xDD, 0x84, 0xCB, 0xEE, 0xDC, 0xDD, 0x28,
    0x0E, 0x22, 0x02, 0x44, 0x82, 0x14, 0x00, 0x10, 0x0D, 0x22, 0x02, 0x44, 0x81, 0x55, 0x22, 0x0C,
    0x55, 0x81, 0xA7, 0xED, 0x06, 0xEE, 0x80, 0xCE, 0x05, 0xEE, 0x84, 0xFE, 0xDF, 0xCD, 0xCC, 0xDC,
    0x02, 0xEE, 0x02, 0xCC, 0x80, 0xEC, 0x05, 0xEE, 0x83, 0xBC, 0xAA, 0xDD, 0xFF, 0x02, 0xCC, 0x02,
    0xDD, 0x80, 0x99, 0x06, 0x66, 0x80, 0x55, 0x02, 0x66, 0x82, 0x56, 0x66, 0x56, 0x16, 0x55, 0x80,
    0x25, 0x0C, 0x22, 0x80, 0x72, 0x0C, 0xEE, 0x82, 0x27, 0x87, 0xEB, 0x03, 0xEE, 0x80, 0x2D, 0x02,
    0x22, 0x81, 0xD7, 0xEB, 0x02, 0xEE, 0x80, 0x2B, 0x0D, 0x22, 0x80, 0x52, 0x02, 0x55, 0x82, 0x25,
    0x02, 0x00, 0x0D, 0x22, 0x03, 0x55, 0x80, 0x22, 0x0C, 0x55, 0x81, 0xD8, 0xED, 0x06, 0xEE, 0x80,
    0xCE, 0x05, 0xEE, 0x84, 0xFE, 0xDF, 0xCD, 0xCC, 0xFC, 0x02, 0xEE, 0x02, 0xCC, 0x80, 0xEC, 0x05,
    0xEE, 0x83, 0xBC, 0xAA, 0xDD, 0xFF, 0x02, 0xCC, 0x02, 0xDD, 0x80, 0x99, 0x06, 0x66, 0x80, 0x55,
    0x02, 0x66, 0x82, 0x56, 0x66, 0x56, 0x16, 0x55, 0x80, 0x25, 0x0C, 0x22, 0x80, 0x72, 0x0C, 0xEE,
    0x82, 0x27, 0x87, 0xEB, 0x03, 0xEE, 0x80, 0x2D, 0x02, 0x22, 0x81, 0xD7, 0xEB, 0x02, 0xEE, 0x80,
    0x2B, 0x0D, 0x22, 0x80, 0x52, 0x02, 0x55, 0x82, 0x25, 0x02, 0x00, 0x0D, 0x22, 0x03, 0x55, 0x80,
    0x22, 0x0C, 0x55, 0x81, 0xD8, 0xED, 0x06, 0xEE, 0x80, 0xCE, 0x05, 0xEE, 0x84, 0xFE, 0xDF, 0xCD,
    0xCC, 0xFC, 0x02, 0xEE, 0x02, 0xCC, 0x80, 0xEC, 0x05, 0xEE, 0x83, 0xBC, 0xAA, 0xDD, 0xFF, 0x02,
    0xCC, 0x02, 0xDD, 0x80, 0x99, 0x06, 0x66, 0x80, 0x55, 0x02, 0x66, 0x82, 0x56, 0x66, 0x56, 0x16,
    0x55, 0x80, 0x25, 0x0C, 0x22, 0x80, 0x72, 0x0C, 0xEE, 0x82, 0x27, 0x87, 0xEB, 0x03, 0xEE, 0x80,
    0x2D, 0x02, 0x22, 0x81, 0xD7, 0xEB, 0x02, 0xEE, 0x80, 0x2B, 0x0D, 0x22, 0x80, 0x52, 0x02, 0x55,
    0x82, 0x25, 0x02, 0x00, 0x0D, 0x22, 0x03, 0x55, 0x80, 0x22, 0x0C, 0x55, 0x81, 0xD8, 0xED, 0x06,
    0xEE, 0x80, 0xCE, 0x05, 0xEE, 0x84, 0xFE, 0xDF, 0xCD, 0xCC, 0xFC, 0x02, 0xEE, 0x82, 0xCE, 0xCC,
    0xEC, 0x03, 0xEE, 0x80, 0xCE, 0x02, 0xBB, 0x04, 0xDD, 0x83, 0xBF, 0xBB, 0xDD, 0x69, 0x0C, 0x66,
    0x16, 0x55, 0x81, 0x45, 0x24, 0x0A, 0x22, 0x81, 0x42, 0xDD, 0x0B, 0xEE, 0x82, 0xDD, 0x24, 0xDA,
    0x04, 0xEE, 0x80, 0xDB, 0x02, 0xDD, 0x81, 0xBD, 0xEC, 0x02, 0xEE, 0x80, 0x2B, 0x0D, 0x22, 0x80,
    0x54, 0x02, 0x55, 0x84, 0x45, 0x14, 0x00, 0x10, 0x24, 0x09, 0x22, 0x02, 0x44, 0x03, 0x55, 0x80,
    0x44, 0x0C, 0x55, 0x81, 0xB8, 0xEB, 0x0C, 0xEE, 0x85, 0xDE, 0xDD, 0xCD, 0xFC, 0xFF, 0xEC, 0x02,
    0xEE, 0x81, 0xCC, 0xEC, 0x02, 0xEE, 0x8A, 0xCC, 0xBB, 0xDD, 0xFF, 0xEE, 0xBC, 0x99, 0x88, 0xFF,
    0xCC, 0xAD, 0x0D, 0x66, 0x80, 0x56, 0x16, 0x55, 0x80, 0x25, 0x0A, 0x22, 0x80, 0x72, 0x0C, 0xEE,
    0x82, 0x27, 0x22, 0xEB, 0x0B, 0xEE, 0x80, 0x2B, 0x0C, 0x22, 0x80, 0x52, 0x04, 0x55, 0x83, 0x45,
    0x02, 0x10, 0x45, 0x09, 0x22, 0x12, 0x55, 0x80, 0xED, 0x0D, 0xEE, 0x85, 0xDE, 0xFD, 0xCF, 0xFC,
    0xFF, 0xEC, 0x02, 0xEE, 0x81, 0xCC, 0xEC, 0x02, 0xEE, 0x8A, 0xCC, 0xBB, 0xDD, 0xFF, 0xEE, 0xBC,
    0x99, 0x88, 0xFF, 0xCC, 0xAD, 0x0D, 0x66, 0x80, 0x56, 0x16, 0x55, 0x80, 0x25, 0x0A, 0x22, 0x80,
    0x72, 0x0C, 0xEE, 0x82, 0x27, 0x22, 0xEB, 0x0B, 0xEE, 0x80, 0x2B, 0x0C, 0x22, 0x80, 0x52, 0x04,
    0x55, 0x83, 0x45, 0x02, 0x10, 0x45, 0x09, 0x22, 0x12, 0x55, 0x80, 0xED, 0x0D, 0xEE, 0x85, 0xDE,
    0xFD, 0xCF, 0xFC, 0xFF, 0xEC, 0x02, 0xEE, 0x81, 0xCC, 0xEC, 0x02, 0xEE, 0x8A, 0xCC, 0xBB, 0xDD,
    0xFF, 0xEE, 0xBC, 0xA9, 0x88, 0xFF, 0xCC, 0xAD, 0x0D, 0x66, 0x80, 0x56, 0x16, 0x55, 0x80, 0x25,
    0x0A, 0x22, 0x80, 0x72, 0x0C, 0xEE, 0x82, 0x27, 0x22, 0xEB, 0x0B, 0xEE, 0x80, 0x2B, 0x0C, 0x22,
    0x80, 0x52, 0x04, 0x55, 0x83, 0x45, 0x02, 0x10, 0x45, 0x09, 0x22, 0x12, 0x55, 0x80, 0xED, 0x0D,
    0xEE, 0x85, 0xDE, 0xFD, 0xCF, 0xFC, 0xFF, 0xCC, 0x02, 0xEE, 0x81, 0xCE, 0xCC, 0x02, 0xEE, 0x85,
    0xCE, 0xCC, 0xBB, 0xFF, 0xCE, 0xDB, 0x04, 0xDD, 0x80, 0x99, 0x11, 0x66, 0x80, 0x56, 0x12, 0x55,
    0x81, 0x45, 0x24, 0x09, 0x22, 0x80, 0x72, 0x0B, 0xEE, 0x83, 0xDD, 0x24, 0xD8, 0xEC, 0x0A, 0xEE,
    0x81, 0xDC, 0x28, 0x0C, 0x22, 0x80, 0x52, 0x05, 0x55, 0x83, 0x14, 0x11, 0x41, 0x46, 0x07, 0x22,
    0x80, 0x44, 0x11, 0x55, 0x81, 0x66, 0xED, 0x0C, 0xEE, 0x83, 0xBE, 0xDD, 0xBD, 0xFB, 0x02, 0xFF,
    0x02, 0xCC, 0x81, 0xEC, 0xEE, 0x03, 0xCC, 0x03, 0xEE, 0x85, 0xCC, 0xBB, 0xDD, 0xFF, 0xCC, 0xAA,
    0x02, 0x99, 0x11, 0x66, 0x80, 0x56, 0x13, 0x55, 0x80, 0x45, 0x09, 0x22, 0x80, 0x72, 0x0B, 0xEE,
    0x82, 0x27, 0x22, 0xEB, 0x0B, 0xEE, 0x80, 0x2B, 0x0D, 0x22, 0x80, 0x52, 0x06, 0x55, 0x82, 0x15,
    0x40, 0x69, 0x07, 0x22, 0x12, 0x55, 0x81, 0x96, 0xED, 0x0C, 0xEE, 0x83, 0xDC, 0xFD, 0xBF, 0xFB,
    0x02, 0xFF, 0x02, 0xCC, 0x81, 0xEC, 0xEE, 0x03, 0xCC, 0x03, 0xEE, 0x85, 0xCC, 0xBB, 0xDD, 0xFF,
    0xCC, 0xAA, 0x02, 0x99, 0x11, 0x66, 0x80, 0x56, 0x13, 0x55, 0x80, 0x45, 0x09, 0x22, 0x80, 0x72,
    0x0B, 0xEE, 0x82, 0x27, 0x22, 0xEB, 0x0B, 0xEE, 0x80, 0x2B, 0x0D, 0x22, 0x80, 0x52, 0x06, 0x55,
    0x82, 0x15, 0x40, 0x69, 0x07, 0x22, 0x12, 0x55, 0x81, 0x96, 0xED, 0x0C, 0xEE, 0x83, 0xDC, 0xFD,
    0xBF, 0xFB, 0x02, 0xFF, 0x02, 0xCC, 0x81, 0xEC, 0xEE, 0x03, 0xCC, 0x03, 0xEE, 0x85, 0xCC, 0xBB,
    0xDD, 0xFF, 0xCC, 0xAA, 0x02, 0x99, 0x11, 0x66, 0x80, 0x56, 0x13, 0x55, 0x80, 0x45, 0x09, 0x22,
    0x80, 0x72, 0x0B, 0xEE, 0x82, 0x27, 0x22, 0xEB, 0x0B, 0xEE, 0x80, 0x2B, 0x0D, 0x22, 0x80, 0x52,
    0x06, 0x55, 0x82, 0x15, 0x40, 0x69, 0x07, 0x22, 0x12, 0x55, 0x81, 0x96, 0xED, 0x0C, 0xEE, 0x83,
    0xDC, 0xFD, 0xBF, 0xFB, 0x02, 0xFF, 0x02, 0xCC, 0x81, 0xEC, 0xEE, 0x03, 0xCC, 0x03, 0xEE, 0x84,
    0xCC, 0xBC, 0xDD, 0xFF, 0xCC, 0x02, 0xAA, 0x80, 0x99, 0x11, 0x66, 0x80, 0x56, 0x13, 0x55, 0x80,
    0x45, 0x09, 0x22, 0x81, 0x87, 0xEE, 0x06, 0xBB, 0x04, 0xEE, 0x82, 0x27, 0x22, 0xEB, 0x0B, 0xEE,
    0x80, 0x2B, 0x0D, 0x22, 0x80, 0x52, 0x06, 0x55, 0x83, 0x15, 0x10, 0x46, 0x11, 0x06, 0x22, 0x11,
    0x55, 0x82, 0x66, 0xA8, 0xED, 0x0B, 0xEE, 0x84, 0xBE, 0xDB, 0xFD, 0xBF, 0xFB, 0x02, 0xFF, 0x82,
    0xCB, 0xCC, 0xEC, 0x0A, 0xEE, 0x81, 0xCC, 0xBC, 0x03, 0xDD, 0x80, 0x99, 0x13, 0x66, 0x80, 0x56,
    0x10, 0x55, 0x80, 0x45, 0x08, 0x22, 0x82, 0x72, 0xEE, 0xBE, 0x05, 0x22, 0x81, 0x42, 0xEC, 0x03,
    0xEE, 0x82, 0x27, 0x22, 0xEB, 0x0B, 0xEE, 0x80, 0x2B, 0x0C, 0x22, 0x80, 0x52, 0x08, 0x55, 0x80,
    0x15, 0x02, 0x00, 0x02, 0x22, 0x15, 0x55, 0x81, 0x97, 0xED, 0x0C, 0xEE, 0x82, 0xDE, 0xDD, 0xFD,
    0x02, 0xFF, 0x84, 0xCF, 0xFC, 0xCB, 0xCC, 0xEC, 0x0A, 0xEE, 0x81, 0xCC, 0xBC, 0x03, 0xDD, 0x80,
    0x99, 0x13, 0x66, 0x80, 0x56, 0x10, 0x55, 0x80, 0x45, 0x08, 0x22, 0x82, 0x72, 0xEE, 0xBE, 0x05,
    0x22, 0x81, 0x42, 0xEC, 0x03, 0xEE, 0x82, 0x27, 0x22, 0xEB, 0x0B, 0xEE, 0x80, 0x2B, 0x0C, 0x22,
    0x80, 0x52, 0x08, 0x55, 0x80, 0x15, 0x02, 0x00, 0x02, 0x22, 0x15, 0x55, 0x81, 0x97, 0xED, 0x0C,
    0xEE, 0x82, 0xDE, 0xDD, 0xFD, 0x02, 0xFF, 0x84, 0xCF, 0xFC, 0xCB, 0xCC, 0xEC, 0x0A, 0xEE, 0x81,
    0xCC, 0xBC, 0x03, 0xDD, 0x80, 0x99, 0x13, 0x66, 0x80, 0x56, 0x10, 0x55, 0x80, 0x45, 0x08, 0x22,
    0x82, 0x72, 0xEE, 0xBE, 0x05, 0x22, 0x81, 0x72, 0xEC, 0x03, 0xEE, 0x82, 0x27, 0x22, 0xEB, 0x0B,
    0xEE, 0x80, 0x2B, 0x0C, 0x22, 0x80, 0x52, 0x08, 0x55, 0x80, 0x15, 0x02, 0x00, 0x02, 0x22, 0x15,
    0x55, 0x81, 0x97, 0xED, 0x0C, 0xEE, 0x82, 0xDE, 0xDD, 0xFD, 0x02, 0xFF, 0x81, 0xCF, 0xFC, 0x03,
    0xCC, 0x0A, 0xEE, 0x02, 0xCC, 0x03, 0xDD, 0x82, 0xAA, 0x88, 0x77, 0x11, 0x66, 0x80, 0x56, 0x10,
    0x55, 0x80, 0x45, 0x08, 0x22, 0x82, 0x72, 0xBB, 0xDB, 0x05, 0x22, 0x81, 0x42, 0xBD, 0x03, 0xBB,
    0x82, 0x27, 0x77, 0xEB, 0x0A, 0xEE, 0x81, 0xBE, 0x2D, 0x0C, 0x22, 0x80, 0x52, 0x08, 0x55, 0x84,
    0x15, 0x00, 0x10, 0x12, 0x21, 0x13, 0x55, 0x83, 0x66, 0x77, 0xA8, 0xED, 0x0B, 0xEE, 0x83, 0xBC,
    0xDB, 0xDD, 0xFD, 0x03, 0xFF, 0x80, 0xFC, 0x02, 0xEE, 0x84, 0xCC, 0xCB, 0xEC, 0xEE, 0xCC, 0x07,
    0xEE, 0x81, 0xCC, 0xBB, 0x05, 0xDD, 0x80, 0x99, 0x11, 0x66, 0x80, 0x56, 0x0F, 0x55, 0x80, 0x45,
    0x16, 0x22, 0x80, 0xEB, 0x0B, 0xEE, 0x80, 0x2B, 0x0C, 0x22, 0x80, 0x52, 0x0C, 0x55, 0x82, 0x15,
    0x00, 0x22, 0x12, 0x55, 0x83, 0x99, 0xDA, 0xDD, 0xED, 0x0B, 0xEE, 0x83, 0x3B, 0xD3, 0xDD, 0xFD,
    0x04, 0xFF, 0x02, 0xEE, 0x84, 0xCC, 0xCB, 0xEC, 0xEE, 0xCC, 0x07, 0xEE, 0x81, 0xCC, 0xBB, 0x05,
    0xDD, 0x80, 0x99, 0x11, 0x66, 0x80, 0x56, 0x0F, 0x55, 0x80, 0x45, 0x16, 0x22, 0x80, 0xEB, 0x0B,
    0xEE, 0x80, 0x2B, 0x0C, 0x22, 0x80, 0x52, 0x0C, 0x55, 0x82, 0x15, 0x00, 0x22, 0x12, 0x55, 0x83,
    0x99, 0xDA, 0xDD, 0xED, 0x0B, 0xEE, 0x83, 0x3B, 0xD3, 0xDD, 0xFD, 0x04, 0xFF, 0x02, 0xEE, 0x84,
    0xCC, 0xCB, 0xEC, 0xEE, 0xCC, 0x07, 0xEE, 0x81, 0xCC, 0xBB, 0x05, 0xDD, 0x80, 0x99, 0x11, 0x66,
    0x80, 0x56, 0x0F, 0x55, 0x80, 0x45, 0x16, 0x22, 0x80, 0xEB, 0x0B, 0xEE, 0x80, 0x2B, 0x0C, 0x22,
    0x80, 0x52, 0x0C, 0x55, 0x82, 0x15, 0x00, 0x22, 0x12, 0x55, 0x83, 0x99, 0xDA, 0xDD, 0xED, 0x0B,
    0xEE, 0x83, 0x3B, 0xD3, 0xDD, 0xFD, 0x04, 0xFF, 0x02, 0xEE, 0x84, 0xCE, 0xCC, 0xEE, 0xCE, 0xCC,
    0x07, 0xEE, 0x81, 0xCC, 0xBB, 0x05, 0xDD, 0x84, 0x9A, 0x88, 0x78, 0x88, 0x77, 0x0D, 0x66, 0x80,
    0x56, 0x0F, 0x55, 0x80, 0x45, 0x16, 0x22, 0x80, 0xBD, 0x02, 0xBB, 0x06, 0xEE, 0x80, 0xBC, 0x02,
    0xBB, 0x80, 0x2D, 0x0C, 0x22, 0x80, 0x52, 0x0C, 0x55, 0x82, 0x15, 0x10, 0x22, 0x10, 0x55, 0x85,
    0x66, 0x77, 0x98, 0xDA, 0xDD, 0xEB, 0x07, 0xEE, 0x80, 0xFE, 0x02, 0xFF, 0x84, 0xBC, 0x3B, 0xD3,
    0xDD, 0xFD, 0x04, 0xFF, 0x05, 0xEE, 0x81, 0xCC, 0xCB, 0x02, 0xCC, 0x05, 0xEE, 0x80, 0xCC, 0x02,
    0xBB, 0x82, 0xFF, 0xEE, 0xCE, 0x06, 0xDD, 0x82, 0x9A, 0x99, 0x69, 0x0C, 0x66, 0x80, 0x56, 0x0E,
    0x55, 0x80, 0x45, 0x18, 0x22, 0x80, 0xEB, 0x05, 0xEE, 0x80, 0x2D, 0x0E, 0x22, 0x80, 0x52, 0x1B,
    0x55, 0x80, 0x66, 0x04, 0x55, 0x81, 0x99, 0xDA, 0x02, 0xDD, 0x80, 0xEB, 0x08, 0xEE, 0x02, 0xFF,
    0x85, 0xDF, 0x3D, 0xB3, 0xDB, 0xDD, 0xFD, 0x03, 0xFF, 0x80, 0xCF, 0x05, 0xEE, 0x81, 0xCC, 0xCB,
    0x02, 0xCC, 0x05, 0xEE, 0x80, 0xCC, 0x02, 0xBB, 0x82, 0xFF, 0xEE, 0xCE, 0x06, 0xDD, 0x82, 0x9A,
    0x99, 0x69, 0x0C, 0x66, 0x80, 0x56, 0x0E, 0x55, 0x80, 0x45, 0x18, 0x22, 0x80, 0xEB, 0x05, 0xEE,
    0x80, 0x2D, 0x0E, 0x22, 0x80, 0x52, 0x1B, 0x55, 0x80, 0x66, 0x04, 0x55, 0x81, 0x99, 0xDA, 0x02,
    0xDD, 0x80, 0xEB, 0x08, 0xEE, 0x02, 0xFF, 0x82, 0xDF, 0x3D, 0xD3, 0x02, 0xDD, 0x80, 0xFD, 0x03,
    0xFF, 0x80, 0xCF, 0x05, 0xEE, 0x81, 0xCC, 0xCB, 0x02, 0xCC, 0x05, 0xEE, 0x80, 0xCC, 0x02, 0xBB,
    0x82, 0xFF, 0xEE, 0xCE, 0x06, 0xDD, 0x82, 0x9A, 0x99, 0x69, 0x0C, 0x66, 0x80, 0x56, 0x0E, 0x55,
    0x80, 0x45, 0x18, 0x22, 0x80, 0xEB, 0x05, 0xEE, 0x80, 0x2D, 0x0E, 0x22, 0x80, 0x52, 0x1B, 0x55,
    0x80, 0x66, 0x04, 0x55, 0x81, 0x99, 0xDA, 0x02, 0xDD, 0x80, 0xEB, 0x08, 0xEE, 0x02, 0xFF, 0x85,
    0xDF, 0x3D, 0xD3, 0xDB, 0xDD, 0xFD, 0x03, 0xFF, 0x80, 0xCF, 0x05, 0xEE, 0x80, 0xCE, 0x03, 0xCC,
    0x05, 0xEE, 0x03, 0xCC, 0x82, 0xFF, 0xCC, 0xBC, 0x06, 0xDD, 0x02, 0x99, 0x0D, 0x66, 0x80, 0x56,
    0x0E, 0x55, 0x80, 0x25, 0x18, 0x22, 0x80, 0xBD, 0x05, 0xBB, 0x80, 0x28, 0x0E, 0x22, 0x80, 0x52,
    0x1B, 0x55, 0x80, 0x66, 0x02, 0x55, 0x83, 0x66, 0x77, 0x99, 0xDA, 0x02, 0xDD, 0x80, 0xEB, 0x06,
    0xEE, 0x80, 0xFE, 0x02, 0xFF, 0x83, 0xDB, 0xDD, 0x3D, 0xD3, 0x02, 0xDD, 0x80, 0xFD, 0x03, 0xFF,
    0x80, 0xCF, 0x08, 0xEE, 0x81, 0xCC, 0xCB, 0x02, 0xCC, 0x05, 0xEE, 0x80, 0xCC, 0x02, 0xDD, 0x81,
    0xFD, 0xEF, 0x02, 0xEE, 0x82, 0xBB, 0x9A, 0x69, 0x0D, 0x66, 0x80, 0x56, 0x0E, 0x55, 0x80, 0x45,
    0x2E, 0x22, 0x80, 0x52, 0x1D, 0x55, 0x82, 0x66, 0x99, 0xDA, 0x02, 0xDD, 0x82, 0xAA, 0xDA, 0xED,
    0x06, 0xEE, 0x03, 0xFF, 0x82, 0x3D, 0x33, 0xD3, 0x03, 0xDD, 0x82, 0xFD, 0xFF, 0xCF, 0x02, 0xCC,
    0x08, 0xEE, 0x81, 0xCC, 0xCB, 0x02, 0xCC, 0x05, 0xEE, 0x80, 0xCC, 0x02, 0xDD, 0x81, 0xFD, 0xEF,
    0x02, 0xEE, 0x82, 0xBB, 0x9A, 0x69, 0x0D, 0x66, 0x80, 0x56, 0x0E, 0x55, 0x80, 0x45, 0x2E, 0x22,
    0x80, 0x52, 0x1D, 0x55, 0x82, 0x66, 0x99, 0xDA, 0x02, 0xDD, 0x82, 0x8A, 0xDA, 0xED, 0x06, 0xEE,
    0x03, 0xFF, 0x82, 0x3D, 0x33, 0xD3, 0x03, 0xDD, 0x82, 0xFD, 0xFF, 0xCF, 0x02, 0xCC, 0x08, 0xEE,
    0x81, 0xCC, 0xCB, 0x02, 0xCC, 0x05, 0xEE, 0x80, 0xCC, 0x02, 0xDD, 0x81, 0xFD, 0xEF, 0x02, 0xEE,
    0x82, 0xBB, 0x9A, 0x69, 0x0D, 0x66, 0x80, 0x56, 0x0E, 0x55, 0x80, 0x45, 0x2E, 0x22, 0x80, 0x52,
    0x1D, 0x55, 0x82, 0x66, 0x99, 0xDA, 0x02, 0xDD, 0x82, 0x8A, 0xDA, 0xED, 0x06, 0xEE, 0x03, 0xFF,
    0x82, 0x3D, 0x33, 0xD3, 0x03, 0xDD, 0x82, 0xFD, 0xFF, 0xCF, 0x02, 0xCC, 0x08, 0xEE, 0x81, 0xCC,
    0xCB, 0x02, 0xCC, 0x05, 0xEE, 0x80, 0xCC, 0x02, 0xDD, 0x81, 0xFD, 0xEF, 0x02, 0xEE, 0x82, 0xBB,
    0x9A, 0x69, 0x0D, 0x66, 0x80, 0x56, 0x0E, 0x55, 0x80, 0x45, 0x2E, 0x22, 0x80, 0x52, 0x1D, 0x55,
    0x82, 0x66, 0x99, 0xDA, 0x02, 0xDD, 0x82, 0xAA, 0xDA, 0xED, 0x06, 0xEE, 0x03, 0xFF, 0x82, 0x3D,
    0x33, 0xD3, 0x03, 0xDD, 0x82, 0xFD, 0xFF, 0xCF, 0x02, 0xCC, 0x07, 0xEE, 0x81, 0xCC, 0xFF, 0x03,
    0xEE, 0x80, 0xBC, 0x03, 0xCC, 0x04, 0xEE, 0x81, 0xCC, 0xBC, 0x02, 0xDD, 0x86, 0xFD, 0xEF, 0xEE,
    0xCE, 0xDB, 0x9A, 0x69, 0x08, 0x66, 0x80, 0x56, 0x11, 0x55, 0x80, 0x45, 0x29, 0x22, 0x80, 0x52,
    0x1F, 0x55, 0x80, 0x76, 0x03, 0xDD, 0x83, 0x8A, 0x57, 0x66, 0xED, 0x06, 0xEE, 0x02, 0xFF, 0x80,
    0xDD, 0x02, 0x33, 0x80, 0xD3, 0x03, 0xDD, 0x82, 0xFD, 0xFF, 0xCF, 0x03, 0xCC, 0x07, 0xEE, 0x81,
    0xCC, 0xFF, 0x03, 0xEE, 0x80, 0xBC, 0x03, 0xCC, 0x04, 0xEE, 0x81, 0xCC, 0xBC, 0x02, 0xDD, 0x86,
    0xFD, 0xEF, 0xEE, 0xCE, 0xDB, 0x9A, 0x69, 0x08, 0x66, 0x80, 0x56, 0x11, 0x55, 0x80, 0x45, 0x29,
    0x22, 0x80, 0x52, 0x1F, 0x55, 0x80, 0x76, 0x03, 0xDD, 0x83, 0x8A, 0x57, 0x66, 0xED, 0x06, 0xEE,
    0x02, 0xFF, 0x80, 0xDD, 0x02, 0x33, 0x80, 0xD3, 0x03, 0xDD, 0x82, 0xFD, 0xFF, 0xCF, 0x03, 0xCC,
    0x07, 0xEE, 0x81, 0xCC, 0xFF, 0x03, 0xEE, 0x80, 0xBC, 0x03, 0xCC, 0x04, 0xEE, 0x81, 0xCC, 0xBC,
    0x02, 0xDD, 0x86, 0xFD, 0xEF, 0xEE, 0xCE, 0xDB, 0x9A, 0x69, 0x08, 0x66, 0x80, 0x56, 0x11, 0x55,
    0x80, 0x45, 0x29, 0x22, 0x80, 0x52, 0x1F, 0x55, 0x80, 0x76, 0x03, 0xDD, 0x83, 0x8A, 0x57, 0x66,
    0xED, 0x06, 0xEE, 0x02, 0xFF, 0x80, 0xDD, 0x02, 0x33, 0x80, 0xD3, 0x03, 0xDD, 0x82, 0xFD, 0xFF,
    0xCF, 0x03, 0xCC, 0x07, 0xEE, 0x81, 0xCC, 0xFF, 0x03, 0xEE, 0x80, 0xBC, 0x03, 0xCC, 0x04, 0xEE,
    0x81, 0xCC, 0xBC, 0x02, 0xDD, 0x86, 0xFD, 0xEF, 0xEE, 0xCE, 0xDB, 0x9A, 0x69, 0x08, 0x66, 0x80,
    0x56, 0x11, 0x55, 0x80, 0x45, 0x29, 0x22, 0x80, 0x52, 0x1F, 0x55, 0x80, 0x76, 0x03, 0xDD, 0x83,
    0x8A, 0x57, 0x66, 0xED, 0x06, 0xEE, 0x02, 0xFF, 0x80, 0xDD, 0x02, 0x33, 0x80, 0xD3, 0x03, 0xDD,
    0x82, 0xFD, 0xFF, 0xCF, 0x03, 0xCC,
};
// clang-format on
