// Copyright 2026 QMK -- generated source code only, image retains original copyright
// SPDX-License-Identifier: GPL-2.0-or-later

// This file was auto-generated by `painter_convert_graphics` with arguments:
//    format | pal16
//    output | images
//    input  | cyberpunk_4_3_ansi_macos_320x240.png

// Image's metadata
// ----------------
// Width: 320
// Height: 240
// Single frame

#include <qp.h>

const uint32_t gfx_cyberpunk_4_3_ansi_macos_320x240_length = 16762;

// clang-format off
const uint8_t gfx_cyberpunk_4_3_ansi_macos_320x240[16762] = {
    0x00, 0xFF, 0x12, 0x00, 0x00, 0x51, 0x47, 0x46, 0x01, 0x7A, 0x41, 0x00, 0x00, 0x85, 0xBE, 0xFF,
    0xFF, 0x40, 0x01, 0xF0, 0x00, 0x01, 0x00, 0x01, 0xFE, 0x04, 0x00, 0x00, 0x20, 0x00, 0x00, 0x00,
    0x02, 0xFD, 0x06, 0x00, 0x00, 0x06, 0x00, 0x01, 0xFF, 0xE8, 0x03, 0x03, 0xFC, 0x30, 0x00, 0x00,
    0xD4, 0x0C, 0xFE, 0xD5, 0x4D, 0xFC, 0xD3, 0x4D, 0xFB, 0x7F, 0x66, 0xE2, 0xDA, 0x70, 0xFD, 0xD5,
    0x76, 0xFD, 0xD6, 0x76, 0xFD, 0xD6, 0x87, 0xFE, 0xCD, 0x62, 0xE8, 0xCE, 0xC7, 0xED, 0xD8, 0xF2,
    0xED, 0xC7, 0xAA, 0x6D, 0xC7, 0xF1, 0x98, 0x7F, 0x12, 0x1C, 0x94, 0x19, 0x14, 0xAB, 0xD0, 0x26,
    0x05, 0xFA, 0x15, 0x41, 0x00, 0x0D, 0xEE, 0x80, 0xDD, 0x11, 0xEE, 0x81, 0xBF, 0xEF, 0x0A, 0xEE,
    0x81, 0xDE, 0xED, 0x0A, 0xEE, 0x85, 0xDE, 0xDD, 0xED, 0xBE, 0xCC, 0xFF, 0x03, 0xEE, 0x81, 0xFE,
    0xFB, 0x17, 0xDD, 0x81, 0xEE, 0xDE, 0x02, 0xDD, 0x02, 0xEE, 0x81, 0x9B, 0xEC, 0x05, 0xEE, 0x82,
    0xDE, 0xDD, 0xED, 0x28, 0xEE, 0x80, 0xDD, 0x03, 0xEE, 0x81, 0xBD, 0xED, 0x16, 0xEE, 0x80, 0xDD,
    0x11, 0xEE, 0x81, 0xBF, 0xEF, 0x0A, 0xEE, 0x81, 0xDE, 0xED, 0x0A, 0xEE, 0x85, 0xDE, 0xDD, 0xED,
    0xBE, 0xCC, 0xFF, 0x03, 0xEE, 0x81, 0xFE, 0xFB, 0x17, 0xDD, 0x81, 0xEE, 0xDE, 0x02, 0xDD, 0x02,
    0xEE, 0x81, 0x9B, 0xEC, 0x05, 0xEE, 0x82, 0xDE, 0xDD, 0xED, 0x28, 0xEE, 0x80, 0xDD, 0x03, 0xEE,
    0x81, 0xBD, 0xED, 0x16, 0xEE, 0x80, 0xDD, 0x11, 0xEE, 0x81, 0xBF, 0xEF, 0x0A, 0xEE, 0x81, 0xDE,
    0xED, 0x0A, 0xEE, 0x85, 0xDE, 0xDD, 0xED, 0xBE, 0xCC, 0xFF, 0x03, 0xEE, 0x81, 0xFE, 0xFB, 0x17,
    0xDD, 0x81, 0xEE, 0xDE, 0x02, 0xDD, 0x02, 0xEE, 0x81, 0x9B, 0xEC, 0x05, 0xEE, 0x82, 0xDE, 0xDD,
    0xED, 0x28, 0xEE, 0x80, 0xDD, 0x03, 0xEE, 0x81, 0xBD, 0xED, 0x16, 0xEE, 0x80, 0xDD, 0x11, 0xEE,
    0x81, 0xBF, 0xEF, 0x0A, 0xEE, 0x81, 0xDE, 0xED, 0x0A, 0xEE, 0x85, 0xDE, 0xDD, 0xED, 0xBE, 0xCC,
    0xFF, 0x03, 0xEE, 0x81, 0xFE, 0xFB, 0x17, 0xDD, 0x81, 0xEE, 0xDE, 0x02, 0xDD, 0x02, 0xEE, 0x81,
    0x9B, 0xEC, 0x05, 0xEE, 0x82, 0xDE, 0xDD, 0xED, 0x28, 0xEE, 0x80, 0xDD, 0x03, 0xEE, 0x81, 0xBD,
    0xED, 0x15, 0xEE, 0x80, 0xDD, 0x10, 0xEE, 0x82, 0xBD, 0xCC, 0xDB, 0x04, 0xDD, 0x82, 0xED, 0xEE,
    0xDE, 0x12, 0xDD, 0x82, 0xCD, 0x9C, 0xB9, 0x02, 0xEE, 0x82, 0xBE, 0xBC, 0xEE, 0x04, 0xDD, 0x81,
    0xFF, 0xBB, 0x17, 0xDD, 0x82, 0xBD, 0xBB, 0xEF, 0x02, 0xEE, 0x81, 0xBD, 0xDB, 0x03, 0xDD, 0x80,
    0xED, 0x10, 0xEE, 0x80, 0xED, 0x1A, 0xEE, 0x81, 0xCB, 0xEB, 0x16, 0xEE, 0x80, 0xDD, 0x10, 0xEE,
    0x82, 0xBD, 0xCC, 0xDB, 0x04, 0xDD, 0x82, 0xED, 0xEE, 0xDE, 0x12, 0xDD, 0x82, 0xCD, 0x9C, 0xB9,
    0x02, 0xEE, 0x82, 0xBE, 0xBC, 0xEE, 0x04, 0xDD, 0x81, 0xFF, 0xBB, 0x17, 0xDD, 0x82, 0xBD, 0xBB,
    0xEF, 0x02, 0xEE, 0x81, 0xBD, 0xDB, 0x03, 0xDD, 0x80, 0xED, 0x10, 0xEE, 0x80, 0xED, 0x1A, 0xEE,
    0x81, 0xCB, 0xEB, 0x16, 0xEE, 0x80, 0xDD, 0x10, 0xEE, 0x82, 0xBD, 0xCC, 0xDB, 0x04, 0xDD, 0x82,
    0xED, 0xEE, 0xDE, 0x12, 0xDD, 0x82, 0xCD, 0x9C, 0xB9, 0x02, 0xEE, 0x82, 0xBE, 0xBC, 0xEE, 0x04,
    0xDD, 0x81, 0xFF, 0xBB, 0x17, 0xDD, 0x82, 0xBD, 0xBB, 0xEF, 0x02, 0xEE, 0x81, 0xBD, 0xDB, 0x03,
    0xDD, 0x80, 0xED, 0x10, 0xEE, 0x80, 0xED, 0x1A, 0xEE, 0x81, 0xCB, 0xEB, 0x16, 0xEE, 0x80, 0xDD,
    0x10, 0xEE, 0x82, 0xBD, 0xCC, 0xDB, 0x04, 0xDD, 0x82, 0xED, 0xEE, 0xDE, 0x12, 0xDD, 0x82, 0xCD,
    0x9C, 0xB9, 0x02, 0xEE, 0x82, 0xBE, 0xBC, 0xEE, 0x04, 0xDD, 0x81, 0xFF, 0xBB, 0x17, 0xDD, 0x82,
    0xBD, 0xBB, 0xEF, 0x02, 0xEE, 0x81, 0xBD, 0xDB, 0x03, 0xDD, 0x80, 0xED, 0x10, 0xEE, 0x80, 0xED,
    0x1A, 0xEE, 0x81, 0xCB, 0xEB, 0x15, 0xEE, 0x80, 0xDD, 0x10, 0xEE, 0x82, 0xBD, 0xCC, 0xDB, 0x02,
    0xDD, 0x81, 0xCB, 0xDB, 0x13, 0xDD, 0x85, 0xED, 0xDE, 0xCD, 0xCC, 0xC9, 0xFB, 0x02, 0xEE, 0x80,
    0xDE, 0x02, 0xDD, 0x80, 0xBF, 0x02, 0xBB, 0x05, 0xFF, 0x81, 0xBB, 0xDD, 0x03, 0xFF, 0x10, 0xDD,
    0x82, 0xCB, 0xFC, 0xEF, 0x02, 0xEE, 0x80, 0xDE, 0x06, 0xDD, 0x82, 0xED, 0xDE, 0xED, 0x03, 0xEE,
    0x81, 0xDE, 0xED, 0x1D, 0xEE, 0x80, 0xDD, 0x03, 0xEE, 0x82, 0xBD, 0xDB, 0xED, 0x15, 0xEE, 0x80,
    0xDD, 0x10, 0xEE, 0x82, 0xBD, 0xCC, 0xDB, 0x02, 0xDD, 0x81, 0xCB, 0xDB, 0x13, 0xDD, 0x85, 0xED,
    0xDE, 0xCD, 0x9C, 0xC9, 0xFF, 0x03, 0xEE, 0x02, 0xDD, 0x82, 0xBF, 0xCC, 0xBB, 0x05, 0xFF, 0x81,
    0xCC, 0xDD, 0x03, 0xFF, 0x10, 0xDD, 0x81, 0x9B, 0xEC, 0x03, 0xEE, 0x80, 0xDE, 0x06, 0xDD, 0x82,
    0xED, 0xDE, 0xED, 0x03, 0xEE, 0x81, 0xDE, 0xED, 0x1D, 0xEE, 0x80, 0xDD, 0x03, 0xEE, 0x81, 0xCB,
    0xEB, 0x16, 0xEE, 0x80, 0xDD, 0x10, 0xEE, 0x82, 0xBD, 0xCC, 0xDB, 0x02, 0xDD, 0x81, 0xCB, 0xDB,
    0x13, 0xDD, 0x85, 0xED, 0xDE, 0xCD, 0x9C, 0xC9, 0xFF, 0x03, 0xEE, 0x02, 0xDD, 0x82, 0xBF, 0xCC,
    0xBB, 0x05, 0xFF, 0x81, 0xCC, 0xDD, 0x03, 0xFF, 0x10, 0xDD, 0x81, 0x9B, 0xEC, 0x03, 0xEE, 0x80,
    0xDE, 0x06, 0xDD, 0x82, 0xED, 0xDE, 0xED, 0x03, 0xEE, 0x81, 0xDE, 0xED, 0x1D, 0xEE, 0x80, 0xDD,
    0x03, 0xEE, 0x81, 0xCB, 0xEB, 0x16, 0xEE, 0x80, 0xDD, 0x10, 0xEE, 0x82, 0xBD, 0xCC, 0xDB, 0x02,
    0xDD, 0x81, 0xCB, 0xDB, 0x13, 0xDD, 0x85, 0xED, 0xDE, 0xCD, 0x9C, 0xC9, 0xFF, 0x03, 0xEE, 0x02,
    0xDD, 0x82, 0xBF, 0xCC, 0xBB, 0x05, 0xFF, 0x81, 0xCC, 0xDD, 0x03, 0xFF, 0x10, 0xDD, 0x81, 0x9B,
    0xEC, 0x03, 0xEE, 0x80, 0xDE, 0x06, 0xDD, 0x82, 0xED, 0xDE, 0xED, 0x03, 0xEE, 0x81, 0xDE, 0xED,
    0x1D, 0xEE, 0x80, 0xDD, 0x03, 0xEE, 0x81, 0xCB, 0xEB, 0x15, 0xEE, 0x81, 0xDB, 0xDD, 0x0F, 0xEE,
    0x8A, 0xCB, 0xCC, 0xBC, 0xDF, 0xDD, 0xBB, 0x99, 0xC9, 0xCC, 0xFC, 0xDF, 0x06, 0xDD, 0x81, 0xBD,
    0xCB, 0x04, 0xCC, 0x89, 0xBC, 0xDF, 0xDD, 0xED, 0xDE, 0xBD, 0xCB, 0x99, 0xC9, 0xEF, 0x03, 0xEE,
    0x80, 0xDD, 0x02, 0xFF, 0x83, 0xBD, 0xC9, 0xBB, 0xBC, 0x06, 0xBB, 0x81, 0xFF, 0xBB, 0x03, 0xFF,
    0x0A, 0xDD, 0x84, 0xED, 0xDD, 0xBD, 0x9C, 0xEC, 0x03, 0xEE, 0x80, 0xDE, 0x11, 0xDD, 0x80, 0xED,
    0x0E, 0xEE, 0x80, 0xDD, 0x04, 0xEE, 0x80, 0xDD, 0x04, 0xEE, 0x86, 0xCB, 0xDD, 0xEE, 0xDE, 0xEE,
    0xDE, 0xED, 0x14, 0xEE, 0x82, 0xDE, 0xBB, 0xDD, 0x0F, 0xEE, 0x86, 0xCB, 0x9C, 0xFC, 0xDF, 0xDD,
    0x8B, 0x98, 0x02, 0x99, 0x81, 0xFC, 0xDF, 0x06, 0xDD, 0x81, 0xBD, 0x9B, 0x04, 0x99, 0x88, 0xB9,
    0xDF, 0xDD, 0xED, 0xDE, 0xBD, 0xAA, 0x99, 0xC9, 0x04, 0xEE, 0x80, 0xFD, 0x02, 0xFF, 0x83, 0xBE,
    0x99, 0xBB, 0xCC, 0x03, 0xBB, 0x80, 0xFF, 0x02, 0xBB, 0x81, 0xFF, 0xBB, 0x03, 0xFF, 0x0A, 0xDD,
    0x84, 0xEE, 0xDE, 0xBB, 0x9C, 0xEC, 0x03, 0xEE, 0x80, 0xDE, 0x11, 0xDD, 0x80, 0xED, 0x0E, 0xEE,
    0x80, 0xDD, 0x04, 0xEE, 0x80, 0xDD, 0x04, 0xEE, 0x83, 0xCC, 0xDB, 0xEE, 0xDD, 0x17, 0xEE, 0x82,
    0xDE, 0xBB, 0xDD, 0x0F, 0xEE, 0x86, 0xCB, 0x9C, 0xFC, 0xDF, 0xDD, 0x8B, 0x98, 0x02, 0x99, 0x81,
    0xFC, 0xDF, 0x06, 0xDD, 0x81, 0xBD, 0x9B, 0x04, 0x99, 0x88, 0xB9, 0xDF, 0xDD, 0xED, 0xDE, 0xBD,
    0xAA, 0x99, 0xC9, 0x04, 0xEE, 0x80, 0xFD, 0x02, 0xFF, 0x83, 0xBE, 0x99, 0xBB, 0xCC, 0x03, 0xBB,
    0x80, 0xFF, 0x02, 0xBB, 0x81, 0xFF, 0xBB, 0x03, 0xFF, 0x0A, 0xDD, 0x84, 0xEE, 0xDE, 0xBB, 0x9C,
    0xEC, 0x03, 0xEE, 0x80, 0xDE, 0x11, 0xDD, 0x80, 0xED, 0x0E, 0xEE, 0x80, 0xDD, 0x04, 0xEE, 0x80,
    0xDD, 0x04, 0xEE, 0x83, 0xCC, 0xDB, 0xEE, 0xDD, 0x17, 0xEE, 0x82, 0xDE, 0xBB, 0xDD, 0x0F, 0xEE,
    0x86, 0xCB, 0x9C, 0xFC, 0xDF, 0xDD, 0x8B, 0x98, 0x02, 0x99, 0x81, 0xFC, 0xDF, 0x06, 0xDD, 0x81,
    0xBD, 0x9B, 0x04, 0x99, 0x88, 0xB9, 0xDF, 0xDD, 0xED, 0xDE, 0xBD, 0xAA, 0x99, 0xC9, 0x04, 0xEE,
    0x80, 0xFD, 0x02, 0xFF, 0x83, 0xBE, 0x99, 0xBB, 0xCC, 0x03, 0xBB, 0x80, 0xFF, 0x02, 0xBB, 0x81,
    0xFF, 0xBB, 0x03, 0xFF, 0x0A, 0xDD, 0x84, 0xEE, 0xDE, 0xBB, 0x9C, 0xEC, 0x03, 0xEE, 0x80, 0xDE,
    0x11, 0xDD, 0x80, 0xED, 0x0E, 0xEE, 0x80, 0xDD, 0x04, 0xEE, 0x80, 0xDD, 0x04, 0xEE, 0x83, 0xCC,
    0xDB, 0xEE, 0xDD, 0x17, 0xEE, 0x81, 0xBB, 0xFF, 0x0F, 0xEE, 0x80, 0xCB, 0x02, 0xCC, 0x84, 0xDB,
    0xDD, 0xED, 0x9B, 0xBC, 0x02, 0xBB, 0x80, 0xDB, 0x04, 0xDD, 0x85, 0xFD, 0xBF, 0xDB, 0x9D, 0xC9,
    0x9C, 0x02, 0x99, 0x8A, 0xC9, 0xBC, 0xDD, 0xED, 0xDE, 0xBD, 0xAB, 0x99, 0xC9, 0xBB, 0xFF, 0x02,
    0xEE, 0x88, 0xDE, 0xDD, 0xFD, 0xBF, 0x9C, 0x99, 0xC9, 0xBB, 0xCC, 0x02, 0x99, 0x09, 0xBB, 0x02,
    0xFF, 0x09, 0xDD, 0x85, 0xCB, 0xBC, 0xEB, 0xEE, 0xFF, 0xDF, 0x14, 0xDD, 0x80, 0xED, 0x02, 0xEE,
    0x80, 0xED, 0x02, 0xEE, 0x80, 0xDD, 0x06, 0xEE, 0x05, 0xDD, 0x80, 0xEE, 0x02, 0xDD, 0x02, 0xEE,
    0x80, 0xBD, 0x02, 0xDD, 0x03, 0xEE, 0x81, 0xDE, 0xDD, 0x12, 0xEE, 0x82, 0xDE, 0xBB, 0xFF, 0x0F,
    0xEE, 0x02, 0xCC, 0x88, 0xBC, 0xDF, 0xDD, 0xEE, 0x9B, 0xFC, 0xDF, 0xFF, 0xDF, 0x04, 0xDD, 0x85,
    0xFD, 0xCF, 0xDB, 0x9D, 0xB9, 0x9B, 0x02, 0x99, 0x88, 0xC9, 0xDC, 0xDD, 0xED, 0xDE, 0xBD, 0x9A,
    0x99, 0xC9, 0x02, 0xFF, 0x02, 0xEE, 0x03, 0xDD, 0x80, 0xCF, 0x03, 0x99, 0x83, 0xBB, 0x9C, 0x99,
    0x77, 0x09, 0xBB, 0x02, 0xFF, 0x09, 0xDD, 0x85, 0x9B, 0xFC, 0xEF, 0xEE, 0xFF, 0xDF, 0x14, 0xDD,
    0x80, 0xED, 0x02, 0xEE, 0x80, 0xDD, 0x02, 0xEE, 0x80, 0xDD, 0x06, 0xEE, 0x05, 0xDD, 0x80, 0xEE,
    0x02, 0xDD, 0x02, 0xEE, 0x03, 0xDD, 0x03, 0xEE, 0x81, 0xDE, 0xDD, 0x12, 0xEE, 0x82, 0xDE, 0xBB,
    0xFF, 0x0F, 0xEE, 0x02, 0xCC, 0x88, 0xBC, 0xDF, 0xDD, 0xEE, 0x9B, 0xFC, 0xDF, 0xFF, 0xDF, 0x04,
    0xDD, 0x85, 0xFD, 0xCF, 0xDB, 0x9D, 0xB9, 0x9B, 0x02, 0x99, 0x88, 0xC9, 0xDC, 0xDD, 0xED, 0xDE,
    0xBD, 0x9A, 0x99, 0xC9, 0x02, 0xFF, 0x02, 0xEE, 0x03, 0xDD, 0x80, 0xCF, 0x03, 0x99, 0x83, 0xBB,
    0x9C, 0x99, 0x77, 0x09, 0xBB, 0x02, 0xFF, 0x09, 0xDD, 0x85, 0x9B, 0xFC, 0xEF, 0xEE, 0xFF, 0xDF,
    0x14, 0xDD, 0x80, 0xED, 0x02, 0xEE, 0x80, 0xDD, 0x02, 0xEE, 0x80, 0xDD, 0x06, 0xEE, 0x05, 0xDD,
    0x80, 0xEE, 0x02, 0xDD, 0x02, 0xEE, 0x03, 0xDD, 0x03, 0xEE, 0x81, 0xDE, 0xDD, 0x12, 0xEE, 0x82,
    0xDE, 0xBB, 0xFF, 0x0F, 0xEE, 0x02, 0xCC, 0x88, 0xBC, 0xDF, 0xDD, 0xEE, 0x9B, 0xFC, 0xDF, 0xFF,
    0xDF, 0x04, 0xDD, 0x85, 0xFD, 0xCF, 0xDB, 0x9D, 0xB9, 0x9B, 0x02, 0x99, 0x88, 0xC9, 0xDC, 0xDD,
    0xED, 0xDE, 0xBD, 0x9A, 0x99, 0xC9, 0x02, 0xFF, 0x02, 0xEE, 0x03, 0xDD, 0x80, 0xCF, 0x03, 0x99,
    0x83, 0xBB, 0x9C, 0x99, 0x77, 0x09, 0xBB, 0x02, 0xFF, 0x09, 0xDD, 0x85, 0x9B, 0xFC, 0xEF, 0xEE,
    0xFF, 0xDF, 0x14, 0xDD, 0x80, 0xED, 0x02, 0xEE, 0x80, 0xDD, 0x02, 0xEE, 0x80, 0xDD, 0x06, 0xEE,
    0x05, 0xDD, 0x80, 0xEE, 0x02, 0xDD, 0x02, 0xEE, 0x03, 0xDD, 0x03, 0xEE, 0x81, 0xDE, 0xDD, 0x12,
    0xEE, 0x80, 0xBB, 0x02, 0xFF, 0x0E, 0xEE, 0x03, 0xCC, 0x80, 0xDB, 0x03, 0xDD, 0x80, 0xBD, 0x05,
    0xDD, 0x81, 0xFD, 0xDF, 0x04, 0xDD, 0x8C, 0xBD, 0xFB, 0xBF, 0xCB, 0x9C, 0xBC, 0xFD, 0xDF, 0xDE,
    0xBD, 0xCB, 0x9C, 0xC9, 0x02, 0xCC, 0x80, 0xFF, 0x02, 0xEE, 0x02, 0xDD, 0x83, 0xFF, 0xBD, 0x99,
    0xCC, 0x0A, 0x99, 0x04, 0xBB, 0x82, 0xCC, 0x99, 0xBB, 0x05, 0xDD, 0x87, 0xEE, 0xDE, 0xCB, 0x9C,
    0xFC, 0xEF, 0xBD, 0xDB, 0x15, 0xDD, 0x80, 0xED, 0x02, 0xEE, 0x81, 0xDD, 0xEE, 0x02, 0xDD, 0x82,
    0xEE, 0xDD, 0xEE, 0x0A, 0xDD, 0x80, 0xCC, 0x02, 0xDD, 0x84, 0xEE, 0xCB, 0xED, 0xEE, 0xDE, 0x0D,
    0xDD, 0x07, 0xEE, 0x82, 0xDE, 0xBB, 0xFF, 0x0F, 0xEE, 0x80, 0x9C, 0x02, 0xCC, 0x80, 0xDB, 0x09,
    0xDD, 0x81, 0xFD, 0xDF, 0x04, 0xDD, 0x80, 0xFD, 0x02, 0xFF, 0x8C, 0xBF, 0xCB, 0xBC, 0xFD, 0xFF,
    0xDE, 0xBD, 0xCC, 0x9C, 0xC9, 0xCC, 0xC9, 0xFF, 0x02, 0xEE, 0x85, 0xDD, 0xFD, 0xFF, 0xBD, 0x99,
    0xCB, 0x06, 0x99, 0x80, 0x79, 0x03, 0x99, 0x04, 0xBB, 0x82, 0x89, 0x98, 0xBC, 0x05, 0xDD, 0x87,
    0xEE, 0xDE, 0xAB, 0x9A, 0xEC, 0xEE, 0xAD, 0xDB, 0x15, 0xDD, 0x80, 0xED, 0x02, 0xEE, 0x81, 0xDD,
    0xEE, 0x02, 0xDD, 0x82, 0xEE, 0xDD, 0xEE, 0x0A, 0xDD, 0x87, 0xAC, 0xDB, 0xDD, 0xEE, 0xCC, 0xED,
    0xEE, 0xDE, 0x0D, 0xDD, 0x07, 0xEE, 0x82, 0xDE, 0xBB, 0xFF, 0x0F, 0xEE, 0x80, 0x9C, 0x02, 0xCC,
    0x80, 0xDB, 0x09, 0xDD, 0x81, 0xFD, 0xDF, 0x04, 0xDD, 0x80, 0xFD, 0x02, 0xFF, 0x8C, 0xBF, 0xCB,
    0xBC, 0xFD, 0xFF, 0xDE, 0xBD, 0xCC, 0x9C, 0xC9, 0xCC, 0xC9, 0xFF, 0x02, 0xEE, 0x85, 0xDD, 0xFD,
    0xFF, 0xBD, 0x99, 0xCB, 0x06, 0x99, 0x80, 0x79, 0x03, 0x99, 0x04, 0xBB, 0x82, 0x89, 0x98, 0xBC,
    0x05, 0xDD, 0x87, 0xEE, 0xDE, 0xAB, 0x9A, 0xEC, 0xEE, 0xAD, 0xDB, 0x15, 0xDD, 0x80, 0xED, 0x02,
    0xEE, 0x81, 0xDD, 0xEE, 0x02, 0xDD, 0x82, 0xEE, 0xDD, 0xEE, 0x0A, 0xDD, 0x87, 0xAC, 0xDB, 0xDD,
    0xEE, 0xCC, 0xED, 0xEE, 0xDE, 0x0D, 0xDD, 0x07, 0xEE, 0x82, 0xDE, 0xBB, 0xFF, 0x0F, 0xEE, 0x80,
    0x9C, 0x02, 0xCC, 0x80, 0xDB, 0x09, 0xDD, 0x81, 0xFD, 0xDF, 0x04, 0xDD, 0x80, 0xFD, 0x02, 0xFF,
    0x8C, 0xBF, 0xCB, 0xBC, 0xFD, 0xFF, 0xDE, 0xBD, 0xCC, 0x9C, 0xC9, 0xCC, 0xC9, 0xFF, 0x02, 0xEE,
    0x85, 0xDD, 0xFD, 0xFF, 0xBD, 0x99, 0xCB, 0x06, 0x99, 0x80, 0x79, 0x03, 0x99, 0x04, 0xBB, 0x82,
    0x89, 0x98, 0xBC, 0x05, 0xDD, 0x87, 0xEE, 0xDE, 0xAB, 0x9A, 0xEC, 0xEE, 0xAD, 0xDB, 0x15, 0xDD,
    0x80, 0xED, 0x02, 0xEE, 0x81, 0xDD, 0xEE, 0x02, 0xDD, 0x82, 0xEE, 0xDD, 0xEE, 0x0A, 0xDD, 0x87,
    0xAC, 0xDB, 0xDD, 0xEE, 0xCC, 0xED, 0xEE, 0xDE, 0x0D, 0xDD, 0x07, 0xEE, 0x84, 0xDD, 0xBB, 0xFF,
    0xDE, 0xDD, 0x0C, 0xEE, 0x80, 0xBB, 0x02, 0x99, 0x81, 0xCC, 0xDB, 0x02, 0xDD, 0x82, 0xFD, 0xDD,
    0xFD, 0x04, 0xDD, 0x81, 0xFD, 0xDF, 0x03, 0xDD, 0x80, 0xFD, 0x03, 0xFF, 0x86, 0xBF, 0xBB, 0xDB,
    0xFD, 0xDF, 0xDD, 0x9B, 0x02, 0x99, 0x83, 0xC9, 0xCC, 0xC9, 0xFF, 0x02, 0xEE, 0x87, 0xDD, 0xFD,
    0xFF, 0xBD, 0xCC, 0xBB, 0xCC, 0x9C, 0x08, 0x99, 0x04, 0xCC, 0x81, 0x89, 0xCC, 0x03, 0xBB, 0x80,
    0xDB, 0x02, 0xDD, 0x02, 0xEE, 0x85, 0xAB, 0xC9, 0xEC, 0xEE, 0xBD, 0xDB, 0x14, 0xDD, 0x80, 0xED,
    0x02, 0xEE, 0x82, 0xDE, 0xDD, 0xDE, 0x02, 0xDD, 0x82, 0xDE, 0xDD, 0xDE, 0x07, 0xDD, 0x80, 0xDE,
    0x02, 0xDD, 0x81, 0xBB, 0xED, 0x02, 0xEE, 0x82, 0xCC, 0xED, 0xEE, 0x0E, 0xDD, 0x06, 0xEE, 0x83,
    0xDE, 0xBB, 0xFF, 0xEE, 0x02, 0xDD, 0x0C, 0xEE, 0x84, 0x9C, 0x79, 0x99, 0xCC, 0xDB, 0x02, 0xDD,
    0x83, 0xFF, 0xDF, 0xFF, 0xDF, 0x08, 0xDD, 0x80, 0xFD, 0x04, 0xFF, 0x8A, 0xDF, 0xDD, 0xED, 0xDE,
    0xBD, 0x4B, 0x95, 0xA9, 0x9A, 0x99, 0xB9, 0x03, 0xEE, 0x02, 0xDD, 0x80, 0xFF, 0x02, 0xBB, 0x82,
    0xFF, 0xBB, 0xCB, 0x06, 0x99, 0x80, 0x79, 0x06, 0x99, 0x84, 0xFB, 0xBB, 0xCC, 0x99, 0xDB, 0x03,
    0xDD, 0x84, 0xEE, 0x9C, 0xC9, 0xEB, 0xDE, 0x16, 0xDD, 0x80, 0xED, 0x02, 0xEE, 0x0F, 0xDD, 0x81,
    0xDE, 0xBB, 0x02, 0xDD, 0x03, 0xEE, 0x82, 0xCC, 0xED, 0xDE, 0x0E, 0xDD, 0x06, 0xEE, 0x83, 0xDE,
    0xBB, 0xFF, 0xEE, 0x02, 0xDD, 0x0C, 0xEE, 0x84, 0x9C, 0x79, 0x99, 0xCC, 0xDB, 0x02, 0xDD, 0x83,
    0xFF, 0xDF, 0xFF, 0xDF, 0x08, 0xDD, 0x80, 0xFD, 0x04, 0xFF, 0x8A, 0xDF, 0xDD, 0xED, 0xDE, 0xBD,
    0x4B, 0x95, 0xA9, 0x9A, 0x99, 0xB9, 0x03, 0xEE, 0x02, 0xDD, 0x80, 0xFF, 0x02, 0xBB, 0x82, 0xFF,
    0xBB, 0xCB, 0x06, 0x99, 0x80, 0x79, 0x06, 0x99, 0x84, 0xFB, 0xBB, 0xCC, 0x99, 0xDB, 0x03, 0xDD,
    0x84, 0xEE, 0x9C, 0xC9, 0xEB, 0xDE, 0x16, 0xDD, 0x80, 0xED, 0x02, 0xEE, 0x0F, 0xDD, 0x81, 0xDE,
    0xBB, 0x02, 0xDD, 0x03, 0xEE, 0x82, 0xCC, 0xED, 0xDE, 0x0E, 0xDD, 0x06, 0xEE, 0x83, 0xDE, 0xBB,
    0xFF, 0xEE, 0x02, 0xDD, 0x0C, 0xEE, 0x84, 0x9C, 0x79, 0x99, 0xCC, 0xDB, 0x02, 0xDD, 0x83, 0xFF,
    0xDF, 0xFF, 0xDF, 0x08, 0xDD, 0x80, 0xFD, 0x04, 0xFF, 0x8A, 0xDF, 0xDD, 0xED, 0xDE, 0xBD, 0x4B,
    0x95, 0xA9, 0x9A, 0x99, 0xB9, 0x03, 0xEE, 0x02, 0xDD, 0x80, 0xFF, 0x02, 0xBB, 0x82, 0xFF, 0xBB,
    0xCB, 0x06, 0x99, 0x80, 0x79, 0x06, 0x99, 0x84, 0xFB, 0xBB, 0xCC, 0x99, 0xDB, 0x03, 0xDD, 0x84,
    0xEE, 0x9C, 0xC9, 0xEB, 0xDE, 0x16, 0xDD, 0x80, 0xED, 0x02, 0xEE, 0x0F, 0xDD, 0x81, 0xDE, 0xBB,
    0x02, 0xDD, 0x03, 0xEE, 0x82, 0xCC, 0xED, 0xDE, 0x0E, 0xDD, 0x05, 0xEE, 0x84, 0xDE, 0xBD, 0xBB,
    0xFF, 0xDE, 0x02, 0xDD, 0x0B, 0xEE, 0x80, 0xBB, 0x03, 0x99, 0x81, 0xCC, 0xBC, 0x02, 0xBB, 0x12,
    0xCC, 0x80, 0xBC, 0x02, 0xBB, 0x83, 0x9B, 0x7A, 0x97, 0xA9, 0x02, 0x99, 0x83, 0xC9, 0xBC, 0xDF,
    0xBD, 0x02, 0xBB, 0x02, 0xCC, 0x80, 0xBC, 0x03, 0xBB, 0x08, 0xCC, 0x80, 0x99, 0x03, 0xCC, 0x80,
    0x99, 0x02, 0xBB, 0x02, 0xCC, 0x88, 0xFB, 0xDD, 0xED, 0xDD, 0xBB, 0x9C, 0xBC, 0xEF, 0xDE, 0x15,
    0xDD, 0x80, 0xED, 0x03, 0xEE, 0x0F, 0xDD, 0x83, 0xDE, 0xDD, 0xBB, 0xED, 0x02, 0xEE, 0x02, 0xBB,
    0x81, 0xED, 0xDE, 0x0E, 0xDD, 0x05, 0xEE, 0x86, 0xDD, 0xBB, 0xFB, 0xEE, 0xDD, 0xBB, 0xDD, 0x03,
    0xEE, 0x04, 0xDD, 0x03, 0xEE, 0x82, 0xDD, 0x9C, 0x57, 0x02, 0x99, 0x02, 0xCC, 0x80, 0x9A, 0x14,
    0x99, 0x85, 0xA9, 0x9A, 0x77, 0x95, 0xA9, 0x9A, 0x03, 0x99, 0x82, 0xC9, 0xDF, 0xBD, 0x04, 0xAA,
    0x80, 0xCA, 0x0B, 0xBB, 0x80, 0x99, 0x03, 0xBB, 0x8D, 0x99, 0xBC, 0xBB, 0xCC, 0xFB, 0xFF, 0xEF,
    0xEE, 0xDD, 0x9B, 0x99, 0xEB, 0xEE, 0xDE, 0x15, 0xDD, 0x80, 0xED, 0x02, 0xEE, 0x12, 0xDD, 0x81,
    0xCC, 0xED, 0x02, 0xEE, 0x82, 0x9C, 0xED, 0xEE, 0x0F, 0xDD, 0x05, 0xEE, 0x86, 0xDD, 0xBB, 0xFB,
    0xEE, 0xDD, 0xBB, 0xDD, 0x03, 0xEE, 0x04, 0xDD, 0x03, 0xEE, 0x82, 0xDD, 0x9C, 0x57, 0x02, 0x99,
    0x02, 0xCC, 0x80, 0x9A, 0x14, 0x99, 0x85, 0xA9, 0x9A, 0x77, 0x95, 0xA9, 0x9A, 0x03, 0x99, 0x82,
    0xC9, 0xDF, 0xBD, 0x04, 0xAA, 0x80, 0xCA, 0x0B, 0xBB, 0x80, 0x99, 0x03, 0xBB, 0x8D, 0x99, 0xBC,
    0xBB, 0xCC, 0xFB, 0xFF, 0xEF, 0xEE, 0xDD, 0x9B, 0x99, 0xEB, 0xEE, 0xDE, 0x15, 0xDD, 0x80, 0xED,
    0x02, 0xEE, 0x12, 0xDD, 0x81, 0xCC, 0xED, 0x02, 0xEE, 0x82, 0x9C, 0xED, 0xEE, 0x0F, 0xDD, 0x05,
    0xEE, 0x86, 0xDD, 0xBB, 0xFB, 0xEE, 0xDD, 0xBB, 0xDD, 0x03, 0xEE, 0x04, 0xDD, 0x03, 0xEE, 0x82,
    0xDD, 0x9C, 0x57, 0x02, 0x99, 0x02, 0xCC, 0x80, 0x9A, 0x14, 0x99, 0x85, 0xA9, 0x9A, 0x77, 0x95,
    0xA9, 0x9A, 0x03, 0x99, 0x82, 0xC9, 0xDF, 0xBD, 0x04, 0xAA, 0x80, 0xCA, 0x0B, 0xBB, 0x80, 0x99,
    0x03, 0xBB, 0x8D, 0x99, 0xBC, 0xBB, 0xCC, 0xFB, 0xFF, 0xEF, 0xEE, 0xDD, 0x9B, 0x99, 0xEB, 0xEE,
    0xDE, 0x15, 0xDD, 0x80, 0xED, 0x02, 0xEE, 0x12, 0xDD, 0x81, 0xCC, 0xED, 0x02, 0xEE, 0x82, 0x9C,
    0xED, 0xEE, 0x0F, 0xDD, 0x03, 0xEE, 0x85, 0xDE, 0xBD, 0xBB, 0xBC, 0xFF, 0xDD, 0x02, 0xBB, 0x80,
    0xDD, 0x02, 0xEE, 0x81, 0xDE, 0xBD, 0x07, 0xBB, 0x04, 0x99, 0x83, 0xCC, 0xAC, 0x89, 0x88, 0x0F,
    0x77, 0x80, 0x97, 0x04, 0x99, 0x82, 0x47, 0x64, 0x75, 0x02, 0x77, 0x03, 0x99, 0x82, 0xC9, 0xCC,
    0xAC, 0x05, 0xAA, 0x08, 0xCC, 0x03, 0xBB, 0x84, 0xCC, 0xBB, 0xCB, 0xBB, 0xCC, 0x03, 0xBB, 0x89,
    0xFB, 0xFF, 0xEF, 0xEE, 0xBD, 0x9C, 0x99, 0xEB, 0xEE, 0xDE, 0x15, 0xDD, 0x03, 0xEE, 0x0D, 0xDD,
    0x80, 0xBB, 0x02, 0xDD, 0x02, 0xEE, 0x81, 0xDB, 0xED, 0x02, 0xEE, 0x82, 0x9C, 0xED, 0xEE, 0x0F,
    0xDD, 0x03, 0xEE, 0x87, 0xDE, 0xCB, 0xCC, 0xBC, 0xDD, 0xBD, 0xCC, 0xFF, 0x03, 0xDD, 0x81, 0xDE,
    0xBB, 0x03, 0xCC, 0x04, 0x99, 0x80, 0x57, 0x05, 0x99, 0x80, 0x28, 0x10, 0x22, 0x80, 0x92, 0x03,
    0x99, 0x87, 0x59, 0x22, 0x52, 0x25, 0x22, 0x52, 0x95, 0x9C, 0x10, 0x99, 0x80, 0xAA, 0x05, 0xBB,
    0x80, 0xCC, 0x03, 0xBB, 0x81, 0xDD, 0xFF, 0x02, 0xDD, 0x02, 0xEE, 0x84, 0xAB, 0x9A, 0x99, 0xEB,
    0xDE, 0x15, 0xDD, 0x80, 0xED, 0x03, 0xEE, 0x0D, 0xDD, 0x82, 0xAA, 0xDD, 0xBB, 0x03, 0xEE, 0x85,
    0xDE, 0xDD, 0xEE, 0x9C, 0xED, 0xDE, 0x0F, 0xDD, 0x03, 0xEE, 0x87, 0xDE, 0xCB, 0xCC, 0xBC, 0xDD,
    0xBD, 0xCC, 0xFF, 0x03, 0xDD, 0x81, 0xDE, 0xBB, 0x03, 0xCC, 0x04, 0x99, 0x80, 0x57, 0x05, 0x99,
    0x80, 0x28, 0x10, 0x22, 0x80, 0x92, 0x03, 0x99, 0x87, 0x59, 0x22, 0x52, 0x25, 0x22, 0x52, 0x95,
    0x9C, 0x10, 0x99, 0x80, 0xAA, 0x05, 0xBB, 0x80, 0xCC, 0x03, 0xBB, 0x81, 0xDD, 0xFF, 0x02, 0xDD,
    0x02, 0xEE, 0x84, 0xAB, 0x9A, 0x99, 0xEB, 0xDE, 0x15, 0xDD, 0x80, 0xED, 0x03, 0xEE, 0x0D, 0xDD,
    0x82, 0xAA, 0xDD, 0xBB, 0x03, 0xEE, 0x85, 0xDE, 0xDD, 0xEE, 0x9C, 0xED, 0xDE, 0x0F, 0xDD, 0x03,
    0xEE, 0x87, 0xDE, 0xCB, 0xCC, 0xBC, 0xDD, 0xBD, 0xCC, 0xFF, 0x03, 0xDD, 0x81, 0xDE, 0xBB, 0x03,
    0xCC, 0x04, 0x99, 0x80, 0x57, 0x05, 0x99, 0x80, 0x28, 0x10, 0x22, 0x80, 0x92, 0x03, 0x99, 0x87,
    0x59, 0x22, 0x52, 0x25, 0x22, 0x52, 0x95, 0x9C, 0x10, 0x99, 0x80, 0xAA, 0x05, 0xBB, 0x80, 0xCC,
    0x03, 0xBB, 0x81, 0xDD, 0xFF, 0x02, 0xDD, 0x02, 0xEE, 0x84, 0xAB, 0x9A, 0x99, 0xEB, 0xDE, 0x15,
    0xDD, 0x80, 0xED, 0x03, 0xEE, 0x0D, 0xDD, 0x82, 0xAA, 0xDD, 0xBB, 0x03, 0xEE, 0x85, 0xDE, 0xDD,
    0xEE, 0x9C, 0xED, 0xDE, 0x0F, 0xDD, 0x02, 0xEE, 0x81, 0xDE, 0xBB, 0x02, 0xCC, 0x02, 0xBB, 0x03,
    0xCC, 0x02, 0xBB, 0x03, 0xCC, 0x06, 0x99, 0x81, 0x87, 0x26, 0x04, 0x77, 0x81, 0x87, 0x26, 0x10,
    0x22, 0x80, 0x72, 0x03, 0x77, 0x80, 0x27, 0x05, 0x22, 0x81, 0x82, 0x88, 0x0A, 0x77, 0x80, 0x97,
    0x05, 0x99, 0x80, 0xAA, 0x07, 0xCC, 0x02, 0xBB, 0x83, 0xFD, 0xFF, 0xDD, 0xED, 0x02, 0xEE, 0x84,
    0xBD, 0xCB, 0xCC, 0xEB, 0xDE, 0x15, 0xDD, 0x04, 0xEE, 0x0A, 0xDD, 0x81, 0xDB, 0xEE, 0x02, 0xBB,
    0x81, 0xEE, 0xDD, 0x03, 0xEE, 0x02, 0xDD, 0x82, 0xCB, 0xAC, 0xED, 0x10, 0xDD, 0x83, 0xEE, 0xDD,
    0xBD, 0xCB, 0x02, 0xCC, 0x83, 0xDD, 0xCB, 0xAA, 0xAC, 0x09, 0x99, 0x80, 0x57, 0x02, 0x55, 0x2E,
    0x22, 0x81, 0x82, 0xCC, 0x0B, 0x99, 0x83, 0xAA, 0xDB, 0xDD, 0xFF, 0x02, 0xDD, 0x05, 0xEE, 0x81,
    0xCD, 0xDB, 0x15, 0xDD, 0x80, 0xED, 0x03, 0xEE, 0x0B, 0xDD, 0x82, 0xBB, 0xEE, 0xCC, 0x04, 0xEE,
    0x04, 0xDD, 0x82, 0x9C, 0xAA, 0xED, 0x10, 0xDD, 0x83, 0xEE, 0xDD, 0xBD, 0xCB, 0x02, 0xCC, 0x83,
    0xDD, 0xCB, 0xA9, 0xAC, 0x09, 0x99, 0x80, 0x57, 0x02, 0x55, 0x2E, 0x22, 0x81, 0x82, 0xCC, 0x0B,
    0x99, 0x83, 0xAA, 0xDB, 0xDD, 0xFF, 0x02, 0xDD, 0x05, 0xEE, 0x81, 0xCD, 0xDB, 0x15, 0xDD, 0x80,
    0xED, 0x03, 0xEE, 0x0B, 0xDD, 0x82, 0xBB, 0xEE, 0xCC, 0x04, 0xEE, 0x04, 0xDD, 0x82, 0x9C, 0xAA,
    0xED, 0x10, 0xDD, 0x83, 0xEE, 0xDD, 0xBD, 0xCB, 0x02, 0xCC, 0x83, 0xDD, 0xCB, 0xAA, 0xAC, 0x09,
    0x99, 0x80, 0x57, 0x02, 0x55, 0x2E, 0x22, 0x81, 0x82, 0xCC, 0x0B, 0x99, 0x83, 0xAA, 0xDB, 0xDD,
    0xFF, 0x02, 0xDD, 0x05, 0xEE, 0x81, 0xCD, 0xDB, 0x15, 0xDD, 0x80, 0xED, 0x03, 0xEE, 0x0B, 0xDD,
    0x82, 0xBB, 0xEE, 0xCC, 0x04, 0xEE, 0x04, 0xDD, 0x82, 0x9C, 0xAA, 0xED, 0x10, 0xDD, 0x82, 0xDE,
    0xDD, 0xBD, 0x03, 0xCC, 0x81, 0xBD, 0xCC, 0x0B, 0x99, 0x03, 0x55, 0x2E, 0x22, 0x80, 0x82, 0x0C,
    0x99, 0x80, 0xAA, 0x02, 0xBB, 0x85, 0xFF, 0xDD, 0xED, 0xEE, 0xDE, 0xFD, 0x02, 0xEE, 0x80, 0xBD,
    0x13, 0xDD, 0x80, 0xDB, 0x02, 0xDD, 0x80, 0xED, 0x03, 0xEE, 0x08, 0xDD, 0x80, 0xBB, 0x02, 0xDD,
    0x82, 0xBB, 0xEE, 0xBB, 0x04, 0xEE, 0x03, 0xDD, 0x83, 0xBB, 0x9C, 0xCC, 0xED, 0x11, 0xDD, 0x87,
    0xBD, 0xCC, 0x99, 0xCC, 0xBF, 0xCB, 0x98, 0x77, 0x03, 0x55, 0x41, 0x22, 0x80, 0xCC, 0x06, 0x99,
    0x80, 0xED, 0x03, 0xEE, 0x82, 0xCB, 0xFB, 0xEF, 0x02, 0xEE, 0x80, 0xDE, 0x11, 0xDD, 0x81, 0xCD,
    0xB9, 0x02, 0xDD, 0x80, 0xED, 0x02, 0xEE, 0x08, 0xDD, 0x83, 0xBE, 0xAA, 0xFF, 0xED, 0x03, 0xEE,
    0x07, 0xDD, 0x83, 0x9C, 0x99, 0xED, 0xDE, 0x11, 0xDD, 0x87, 0xBD, 0xCC, 0x99, 0xCC, 0xBF, 0xCB,
    0x98, 0x77, 0x03, 0x55, 0x41, 0x22, 0x80, 0xCC, 0x06, 0x99, 0x80, 0xED, 0x03, 0xEE, 0x82, 0xCB,
    0xFB, 0xEF, 0x02, 0xEE, 0x80, 0xDE, 0x11, 0xDD, 0x81, 0xCD, 0xB9, 0x02, 0xDD, 0x80, 0xED, 0x02,
    0xEE, 0x08, 0xDD, 0x83, 0xBE, 0xAA, 0xFF, 0xED, 0x03, 0xEE, 0x07, 0xDD, 0x83, 0x9C, 0x99, 0xED,
    0xDE, 0x11, 0xDD, 0x87, 0xBD, 0xCC, 0x99, 0xCC, 0xBF, 0xCB, 0x98, 0x77, 0x03, 0x55, 0x41, 0x22,
    0x80, 0xCC, 0x06, 0x99, 0x80, 0xED, 0x03, 0xEE, 0x82, 0xCB, 0xFB, 0xEF, 0x02, 0xEE, 0x80, 0xDE,
    0x11, 0xDD, 0x81, 0xCD, 0xB9, 0x02, 0xDD, 0x80, 0xED, 0x02, 0xEE, 0x08, 0xDD, 0x83, 0xBE, 0xAA,
    0xFF, 0xED, 0x03, 0xEE, 0x07, 0xDD, 0x83, 0x9C, 0x99, 0xED, 0xDE, 0x11, 0xDD, 0x87, 0xBB, 0xCC,
    0x99, 0xCC, 0xBB, 0x9C, 0x88, 0x77, 0x03, 0x55, 0x41, 0x22, 0x07, 0x99, 0x02, 0xBB, 0x84, 0xED,
    0xEE, 0xBD, 0xFB, 0xEF, 0x03, 0xEE, 0x11, 0xDD, 0x81, 0xBD, 0xDC, 0x02, 0xDD, 0x82, 0xDE, 0xED,
    0xEE, 0x08, 0xDD, 0x83, 0xDE, 0xCA, 0xFF, 0xDD, 0x03, 0xEE, 0x07, 0xDD, 0x82, 0x9C, 0x99, 0xED,
    0x11, 0xDD, 0x85, 0xCB, 0xAC, 0x99, 0x97, 0x9C, 0x77, 0x02, 0x55, 0x81, 0x22, 0x55, 0x4A, 0x22,
    0x82, 0x77, 0x99, 0xEB, 0x02, 0xEE, 0x80, 0xDE, 0x04, 0xEE, 0x82, 0xFF, 0xBF, 0xDB, 0x0D, 0xDD,
    0x81, 0xED, 0xEE, 0x02, 0xDD, 0x83, 0xED, 0xCE, 0xB9, 0xEE, 0x05, 0xDD, 0x80, 0xBB, 0x02, 0xDD,
    0x80, 0xEE, 0x0C, 0xDD, 0x83, 0xFF, 0x9C, 0x99, 0xDB, 0x11, 0xDD, 0x85, 0xCB, 0xAC, 0x99, 0x97,
    0x9C, 0x77, 0x02, 0x55, 0x81, 0x22, 0x55, 0x4A, 0x22, 0x82, 0x77, 0x99, 0xEB, 0x02, 0xEE, 0x80,
    0xDE, 0x04, 0xEE, 0x82, 0xFF, 0xBF, 0xDB, 0x0D, 0xDD, 0x81, 0xED, 0xEE, 0x02, 0xDD, 0x83, 0xED,
    0xCE, 0xB9, 0xEE, 0x05, 0xDD, 0x80, 0xBB, 0x02, 0xDD, 0x80, 0xEE, 0x0C, 0xDD, 0x83, 0xFF, 0x9C,
    0x99, 0xDB, 0x11, 0xDD, 0x85, 0xCB, 0xAC, 0x99, 0x97, 0x9C, 0x77, 0x02, 0x55, 0x81, 0x22, 0x55,
    0x4A, 0x22, 0x82, 0x77, 0x99, 0xEB, 0x02, 0xEE, 0x80, 0xDE, 0x04, 0xEE, 0x82, 0xFF, 0xBF, 0xDB,
    0x0D, 0xDD, 0x81, 0xED, 0xEE, 0x02, 0xDD, 0x83, 0xED, 0xCE, 0xB9, 0xEE, 0x05, 0xDD, 0x80, 0xBB,
    0x02, 0xDD, 0x80, 0xEE, 0x0C, 0xDD, 0x83, 0xFF, 0x9C, 0x99, 0xDB, 0x11, 0xDD, 0x84, 0xCC, 0xAA,
    0x9A, 0x99, 0xAA, 0x03, 0x77, 0x81, 0x52, 0x55, 0x1E, 0x22, 0x07, 0x44, 0x80, 0x24, 0x24, 0x22,
    0x83, 0x75, 0x99, 0xBC, 0xBB, 0x02, 0xDD, 0x80, 0xED, 0x03, 0xEE, 0x82, 0xFF, 0xCB, 0xBC, 0x04,
    0xBB, 0x80, 0xDB, 0x08, 0xDD, 0x81, 0xED, 0xDE, 0x02, 0xDD, 0x83, 0xEE, 0xCE, 0xB9, 0xDE, 0x05,
    0xDD, 0x80, 0xBB, 0x02, 0xDD, 0x80, 0xEE, 0x0C, 0xDD, 0x82, 0xBB, 0x9C, 0xCC, 0x12, 0xDD, 0x80,
    0xAC, 0x07, 0xAA, 0x80, 0x77, 0x05, 0x55, 0x18, 0x22, 0x82, 0x72, 0x77, 0xA7, 0x05, 0xAA, 0x82,
    0x7A, 0x67, 0x25, 0x27, 0x22, 0x82, 0xB9, 0xDB, 0xED, 0x04, 0xEE, 0x83, 0xAB, 0x9A, 0xA9, 0x9A,
    0x02, 0x99, 0x81, 0xBA, 0xDB, 0x09, 0xDD, 0x80, 0xED, 0x02, 0xEE, 0x81, 0xCE, 0xB9, 0x0B, 0xDD,
    0x80, 0xEE, 0x0A, 0xDD, 0x82, 0x9C, 0x99, 0xEB, 0x12, 0xDD, 0x80, 0xAC, 0x07, 0xAA, 0x80, 0x77,
    0x05, 0x55, 0x18, 0x22, 0x82, 0x72, 0x77, 0xA7, 0x05, 0xAA, 0x82, 0x7A, 0x67, 0x25, 0x27, 0x22,
    0x82, 0xB9, 0xDB, 0xED, 0x04, 0xEE, 0x83, 0xAB, 0x9A, 0xA9, 0x9A, 0x02, 0x99, 0x81, 0xBA, 0xDB,
    0x09, 0xDD, 0x80, 0xED, 0x02, 0xEE, 0x81, 0xCE, 0xB9, 0x0B, 0xDD, 0x80, 0xEE, 0x0A, 0xDD, 0x82,
    0x9C, 0x99, 0xEB, 0x12, 0xDD, 0x80, 0xAC, 0x07, 0xAA, 0x80, 0x77, 0x05, 0x55, 0x18, 0x22, 0x82,
    0x72, 0x77, 0xA7, 0x05, 0xAA, 0x82, 0x7A, 0x67, 0x25, 0x27, 0x22, 0x82, 0xB9, 0xDB, 0xED, 0x04,
    0xEE, 0x83, 0xAB, 0x9A, 0xA9, 0x9A, 0x02, 0x99, 0x81, 0xBA, 0xDB, 0x09, 0xDD, 0x80, 0xED, 0x02,
    0xEE, 0x81, 0xCE, 0xB9, 0x0B, 0xDD, 0x80, 0xEE, 0x0A, 0xDD, 0x82, 0x9C, 0x99, 0xEB, 0x12, 0xDD,
    0x80, 0xAC, 0x07, 0xAA, 0x80, 0x77, 0x05, 0x55, 0x18, 0x22, 0x82, 0x72, 0x77, 0xA7, 0x05, 0xAA,
    0x82, 0x7A, 0x67, 0x25, 0x27, 0x22, 0x82, 0xB9, 0xDB, 0xED, 0x04, 0xEE, 0x83, 0xAB, 0x9A, 0xA9,
    0x9A, 0x02, 0x99, 0x81, 0xBA, 0xDB, 0x09, 0xDD, 0x80, 0xED, 0x02, 0xEE, 0x81, 0xCE, 0xB9, 0x0B,
    0xDD, 0x80, 0xEE, 0x0A, 0xDD, 0x82, 0x9C, 0x99, 0xEB, 0x12, 0xDD, 0x14, 0xAA, 0x81, 0x55, 0x22,
    0x02, 0x55, 0x04, 0x22, 0x80, 0x52, 0x04, 0x55, 0x82, 0x22, 0x52, 0x25, 0x02, 0x22, 0x81, 0x52,
    0xA7, 0x0B, 0xAA, 0x80, 0x7A, 0x02, 0x55, 0x80, 0x25, 0x04, 0x22, 0x82, 0x72, 0x9A, 0x57, 0x1C,
    0x22, 0x82, 0xB9, 0xBB, 0xDB, 0x02, 0xDD, 0x84, 0xBD, 0x2C, 0xA5, 0x27, 0x95, 0x08, 0x99, 0x81,
    0xAA, 0xBA, 0x02, 0xDD, 0x84, 0xED, 0xEE, 0xCE, 0xB9, 0xDE, 0x0A, 0xDD, 0x80, 0xEE, 0x0A, 0xDD,
    0x02, 0x99, 0x81, 0xAA, 0xDB, 0x12, 0xDD, 0x14, 0xAA, 0x81, 0x55, 0x22, 0x02, 0x55, 0x04, 0x22,
    0x80, 0x52, 0x04, 0x55, 0x82, 0x22, 0x52, 0x25, 0x02, 0x22, 0x81, 0x52, 0xA7, 0x0B, 0xAA, 0x80,
    0x7A, 0x02, 0x55, 0x80, 0x25, 0x04, 0x22, 0x82, 0x72, 0x9A, 0x57, 0x1C, 0x22, 0x82, 0xB9, 0xBB,
    0xDB, 0x02, 0xDD, 0x84, 0xBD, 0x2C, 0xA5, 0x27, 0x95, 0x08, 0x99, 0x81, 0xAA, 0xBA, 0x02, 0xDD,
    0x84, 0xED, 0xEE, 0xCE, 0xB9, 0xDE, 0x0A, 0xDD, 0x80, 0xEE, 0x0A, 0xDD, 0x02, 0x99, 0x81, 0xAA,
    0xDB, 0x12, 0xDD, 0x14, 0xAA, 0x81, 0x55, 0x22, 0x02, 0x55, 0x04, 0x22, 0x80, 0x52, 0x04, 0x55,
    0x82, 0x22, 0x52, 0x25, 0x02, 0x22, 0x81, 0x52, 0xA7, 0x0B, 0xAA, 0x80, 0x7A, 0x02, 0x55, 0x80,
    0x25, 0x04, 0x22, 0x82, 0x72, 0x9A, 0x57, 0x1C, 0x22, 0x82, 0xB9, 0xBB, 0xDB, 0x02, 0xDD, 0x84,
    0xBD, 0x2C, 0xA5, 0x27, 0x95, 0x08, 0x99, 0x81, 0xAA, 0xBA, 0x02, 0xDD, 0x84, 0xED, 0xEE, 0xCE,
    0xB9, 0xDE, 0x0A, 0xDD, 0x80, 0xEE, 0x0A, 0xDD, 0x02, 0x99, 0x81, 0xAA, 0xDB, 0x12, 0xDD, 0x14,
    0xAA, 0x81, 0x55, 0x22, 0x02, 0x55, 0x04, 0x22, 0x80, 0x52, 0x04, 0x55, 0x82, 0x22, 0x52, 0x25,
    0x02, 0x22, 0x81, 0x52, 0xA7, 0x0B, 0xAA, 0x80, 0x7A, 0x02, 0x55, 0x80, 0x25, 0x04, 0x22, 0x82,
    0x72, 0x9A, 0x57, 0x1C, 0x22, 0x82, 0xB9, 0xBB, 0xDB, 0x02, 0xDD, 0x84, 0xBD, 0x2C, 0xA5, 0x27,
    0x95, 0x08, 0x99, 0x81, 0xAA, 0xBA, 0x02, 0xDD, 0x84, 0xED, 0xEE, 0xCE, 0xB9, 0xDE, 0x0A, 0xDD,
    0x80, 0xEE, 0x0A, 0xDD, 0x02, 0x99, 0x81, 0xAA, 0xDB, 0x12, 0xDD, 0x0B, 0xAA, 0x80, 0xAC, 0x19,
    0xAA, 0x83, 0xCA, 0xAA, 0xCA, 0xAC, 0x13, 0xAA, 0x83, 0x9A, 0x57, 0x22, 0x75, 0x02, 0x99, 0x80,
    0xAA, 0x02, 0x99, 0x80, 0x55, 0x16, 0x22, 0x86, 0xA8, 0xBC, 0xBB, 0xCB, 0x2A, 0x52, 0x25, 0x06,
    0x22, 0x80, 0x92, 0x09, 0x99, 0x80, 0xB9, 0x10, 0xDD, 0x81, 0xCC, 0x99, 0x03, 0xDD, 0x03, 0x99,
    0x80, 0xDB, 0x03, 0xDD, 0x80, 0xEE, 0x0F, 0xDD, 0x0B, 0xAA, 0x80, 0xAC, 0x19, 0xAA, 0x83, 0xCA,
    0xAA, 0xCA, 0xAC, 0x13, 0xAA, 0x83, 0x9A, 0x57, 0x22, 0x75, 0x02, 0x99, 0x80, 0xAA, 0x02, 0x99,
    0x80, 0x55, 0x16, 0x22, 0x86, 0xA8, 0xBC, 0xBB, 0xCB, 0x2A, 0x52, 0x25, 0x06, 0x22, 0x80, 0x92,
    0x09, 0x99, 0x80, 0xB9, 0x10, 0xDD, 0x81, 0xCC, 0x99, 0x03, 0xDD, 0x03, 0x99, 0x80, 0xDB, 0x03,
    0xDD, 0x80, 0xEE, 0x0F, 0xDD, 0x0B, 0xAA, 0x80, 0xAC, 0x19, 0xAA, 0x83, 0xCA, 0xAA, 0xCA, 0xAC,
    0x13, 0xAA, 0x83, 0x9A, 0x57, 0x22, 0x75, 0x02, 0x99, 0x80, 0xAA, 0x02, 0x99, 0x80, 0x55, 0x16,
    0x22, 0x86, 0xA8, 0xBC, 0xBB, 0xCB, 0x2A, 0x52, 0x25, 0x06, 0x22, 0x80, 0x92, 0x09, 0x99, 0x80,
    0xB9, 0x10, 0xDD, 0x81, 0xCC, 0x99, 0x03, 0xDD, 0x03, 0x99, 0x80, 0xDB, 0x03, 0xDD, 0x80, 0xEE,
    0x0F, 0xDD, 0x0B, 0xAA, 0x80, 0xAC, 0x19, 0xAA, 0x83, 0xCA, 0xAA, 0xCA, 0xAC, 0x13, 0xAA, 0x83,
    0x9A, 0x57, 0x22, 0x75, 0x02, 0x99, 0x80, 0xAA, 0x02, 0x99, 0x80, 0x55, 0x16, 0x22, 0x86, 0xA8,
    0xBC, 0xBB, 0xCB, 0x2A, 0x52, 0x25, 0x06, 0x22, 0x80, 0x92, 0x09, 0x99, 0x80, 0xB9, 0x10, 0xDD,
    0x81, 0xCC, 0x99, 0x03, 0xDD, 0x03, 0x99, 0x80, 0xDB, 0x03, 0xDD, 0x80, 0xEE, 0x0F, 0xDD, 0x0E,
    0xAA, 0x03, 0xDD, 0x80, 0xBB, 0x07, 0xAA, 0x86, 0xDB, 0xDD, 0xFF, 0xBB, 0xCC, 0x9C, 0xC9, 0x06,
    0xCC, 0x86, 0xDB, 0xAB, 0xFC, 0xDF, 0xBD, 0xCB, 0xAC, 0x06, 0xAA, 0x83, 0xCA, 0xAC, 0xCA, 0xAC,
    0x09, 0xAA, 0x84, 0x9A, 0x55, 0x52, 0xA9, 0xAA, 0x04, 0x99, 0x80, 0x9C, 0x15, 0x22, 0x83, 0x74,
    0x27, 0xA6, 0x29, 0x0B, 0x22, 0x82, 0x92, 0x59, 0x92, 0x06, 0x99, 0x81, 0xC9, 0xBC, 0x03, 0xDD,
    0x82, 0xBD, 0xC9, 0xBB, 0x04, 0xDD, 0x80, 0xEE, 0x04, 0xDD, 0x83, 0x99, 0xCC, 0x99, 0xCC, 0x03,
    0xDD, 0x80, 0xEE, 0x03, 0xFF, 0x80, 0xDF, 0x06, 0xFF, 0x80, 0xDF, 0x05, 0xDD, 0x0E, 0xAA, 0x03,
    0xDD, 0x80, 0xBB, 0x07, 0xAA, 0x86, 0xDB, 0xDD, 0xFF, 0xBB, 0xCC, 0x9C, 0xC9, 0x06, 0xCC, 0x86,
    0xDB, 0xAB, 0xFC, 0xDF, 0xBD, 0xCB, 0xAC, 0x06, 0xAA, 0x83, 0xCA, 0xAC, 0xCA, 0xAC, 0x09, 0xAA,
    0x84, 0x9A, 0x55, 0x52, 0xA9, 0xAA, 0x04, 0x99, 0x80, 0x9C, 0x15, 0x22, 0x83, 0x74, 0x27, 0xA6,
    0x29, 0x0B, 0x22, 0x82, 0x92, 0x59, 0x92, 0x06, 0x99, 0x81, 0xC9, 0xBC, 0x03, 0xDD, 0x82, 0xBD,
    0xC9, 0xBB, 0x04, 0xDD, 0x80, 0xEE, 0x04, 0xDD, 0x83, 0x99, 0xCC, 0x99, 0xCC, 0x03, 0xDD, 0x80,
    0xEE, 0x03, 0xFF, 0x80, 0xDF, 0x06, 0xFF, 0x80, 0xDF, 0x05, 0xDD, 0x0E, 0xAA, 0x03, 0xDD, 0x80,
    0xBB, 0x07, 0xAA, 0x86, 0xDB, 0xDD, 0xFF, 0xBB, 0xCC, 0x9C, 0xC9, 0x06, 0xCC, 0x86, 0xDB, 0xAB,
    0xFC, 0xDF, 0xBD, 0xCB, 0xAC, 0x06, 0xAA, 0x83, 0xCA, 0xAC, 0xCA, 0xAC, 0x09, 0xAA, 0x84, 0x9A,
    0x55, 0x52, 0xA9, 0xAA, 0x04, 0x99, 0x80, 0x9C, 0x15, 0x22, 0x83, 0x74, 0x27, 0xA6, 0x29, 0x0B,
    0x22, 0x82, 0x92, 0x59, 0x92, 0x06, 0x99, 0x81, 0xC9, 0xBC, 0x03, 0xDD, 0x82, 0xBD, 0xC9, 0xBB,
    0x04, 0xDD, 0x80, 0xEE, 0x04, 0xDD, 0x83, 0x99, 0xCC, 0x99, 0xCC, 0x03, 0xDD, 0x80, 0xEE, 0x03,
    0xFF, 0x80, 0xDF, 0x06, 0xFF, 0x80, 0xDF, 0x05, 0xDD, 0x0E, 0xAA, 0x03, 0xDD, 0x80, 0xBB, 0x07,
    0xAA, 0x86, 0xDB, 0xDD, 0xFF, 0xBB, 0xCC, 0x9C, 0xC9, 0x06, 0xCC, 0x86, 0xDB, 0xAB, 0xFC, 0xDF,
    0xBD, 0xCB, 0xAC, 0x06, 0xAA, 0x83, 0xCA, 0xAC, 0xCA, 0xAC, 0x09, 0xAA, 0x84, 0x9A, 0x55, 0x52,
    0xA9, 0xAA, 0x04, 0x99, 0x80, 0x9C, 0x15, 0x22, 0x83, 0x74, 0x27, 0xA6, 0x29, 0x0B, 0x22, 0x82,
    0x92, 0x59, 0x92, 0x06, 0x99, 0x81, 0xC9, 0xBC, 0x03, 0xDD, 0x82, 0xBD, 0xC9, 0xBB, 0x04, 0xDD,
    0x80, 0xEE, 0x04, 0xDD, 0x83, 0x99, 0xCC, 0x99, 0xCC, 0x03, 0xDD, 0x80, 0xEE, 0x03, 0xFF, 0x80,
    0xDF, 0x06, 0xFF, 0x80, 0xDF, 0x05, 0xDD, 0x03, 0xAA, 0x80, 0xBC, 0x0C, 0xDD, 0x03, 0xEE, 0x16,
    0xDD, 0x82, 0xED, 0xEE, 0xDE, 0x09, 0xDD, 0x84, 0xED, 0xDE, 0xDD, 0xCD, 0xAC, 0x07, 0xAA, 0x83,
    0x9C, 0xAA, 0x9A, 0x75, 0x07, 0x99, 0x29, 0x22, 0x80, 0x72, 0x04, 0x99, 0x83, 0x9A, 0x75, 0x99,
    0xC9, 0x08, 0xDD, 0x02, 0xCC, 0x8B, 0x75, 0x99, 0xAA, 0xBC, 0xDD, 0xFF, 0xDD, 0xEE, 0xFF, 0xBB,
    0x9C, 0xBC, 0x04, 0xBB, 0x80, 0xFB, 0x03, 0xFF, 0x80, 0xDF, 0x03, 0xDD, 0x03, 0xAA, 0x80, 0xBC,
    0x0C, 0xDD, 0x03, 0xEE, 0x16, 0xDD, 0x82, 0xED, 0xEE, 0xDE, 0x09, 0xDD, 0x84, 0xED, 0xDE, 0xDD,
    0xCD, 0xAC, 0x07, 0xAA, 0x83, 0x9C, 0xAA, 0x9A, 0x75, 0x07, 0x99, 0x29, 0x22, 0x80, 0x72, 0x04,
    0x99, 0x83, 0x9A, 0x75, 0x99, 0xC9, 0x08, 0xDD, 0x02, 0xCC, 0x8B, 0x75, 0x99, 0xAA, 0xBC, 0xDD,
    0xFF, 0xDD, 0xEE, 0xFF, 0xBB, 0x9C, 0xBC, 0x04, 0xBB, 0x80, 0xFB, 0x03, 0xFF, 0x80, 0xDF, 0x03,
    0xDD, 0x03, 0xAA, 0x80, 0xBC, 0x0C, 0xDD, 0x03, 0xEE, 0x16, 0xDD, 0x82, 0xED, 0xEE, 0xDE, 0x09,
    0xDD, 0x84, 0xED, 0xDE, 0xDD, 0xCD, 0xAC, 0x07, 0xAA, 0x83, 0x9C, 0xAA, 0x9A, 0x75, 0x07, 0x99,
    0x29, 0x22, 0x80, 0x72, 0x04, 0x99, 0x83, 0x9A, 0x75, 0x99, 0xC9, 0x08, 0xDD, 0x02, 0xCC, 0x8B,
    0x75, 0x99, 0xAA, 0xBC, 0xDD, 0xFF, 0xDD, 0xEE, 0xFF, 0xBB, 0x9C, 0xBC, 0x04, 0xBB, 0x80, 0xFB,
    0x03, 0xFF, 0x80, 0xDF, 0x03, 0xDD, 0x03, 0xAA, 0x80, 0xBC, 0x0C, 0xDD, 0x03, 0xEE, 0x16, 0xDD,
    0x82, 0xED, 0xEE, 0xDE, 0x09, 0xDD, 0x84, 0xED, 0xDE, 0xDD, 0xCD, 0xAC, 0x07, 0xAA, 0x83, 0x9C,
    0xAA, 0x9A, 0x75, 0x07, 0x99, 0x29, 0x22, 0x80, 0x72, 0x04, 0x99, 0x83, 0x9A, 0x75, 0x99, 0xC9,
    0x08, 0xDD, 0x02, 0xCC, 0x8B, 0x75, 0x99, 0xAA, 0xBC, 0xDD, 0xFF, 0xDD, 0xEE, 0xFF, 0xBB, 0x9C,
    0xBC, 0x04, 0xBB, 0x80, 0xFB, 0x03, 0xFF, 0x80, 0xDF, 0x03, 0xDD, 0x07, 0xAA, 0x81, 0xCA, 0xBB,
    0x08, 0xDD, 0x06, 0xEE, 0x04, 0xDD, 0x03, 0xFF, 0x81, 0xDD, 0xBB, 0x0E, 0xCC, 0x80, 0xEB, 0x09,
    0xEE, 0x81, 0xDE, 0xBD, 0x05, 0xBB, 0x80, 0xCB, 0x04, 0xAA, 0x82, 0x79, 0x55, 0x75, 0x07, 0x99,
    0x28, 0x22, 0x02, 0x55, 0x83, 0x95, 0x99, 0x66, 0x75, 0x02, 0x99, 0x02, 0xCC, 0x80, 0xBC, 0x03,
    0xDD, 0x87, 0xBB, 0x9C, 0xCC, 0x88, 0x75, 0xA9, 0xCC, 0xDB, 0x02, 0xDD, 0x84, 0xEE, 0xFF, 0x9C,
    0xBC, 0x9C, 0x03, 0x99, 0x80, 0xBC, 0x04, 0xBB, 0x81, 0xFB, 0xDF, 0x03, 0xDD, 0x08, 0xAA, 0x80,
    0xBB, 0x08, 0xDD, 0x06, 0xEE, 0x04, 0xDD, 0x03, 0xFF, 0x81, 0xDD, 0xAB, 0x02, 0xAA, 0x0A, 0x99,
    0x82, 0xA9, 0xCA, 0xEC, 0x0A, 0xEE, 0x80, 0xDE, 0x05, 0xDD, 0x80, 0xBD, 0x04, 0xAA, 0x82, 0x9A,
    0x22, 0x52, 0x07, 0x99, 0x2A, 0x22, 0x83, 0x72, 0x79, 0x22, 0x75, 0x04, 0x99, 0x80, 0xCA, 0x03,
    0xDD, 0x86, 0xCB, 0x9A, 0xCC, 0x24, 0x75, 0x99, 0xBB, 0x03, 0xDD, 0x84, 0xEE, 0xFF, 0x99, 0xBC,
    0x9C, 0x03, 0x99, 0x80, 0xBC, 0x04, 0xBB, 0x81, 0xFB, 0xDF, 0x03, 0xDD, 0x08, 0xAA, 0x80, 0xBB,
    0x08, 0xDD, 0x06, 0xEE, 0x04, 0xDD, 0x03, 0xFF, 0x81, 0xDD, 0xAB, 0x02, 0xAA, 0x0A, 0x99, 0x82,
    0xA9, 0xCA, 0xEC, 0x0A, 0xEE, 0x80, 0xDE, 0x05, 0xDD, 0x80, 0xBD, 0x04, 0xAA, 0x82, 0x9A, 0x22,
    0x52, 0x07, 0x99, 0x2A, 0x22, 0x83, 0x72, 0x79, 0x22, 0x75, 0x04, 0x99, 0x80, 0xCA, 0x03, 0xDD,
    0x86, 0xCB, 0x9A, 0xCC, 0x24, 0x75, 0x99, 0xBB, 0x03, 0xDD, 0x84, 0xEE, 0xFF, 0x99, 0xBC, 0x9C,
    0x03, 0x99, 0x80, 0xBC, 0x04, 0xBB, 0x81, 0xFB, 0xDF, 0x03, 0xDD, 0x08, 0xAA, 0x80, 0xBB, 0x08,
    0xDD, 0x06, 0xEE, 0x04, 0xDD, 0x03, 0xFF, 0x81, 0xDD, 0xAB, 0x02, 0xAA, 0x0A, 0x99, 0x82, 0xA9,
    0xCA, 0xEC, 0x0A, 0xEE, 0x80, 0xDE, 0x05, 0xDD, 0x80, 0xBD, 0x04, 0xAA, 0x82, 0x9A, 0x22, 0x52,
    0x07, 0x99, 0x2A, 0x22, 0x83, 0x72, 0x79, 0x22, 0x75, 0x04, 0x99, 0x80, 0xCA, 0x03, 0xDD, 0x86,
    0xCB, 0x9A, 0xCC, 0x24, 0x75, 0x99, 0xBB, 0x03, 0xDD, 0x84, 0xEE, 0xFF, 0x99, 0xBC, 0x9C, 0x03,
    0x99, 0x80, 0xBC, 0x04, 0xBB, 0x81, 0xFB, 0xDF, 0x03, 0xDD, 0x0B, 0xAA, 0x82, 0xCA, 0xCC, 0xFF,
    0x05, 0xEE, 0x81, 0xDD, 0xBB, 0x0A, 0xCC, 0x81, 0x99, 0xA9, 0x0A, 0x99, 0x83, 0xB9, 0xBB, 0xDB,
    0xCD, 0x06, 0xCC, 0x81, 0xBC, 0xEB, 0x07, 0xEE, 0x82, 0xDE, 0xDD, 0xBB, 0x04, 0xAA, 0x83, 0x79,
    0x22, 0x55, 0x77, 0x06, 0x99, 0x2A, 0x22, 0x80, 0x25, 0x02, 0x22, 0x02, 0x55, 0x80, 0x75, 0x02,
    0x99, 0x02, 0xCC, 0x80, 0xBB, 0x02, 0x99, 0x84, 0x88, 0x55, 0x99, 0xCC, 0xBB, 0x02, 0xDD, 0x81,
    0xEE, 0xFF, 0x02, 0xBB, 0x80, 0x8C, 0x05, 0x99, 0x07, 0xCC, 0x81, 0xBC, 0xDB, 0x0C, 0xAA, 0x81,
    0xCC, 0xFB, 0x05, 0xEE, 0x82, 0xDD, 0xAB, 0x9A, 0x0F, 0x99, 0x82, 0x9A, 0x99, 0x9A, 0x03, 0x99,
    0x83, 0xD9, 0xDD, 0xED, 0xCE, 0x07, 0xCC, 0x80, 0xDB, 0x08, 0xEE, 0x82, 0xDD, 0xBD, 0xAC, 0x03,
    0xAA, 0x80, 0x9A, 0x02, 0x22, 0x80, 0x55, 0x06, 0x99, 0x2F, 0x22, 0x80, 0x52, 0x04, 0x99, 0x80,
    0xCC, 0x02, 0x99, 0x84, 0x22, 0x55, 0xA9, 0xBC, 0xBB, 0x02, 0xDD, 0x85, 0xEE, 0xFF, 0xBB, 0xFF,
    0x8C, 0x78, 0x02, 0x99, 0x81, 0xAA, 0x99, 0x05, 0xCC, 0x83, 0xAC, 0xAA, 0xBC, 0xDB, 0x0C, 0xAA,
    0x81, 0xCC, 0xFB, 0x05, 0xEE, 0x82, 0xDD, 0xAB, 0x9A, 0x0F, 0x99, 0x82, 0x9A, 0x99, 0x9A, 0x03,
    0x99, 0x83, 0xD9, 0xDD, 0xED, 0xCE, 0x07, 0xCC, 0x80, 0xDB, 0x08, 0xEE, 0x82, 0xDD, 0xBD, 0xAC,
    0x03, 0xAA, 0x80, 0x9A, 0x02, 0x22, 0x80, 0x55, 0x06, 0x99, 0x2F, 0x22, 0x80, 0x52, 0x04, 0x99,
    0x80, 0xCC, 0x02, 0x99, 0x84, 0x22, 0x55, 0xA9, 0xBC, 0xBB, 0x02, 0xDD, 0x85, 0xEE, 0xFF, 0xBB,
    0xFF, 0x8C, 0x78, 0x02, 0x99, 0x81, 0xAA, 0x99, 0x05, 0xCC, 0x83, 0xAC, 0xAA, 0xBC, 0xDB, 0x0C,
    0xAA, 0x81, 0xCC, 0xFB, 0x05, 0xEE, 0x82, 0xDD, 0xAB, 0x9A, 0x0F, 0x99, 0x82, 0x9A, 0x99, 0x9A,
    0x03, 0x99, 0x83, 0xD9, 0xDD, 0xED, 0xCE, 0x07, 0xCC, 0x80, 0xDB, 0x08, 0xEE, 0x82, 0xDD, 0xBD,
    0xAC, 0x03, 0xAA, 0x80, 0x9A, 0x02, 0x22, 0x80, 0x55, 0x06, 0x99, 0x2F, 0x22, 0x80, 0x52, 0x04,
    0x99, 0x80, 0xCC, 0x02, 0x99, 0x84, 0x22, 0x55, 0xA9, 0xBC, 0xBB, 0x02, 0xDD, 0x85, 0xEE, 0xFF,
    0xBB, 0xFF, 0x8C, 0x78, 0x02, 0x99, 0x81, 0xAA, 0x99, 0x05, 0xCC, 0x84, 0xAC, 0xAA, 0xBC, 0xDB,
    0x97, 0x10, 0xAA, 0x80, 0x99, 0x02, 0xCC, 0x80, 0xAA, 0x07, 0x99, 0x80, 0x28, 0x0C, 0x22, 0x84,
    0xC8, 0xCC, 0xBC, 0xBB, 0xCB, 0x0C, 0xCC, 0x80, 0xBC, 0x05, 0xEE, 0x81, 0xDE, 0xBD, 0x03, 0xBB,
    0x84, 0xAA, 0x79, 0x55, 0x22, 0x55, 0x05, 0x99, 0x30, 0x22, 0x03, 0x55, 0x84, 0x65, 0x44, 0x99,
    0x56, 0x97, 0x04, 0x99, 0x82, 0xFB, 0xDD, 0xFF, 0x02, 0xBB, 0x80, 0x9C, 0x02, 0xCC, 0x07, 0x99,
    0x86, 0xBC, 0xBB, 0x9C, 0xC9, 0xDB, 0xDD, 0x97, 0x10, 0xAA, 0x80, 0x9A, 0x0A, 0x99, 0x80, 0x08,
    0x0C, 0x00, 0x85, 0xC8, 0xCC, 0xBC, 0xCB, 0x9C, 0xC9, 0x0A, 0xCC, 0x81, 0x9C, 0xC9, 0x07, 0xEE,
    0x02, 0xDD, 0x83, 0xBD, 0xAA, 0x9A, 0x55, 0x02, 0x22, 0x05, 0x99, 0x35, 0x22, 0x82, 0x99, 0x22,
    0xAA, 0x04, 0x99, 0x82, 0xFB, 0xDD, 0xFF, 0x02, 0xBB, 0x83, 0x99, 0xBC, 0xBB, 0x9C, 0x05, 0x99,
    0x87, 0x89, 0xB9, 0xBB, 0x9C, 0xB9, 0xDB, 0xDD, 0x97, 0x10, 0xAA, 0x80, 0x9A, 0x0A, 0x99, 0x80,
    0x08, 0x0C, 0x00, 0x85, 0xC8, 0xCC, 0xBC, 0xCB, 0x9C, 0xC9, 0x0A, 0xCC, 0x81, 0x9C, 0xC9, 0x07,
    0xEE, 0x02, 0xDD, 0x83, 0xBD, 0xAA, 0x9A, 0x55, 0x02, 0x22, 0x05, 0x99, 0x35, 0x22, 0x82, 0x99,
    0x22, 0xAA, 0x04, 0x99, 0x82, 0xFB, 0xDD, 0xFF, 0x02, 0xBB, 0x83, 0x99, 0xBC, 0xBB, 0x9C, 0x05,
    0x99, 0x87, 0x88, 0xB9, 0xBB, 0x9C, 0xB9, 0xDB, 0xDD, 0x97, 0x10, 0xAA, 0x80, 0x9A, 0x0A, 0x99,
    0x80, 0x08, 0x0C, 0x00, 0x85, 0xC8, 0xCC, 0xBC, 0xCB, 0x9C, 0xC9, 0x0A, 0xCC, 0x81, 0x9C, 0xC9,
    0x07, 0xEE, 0x02, 0xDD, 0x83, 0xBD, 0xAA, 0x9A, 0x55, 0x02, 0x22, 0x05, 0x99, 0x35, 0x22, 0x82,
    0x99, 0x22, 0xAA, 0x04, 0x99, 0x82, 0xFB, 0xDD, 0xFF, 0x02, 0xBB, 0x83, 0x99, 0xBC, 0xBB, 0x9C,
    0x05, 0x99, 0x87, 0x88, 0xB9, 0xBB, 0x9C, 0xB9, 0xDB, 0xDD, 0x72, 0x11, 0xAA, 0x05, 0x99, 0x80,
    0x28, 0x04, 0x22, 0x0C, 0x00, 0x81, 0x80, 0xC8, 0x05, 0xCC, 0x83, 0x9C, 0x99, 0xC9, 0xCC, 0x03,
    0xBB, 0x80, 0xCB, 0x05, 0xCC, 0x81, 0xBC, 0xDB, 0x03, 0xEE, 0x03, 0xDD, 0x80, 0xBD, 0x02, 0xAA,
    0x80, 0x79, 0x02, 0x22, 0x80, 0x55, 0x05, 0x99, 0x80, 0x24, 0x32, 0x22, 0x84, 0x55, 0xCC, 0x24,
    0x65, 0xAA, 0x02, 0xCC, 0x84, 0xBB, 0xFD, 0xDD, 0xFD, 0xDD, 0x02, 0xCC, 0x02, 0xBB, 0x84, 0xCB,
    0xCC, 0x99, 0x88, 0x78, 0x04, 0x99, 0x84, 0xC9, 0xFB, 0xBB, 0xFB, 0x72, 0x0C, 0xAA, 0x81, 0x99,
    0xA9, 0x03, 0xAA, 0x05, 0x99, 0x80, 0x02, 0x10, 0x00, 0x81, 0x90, 0x88, 0x02, 0xCC, 0x8B, 0x9C,
    0xC9, 0xCC, 0x9C, 0x99, 0xC9, 0xBC, 0xBB, 0xB3, 0xBB, 0x9B, 0xC9, 0x05, 0xCC, 0x80, 0xDB, 0x03,
    0xEE, 0x03, 0xDD, 0x80, 0xBD, 0x02, 0xAA, 0x80, 0x9A, 0x03, 0x22, 0x05, 0x99, 0x80, 0x26, 0x32,
    0x22, 0x84, 0x55, 0xCB, 0x24, 0x22, 0xAA, 0x02, 0xBB, 0x80, 0xDD, 0x04, 0xEE, 0x81, 0xAC, 0xBC,
    0x04, 0xBB, 0x84, 0x9C, 0x88, 0x78, 0x99, 0x79, 0x02, 0x99, 0x84, 0xB9, 0xFB, 0xBF, 0xFB, 0x72,
    0x0C, 0xAA, 0x81, 0x99, 0xA9, 0x03, 0xAA, 0x05, 0x99, 0x80, 0x02, 0x10, 0x00, 0x81, 0x90, 0x89,
    0x02, 0xCC, 0x8B, 0x9C, 0xC9, 0xCC, 0x9C, 0x99, 0xC9, 0xBC, 0xBB, 0xB3, 0xBB, 0x9B, 0xC9, 0x05,
    0xCC, 0x80, 0xDB, 0x03, 0xEE, 0x03, 0xDD, 0x80, 0xBD, 0x02, 0xAA, 0x80, 0x9A, 0x03, 0x22, 0x05,
    0x99, 0x80, 0x26, 0x32, 0x22, 0x84, 0x55, 0xCB, 0x24, 0x22, 0xAA, 0x02, 0xBB, 0x80, 0xDD, 0x04,
    0xEE, 0x81, 0xAC, 0xBC, 0x04, 0xBB, 0x84, 0x9C, 0x88, 0x78, 0x99, 0x79, 0x02, 0x99, 0x84, 0xB9,
    0xFB, 0xBF, 0xFB, 0x72, 0x0C, 0xAA, 0x81, 0x99, 0xA9, 0x03, 0xAA, 0x05, 0x99, 0x80, 0x02, 0x10,
    0x00, 0x81, 0x90, 0x88, 0x02, 0xCC, 0x8B, 0x9C, 0xC9, 0xCC, 0x9C, 0x99, 0xC9, 0xBC, 0xBB, 0xB3,
    0xBB, 0x9B, 0xC9, 0x05, 0xCC, 0x80, 0xDB, 0x03, 0xEE, 0x03, 0xDD, 0x80, 0xBD, 0x02, 0xAA, 0x80,
    0x9A, 0x03, 0x22, 0x05, 0x99, 0x80, 0x26, 0x32, 0x22, 0x84, 0x55, 0xCB, 0x24, 0x22, 0xAA, 0x02,
    0xBB, 0x80, 0xDD, 0x04, 0xEE, 0x81, 0xAC, 0xBC, 0x04, 0xBB, 0x84, 0x9C, 0x88, 0x78, 0x99, 0x79,
    0x02, 0x99, 0x85, 0xB9, 0xFB, 0xBF, 0xFB, 0x52, 0x97, 0x0B, 0xAA, 0x80, 0x9A, 0x04, 0xAA, 0x02,
    0x99, 0x03, 0x88, 0x11, 0x00, 0x8C, 0x20, 0x88, 0xC9, 0xCC, 0x99, 0xC9, 0xCC, 0x9C, 0xC9, 0xCC,
    0xBC, 0xCB, 0xB9, 0x02, 0xBB, 0x06, 0xCC, 0x81, 0xBC, 0xFB, 0x02, 0xEE, 0x80, 0xDE, 0x03, 0xDD,
    0x02, 0xCC, 0x80, 0x9A, 0x03, 0x22, 0x80, 0x77, 0x04, 0x99, 0x80, 0x26, 0x30, 0x22, 0x80, 0x67,
    0x02, 0x22, 0x80, 0x88, 0x02, 0x99, 0x80, 0xCC, 0x02, 0xBB, 0x04, 0xDD, 0x81, 0xEE, 0xAC, 0x03,
    0xCC, 0x81, 0xBC, 0xBB, 0x02, 0xCC, 0x80, 0x9C, 0x03, 0x99, 0x86, 0xC9, 0xBC, 0xFB, 0xBF, 0xFD,
    0x22, 0x72, 0x0B, 0xAA, 0x80, 0x9A, 0x04, 0xAA, 0x81, 0x99, 0x57, 0x15, 0x00, 0x81, 0x80, 0x98,
    0x05, 0x99, 0x89, 0x39, 0x33, 0xB3, 0xCB, 0x39, 0xB3, 0x33, 0x93, 0x99, 0xC9, 0x04, 0xCC, 0x80,
    0xBC, 0x03, 0xEE, 0x04, 0xDD, 0x81, 0xBD, 0x9A, 0x04, 0x22, 0x04, 0x99, 0x80, 0x25, 0x2F, 0x22,
    0x81, 0x42, 0x9A, 0x02, 0x22, 0x80, 0x42, 0x09, 0xBB, 0x81, 0xED, 0xAC, 0x02, 0x99, 0x81, 0xAA,
    0xBC, 0x04, 0xBB, 0x80, 0x9C, 0x02, 0x99, 0x86, 0xB9, 0xFB, 0xFF, 0xDF, 0xDD, 0x22, 0x72, 0x0B,
    0xAA, 0x80, 0x9A, 0x04, 0xAA, 0x81, 0x99, 0x57, 0x15, 0x00, 0x81, 0x80, 0x98, 0x05, 0x99, 0x89,
    0x39, 0x33, 0xB3, 0xCB, 0x39, 0xB3, 0x3B, 0x93, 0x99, 0xC9, 0x04, 0xCC, 0x80, 0xBC, 0x03, 0xEE,
    0x04, 0xDD, 0x81, 0xBD, 0x9A, 0x04, 0x22, 0x04, 0x99, 0x80, 0x25, 0x2F, 0x22, 0x81, 0x42, 0x9A,
    0x02, 0x22, 0x80, 0x42, 0x09, 0xBB, 0x81, 0xED, 0xAC, 0x02, 0x99, 0x81, 0xAA, 0xBC, 0x04, 0xBB,
    0x80, 0x9C, 0x02, 0x99, 0x86, 0xBC, 0xFB, 0xFF, 0xDF, 0xDD, 0x22, 0x72, 0x0B, 0xAA, 0x80, 0x9A,
    0x04, 0xAA, 0x81, 0x99, 0x57, 0x15, 0x00, 0x81, 0x80, 0x98, 0x05, 0x99, 0x89, 0x39, 0x33, 0xB3,
    0xCB, 0x39, 0xB3, 0x3B, 0x93, 0x99, 0xC9, 0x04, 0xCC, 0x80, 0xBC, 0x03, 0xEE, 0x04, 0xDD, 0x81,
    0xBD, 0x9A, 0x04, 0x22, 0x04, 0x99, 0x80, 0x25, 0x2F, 0x22, 0x81, 0x42, 0x9A, 0x02, 0x22, 0x80,
    0x42, 0x09, 0xBB, 0x81, 0xED, 0xAC, 0x02, 0x99, 0x81, 0xAA, 0xBC, 0x04, 0xBB, 0x80, 0x9C, 0x02,
    0x99, 0x87, 0xB9, 0xFB, 0xFF, 0xDF, 0xDD, 0x22, 0x52, 0x97, 0x0A, 0xAA, 0x04, 0x99, 0x82, 0xCC,
    0x99, 0x79, 0x13, 0x00, 0x82, 0x80, 0x88, 0x98, 0x06, 0x99, 0x83, 0x8C, 0xB8, 0xBB, 0xBF, 0x03,
    0xBB, 0x82, 0x93, 0x99, 0xC9, 0x04, 0xCC, 0x83, 0xBC, 0xDE, 0xBB, 0xEE, 0x03, 0xDD, 0x03, 0xCC,
    0x84, 0x99, 0x89, 0x24, 0x22, 0x77, 0x03, 0x99, 0x80, 0x25, 0x30, 0x22, 0x80, 0x67, 0x03, 0x22,
    0x80, 0x98, 0x08, 0x99, 0x84, 0xBB, 0x78, 0x87, 0x99, 0xA9, 0x03, 0xCC, 0x89, 0xBC, 0xBB, 0x9C,
    0xBC, 0xBB, 0xDB, 0xFD, 0xFF, 0xDF, 0xFD, 0x02, 0x22, 0x80, 0x72, 0x0A, 0xAA, 0x03, 0x99, 0x81,
    0xCC, 0xBB, 0x02, 0x99, 0x13, 0x00, 0x82, 0xC2, 0xCC, 0x9C, 0x05, 0x99, 0x8A, 0x39, 0x83, 0xBB,
    0xDD, 0xED, 0xDE, 0xBB, 0x3B, 0x93, 0x99, 0xC9, 0x04, 0xCC, 0x83, 0xBC, 0xBE, 0xCA, 0xEE, 0x02,
    0xDD, 0x80, 0xBD, 0x02, 0xAA, 0x80, 0xDD, 0x02, 0xBB, 0x80, 0x57, 0x02, 0x22, 0x03, 0x99, 0x80,
    0x25, 0x40, 0x22, 0x05, 0x99, 0x89, 0xBC, 0xBB, 0x9C, 0xDC, 0xED, 0xEE, 0xDE, 0xDD, 0xED, 0xFF,
    0x02, 0x22, 0x80, 0x72, 0x0A, 0xAA, 0x03, 0x99, 0x81, 0xCC, 0xBB, 0x02, 0x99, 0x13, 0x00, 0x82,
    0xC2, 0xCC, 0x9C, 0x05, 0x99, 0x8A, 0x39, 0x83, 0xBB, 0xDD, 0xED, 0xDE, 0xBB, 0x3B, 0x93, 0x99,
    0xC9, 0x04, 0xCC, 0x83, 0xBC, 0xBE, 0xCA, 0xEE, 0x02, 0xDD, 0x80, 0xBD, 0x02, 0xAA, 0x80, 0xDD,
    0x02, 0xBB, 0x80, 0x57, 0x02, 0x22, 0x03, 0x99, 0x80, 0x25, 0x40, 0x22, 0x05, 0x99, 0x89, 0xBC,
    0xBB, 0x9C, 0xDC, 0xED, 0xEE, 0xDE, 0xDD, 0xED, 0xFF, 0x02, 0x22, 0x80, 0x72, 0x0A, 0xAA, 0x03,
    0x99, 0x81, 0xCC, 0xBB, 0x02, 0x99, 0x13, 0x00, 0x82, 0xC2, 0xCC, 0x9C, 0x05, 0x99, 0x8A, 0x39,
    0x83, 0xBB, 0xDD, 0xED, 0xDE, 0xBB, 0x3B, 0x93, 0x99, 0xC9, 0x04, 0xCC, 0x83, 0xBC, 0xBE, 0xCA,
    0xEE, 0x02, 0xDD, 0x80, 0xBD, 0x02, 0xAA, 0x80, 0xDD, 0x02, 0xBB, 0x80, 0x57, 0x02, 0x22, 0x03,
    0x99, 0x80, 0x25, 0x40, 0x22, 0x05, 0x99, 0x89, 0xBC, 0xBB, 0x9C, 0xDC, 0xED, 0xEE, 0xDE, 0xDD,
    0xED, 0xFF, 0x02, 0x22, 0x81, 0x52, 0x97, 0x0A, 0xAA, 0x02, 0x99, 0x83, 0xCC, 0xBB, 0xAA, 0x9A,
    0x12, 0x00, 0x83, 0x80, 0xC8, 0xCC, 0x9C, 0x05, 0x99, 0x84, 0x3C, 0xC3, 0xDB, 0xDD, 0xBD, 0x02,
    0xBB, 0x83, 0x8B, 0x98, 0x99, 0xC9, 0x04, 0xCC, 0x83, 0xBC, 0xBE, 0xCA, 0xFF, 0x02, 0xDD, 0x80,
    0xBF, 0x02, 0xAA, 0x83, 0x9B, 0x99, 0x89, 0x24, 0x02, 0x22, 0x80, 0x97, 0x02, 0x99, 0x80, 0x25,
    0x40, 0x22, 0x80, 0x75, 0x03, 0x77, 0x85, 0x99, 0xC9, 0xCC, 0x99, 0xDC, 0xED, 0x02, 0xDD, 0x82,
    0xED, 0xFE, 0xCF, 0x03, 0x22, 0x80, 0x72, 0x0A, 0xAA, 0x02, 0x99, 0x83, 0xCC, 0xFF, 0xAA, 0x9A,
    0x12, 0x00, 0x83, 0x92, 0xC9, 0xCC, 0x9C, 0x04, 0x99, 0x80, 0xB9, 0x02, 0xBB, 0x82, 0xDB, 0xDD,
    0xBD, 0x02, 0x33, 0x83, 0xC3, 0x9C, 0x99, 0xC9, 0x03, 0xCC, 0x84, 0x9C, 0xC9, 0xBD, 0xC9, 0xFB,
    0x02, 0xDD, 0x82, 0xBF, 0xAA, 0x9A, 0x07, 0x22, 0x02, 0x99, 0x80, 0x25, 0x44, 0x22, 0x80, 0x97,
    0x03, 0x99, 0x86, 0xDC, 0xDD, 0xBD, 0xDB, 0xED, 0xFF, 0x9B, 0x03, 0x22, 0x80, 0x72, 0x0A, 0xAA,
    0x02, 0x99, 0x83, 0xCC, 0xFF, 0xAA, 0x9A, 0x12, 0x00, 0x83, 0x92, 0xC9, 0xCC, 0x9C, 0x04, 0x99,
    0x80, 0xB9, 0x02, 0xBB, 0x82, 0xDB, 0xDD, 0xBD, 0x02, 0x33, 0x83, 0xC3, 0x9C, 0x99, 0xC9, 0x03,
    0xCC, 0x84, 0x9C, 0xC9, 0xBD, 0xC9, 0xFB, 0x02, 0xDD, 0x82, 0xBF, 0xAA, 0x9A, 0x07, 0x22, 0x02,
    0x99, 0x80, 0x25, 0x44, 0x22, 0x80, 0x97, 0x03, 0x99, 0x86, 0xDC, 0xDD, 0xBD, 0xDB, 0xED, 0xFF,
    0x9B, 0x03, 0x22, 0x80, 0x72, 0x0A, 0xAA, 0x02, 0x99, 0x83, 0xCC, 0xFF, 0xAA, 0x9A, 0x12, 0x00,
    0x80, 0x92, 0x02, 0xCC, 0x80, 0x9C, 0x04, 0x99, 0x80, 0xB9, 0x02, 0xBB, 0x82, 0xDB, 0xDD, 0xBD,
    0x02, 0x33, 0x83, 0xC3, 0x9C, 0x99, 0xC9, 0x03, 0xCC, 0x84, 0x9C, 0xC9, 0xBD, 0xC9, 0xFB, 0x02,
    0xDD, 0x82, 0xBF, 0xAA, 0x9A, 0x07, 0x22, 0x02, 0x99, 0x80, 0x25, 0x44, 0x22, 0x80, 0x97, 0x03,
    0x99, 0x86, 0xDC, 0xDD, 0xBD, 0xDB, 0xED, 0xFF, 0x9B, 0x03, 0x22, 0x81, 0x52, 0x97, 0x09, 0xAA,
    0x02, 0x99, 0x84, 0xCC, 0xBB, 0xCC, 0x99, 0x22, 0x11, 0x00, 0x80, 0xC2, 0x02, 0xCC, 0x80, 0x9C,
    0x04, 0x99, 0x81, 0x39, 0xB3, 0x02, 0xBB, 0x81, 0xDD, 0xBD, 0x02, 0x33, 0x83, 0xCB, 0x9C, 0x99,
    0xC9, 0x04, 0xCC, 0x83, 0xBC, 0xBD, 0xC9, 0xBC, 0x02, 0xDD, 0x82, 0xCB, 0xAA, 0x9A, 0x07, 0x22,
    0x02, 0x99, 0x80, 0x25, 0x44, 0x22, 0x80, 0x97, 0x03, 0x99, 0x86, 0xBC, 0xBB, 0xCB, 0xDB, 0xFD,
    0xBF, 0x9C, 0x04, 0x22, 0x80, 0x62, 0x09, 0xAA, 0x03, 0x99, 0x84, 0xCC, 0xBB, 0x57, 0x99, 0x02,
    0x10, 0x00, 0x82, 0xC8, 0xCC, 0x9C, 0x05, 0x99, 0x80, 0x39, 0x02, 0x33, 0x81, 0xB3, 0x3C, 0x02,
    0x33, 0x83, 0xC3, 0xCC, 0x99, 0xC9, 0x04, 0xCC, 0x89, 0xC9, 0xFB, 0xBE, 0x99, 0xC9, 0xDD, 0xBD,
    0xAA, 0xCB, 0x9A, 0x08, 0x22, 0x81, 0x99, 0x25, 0x47, 0x22, 0x80, 0x97, 0x03, 0x99, 0x83, 0xEC,
    0xBF, 0x9C, 0xA9, 0x04, 0x22, 0x80, 0x62, 0x09, 0xAA, 0x03, 0x99, 0x84, 0xCC, 0xBB, 0x57, 0x99,
    0x02, 0x10, 0x00, 0x82, 0xC8, 0xCC, 0x9C, 0x05, 0x99, 0x80, 0x39, 0x02, 0x33, 0x81, 0xB3, 0x3C,
    0x02, 0x33, 0x83, 0xC3, 0xCC, 0x99, 0xC9, 0x04, 0xCC, 0x89, 0xC9, 0xFB, 0xBE, 0x99, 0xC9, 0xDD,
    0xBD, 0xAA, 0xCB, 0x9A, 0x08, 0x22, 0x81, 0x99, 0x25, 0x47, 0x22, 0x80, 0x97, 0x03, 0x99, 0x83,
    0xEC, 0xBF, 0x9C, 0xA9, 0x04, 0x22, 0x80, 0x62, 0x09, 0xAA, 0x03, 0x99, 0x84, 0xCC, 0xBB, 0x57,
    0x99, 0x02, 0x10, 0x00, 0x82, 0xC8, 0xCC, 0x9C, 0x05, 0x99, 0x80, 0x39, 0x02, 0x33, 0x81, 0xB3,
    0x3C, 0x02, 0x33, 0x83, 0xC3, 0xCC, 0x99, 0xC9, 0x04, 0xCC, 0x89, 0xC9, 0xFB, 0xBE, 0x99, 0xC9,
    0xDD, 0xBD, 0xAA, 0xCB, 0x9A, 0x08, 0x22, 0x81, 0x99, 0x25, 0x47, 0x22, 0x80, 0x97, 0x03, 0x99,
    0x83, 0xEC, 0xBF, 0x9C, 0xA9, 0x04, 0x22, 0x82, 0x62, 0x99, 0x97, 0x08, 0xAA, 0x02, 0xC9, 0x84,
    0xCC, 0xBB, 0x89, 0x99, 0x26, 0x0F, 0x00, 0x83, 0x22, 0xC8, 0xCC, 0x9C, 0x05, 0x99, 0x80, 0x39,
    0x02, 0x33, 0x81, 0xB3, 0x3B, 0x02, 0x33, 0x83, 0xC3, 0xCC, 0x99, 0xC9, 0x03, 0xCC, 0x8A, 0x9C,
    0xC9, 0xBB, 0xCB, 0x99, 0xC9, 0xDD, 0xBD, 0xAA, 0xAC, 0x79, 0x08, 0x22, 0x81, 0x99, 0x25, 0x47,
    0x22, 0x80, 0x97, 0x03, 0x99, 0x83, 0xD9, 0xCB, 0xAC, 0xCA, 0x06, 0x22, 0x80, 0x52, 0x08, 0xAA,
    0x80, 0xBC, 0x04, 0xBB, 0x82, 0x75, 0x99, 0x02, 0x0E, 0x00, 0x80, 0xC2, 0x03, 0xCC, 0x83, 0x39,
    0xC3, 0x9C, 0x39, 0x07, 0x33, 0x80, 0x93, 0x02, 0x99, 0x80, 0xC9, 0x04, 0xCC, 0x89, 0x99, 0xC9,
    0x9B, 0x72, 0x99, 0xC9, 0xDD, 0xCB, 0xAA, 0x9A, 0x56, 0x22, 0x83, 0x95, 0x59, 0xA7, 0xDC, 0x06,
    0x22, 0x80, 0x52, 0x08, 0xAA, 0x80, 0xBC, 0x04, 0xBB, 0x82, 0x75, 0x99, 0x02, 0x0E, 0x00, 0x80,
    0xC2, 0x03, 0xCC, 0x83, 0x39, 0xC3, 0x9C, 0x39, 0x06, 0x33, 0x81, 0xB3, 0x93, 0x02, 0x99, 0x80,
    0xC9, 0x04, 0xCC, 0x89, 0x99, 0xC9, 0x9B, 0x72, 0x99, 0xC9, 0xDD, 0xCB, 0xAA, 0x9A, 0x56, 0x22,
    0x83, 0x95, 0x59, 0xA7, 0xDC, 0x06, 0x22, 0x80, 0x52, 0x08, 0xAA, 0x80, 0xBC, 0x04, 0xBB, 0x82,
    0x75, 0x99, 0x02, 0x0E, 0x00, 0x80, 0xC2, 0x03, 0xCC, 0x83, 0x39, 0xC3, 0x9C, 0x39, 0x06, 0x33,
    0x81, 0xB3, 0x93, 0x02, 0x99, 0x80, 0xC9, 0x04, 0xCC, 0x89, 0x99, 0xC9, 0x9B, 0x72, 0x99, 0xC9,
    0xDD, 0xCB, 0xAA, 0x9A, 0x56, 0x22, 0x83, 0x95, 0x59, 0xA7, 0xDC, 0x06, 0x22, 0x81, 0x52, 0x97,
    0x07, 0xAA, 0x02, 0xCC, 0x03, 0xBB, 0x82, 0x88, 0x99, 0x12, 0x0E, 0x00, 0x80, 0xC2, 0x03, 0xCC,
    0x83, 0x39, 0x93, 0x99, 0x39, 0x07, 0x33, 0x80, 0x93, 0x02, 0x99, 0x80, 0xC9, 0x03, 0xCC, 0x8A,
    0x9C, 0x99, 0xC9, 0x8C, 0x51, 0x99, 0xC9, 0xDD, 0xCB, 0xAA, 0x9A, 0x56, 0x22, 0x83, 0x95, 0x79,
    0xA7, 0xBC, 0x07, 0x22, 0x80, 0x52, 0x09, 0xAA, 0x04, 0xBB, 0x82, 0x58, 0x22, 0x01, 0x0D, 0x00,
    0x80, 0xC2, 0x02, 0xCC, 0x81, 0x9C, 0x39, 0x04, 0x33, 0x80, 0x93, 0x0D, 0x99, 0x89, 0xC9, 0xCB,
    0x4A, 0x00, 0x20, 0xC9, 0xFF, 0xCB, 0xAA, 0x9A, 0x57, 0x22, 0x80, 0x95, 0x02, 0x99, 0x07, 0x22,
    0x80, 0x52, 0x09, 0xAA, 0x04, 0xBB, 0x82, 0x58, 0x22, 0x01, 0x0D, 0x00, 0x80, 0xC2, 0x02, 0xCC,
    0x81, 0x9C, 0x39, 0x04, 0x33, 0x80, 0x93, 0x0D, 0x99, 0x89, 0xC9, 0xCB, 0x4A, 0x00, 0x20, 0xC9,
    0xFF, 0xCB, 0xAA, 0x9A, 0x57, 0x22, 0x80, 0x95, 0x02, 0x99, 0x07, 0x22, 0x80, 0x52, 0x09, 0xAA,
    0x04, 0xBB, 0x82, 0x58, 0x22, 0x01, 0x0D, 0x00, 0x80, 0xC2, 0x02, 0xCC, 0x81, 0x9C, 0x39, 0x04,
    0x33, 0x80, 0x93, 0x0D, 0x99, 0x89, 0xC9, 0xCB, 0x4A, 0x00, 0x20, 0xC9, 0xFF, 0xCB, 0xAA, 0x9A,
    0x57, 0x22, 0x80, 0x95, 0x02, 0x99, 0x07, 0x22, 0x81, 0x52, 0x97, 0x08, 0xAA, 0x80, 0xCC, 0x03,
    0xBB, 0x80, 0x89, 0x02, 0x22, 0x0D, 0x00, 0x80, 0xC2, 0x02, 0xCC, 0x81, 0x9C, 0x39, 0x04, 0x33,
    0x83, 0x93, 0x99, 0x89, 0x98, 0x0A, 0x99, 0x89, 0xC9, 0xCB, 0x49, 0x00, 0x20, 0xC9, 0xBB, 0xCB,
    0xAA, 0x79, 0x32, 0x22, 0x81, 0x12, 0x11, 0x06, 0x22, 0x80, 0x66, 0x0B, 0x55, 0x11, 0x22, 0x80,
    0x95, 0x02, 0x99, 0x08, 0x22, 0x80, 0x42, 0x09, 0xAA, 0x04, 0xBB, 0x82, 0x28, 0xA9, 0x02, 0x0C,
    0x00, 0x80, 0xC2, 0x03, 0xCC, 0x80, 0x39, 0x0A, 0x33, 0x80, 0x93, 0x06, 0x99, 0x82, 0xC9, 0xCC,
    0x8A, 0x02, 0x00, 0x84, 0x20, 0x99, 0xCC, 0xCB, 0x9A, 0x33, 0x22, 0x81, 0x02, 0x00, 0x05, 0x22,
    0x80, 0x62, 0x09, 0x99, 0x02, 0xAA, 0x81, 0x9A, 0x25, 0x11, 0x22, 0x81, 0x95, 0x9A, 0x08, 0x22,
    0x80, 0x42, 0x09, 0xAA, 0x04, 0xBB, 0x82, 0x28, 0xA9, 0x02, 0x0C, 0x00, 0x80, 0xC2, 0x03, 0xCC,
    0x80, 0x39, 0x0A, 0x33, 0x80, 0x93, 0x06, 0x99, 0x82, 0xC9, 0xCC, 0x8A, 0x02, 0x00, 0x84, 0x20,
    0x99, 0xCC, 0xCB, 0x9A, 0x33, 0x22, 0x81, 0x02, 0x00, 0x05, 0x22, 0x80, 0x62, 0x09, 0x99, 0x02,
    0xAA, 0x81, 0x9A, 0x25, 0x11, 0x22, 0x81, 0x95, 0x9A, 0x08, 0x22, 0x80, 0x42, 0x09, 0xAA, 0x04,
    0xBB, 0x82, 0x28, 0xA9, 0x02, 0x0C, 0x00, 0x80, 0xC2, 0x03, 0xCC, 0x80, 0x39, 0x0A, 0x33, 0x80,
    0x93, 0x06, 0x99, 0x82, 0xC9, 0xCC, 0x8A, 0x02, 0x00, 0x84, 0x20, 0x99, 0xCC, 0xCB, 0x9A, 0x33,
    0x22, 0x81, 0x02, 0x00, 0x05, 0x22, 0x80, 0x62, 0x09, 0x99, 0x02, 0xAA, 0x81, 0x9A, 0x25, 0x11,
    0x22, 0x81, 0x95, 0x9A, 0x08, 0x22, 0x80, 0x42, 0x09, 0xAA, 0x04, 0xBB, 0x82, 0x28, 0xA9, 0x02,
    0x0C, 0x00, 0x80, 0xC2, 0x03, 0xCC, 0x80, 0x39, 0x0A, 0x33, 0x80, 0x93, 0x06, 0x99, 0x82, 0xC9,
    0xCC, 0x8A, 0x02, 0x00, 0x84, 0x20, 0x99, 0xCC, 0xCB, 0x9A, 0x33, 0x22, 0x81, 0x02, 0x00, 0x05,
    0x22, 0x80, 0x62, 0x09, 0x99, 0x02, 0xAA, 0x81, 0x9A, 0x25, 0x11, 0x22, 0x81, 0x95, 0x9A, 0x0A,
    0x22, 0x80, 0x52, 0x09, 0xAA, 0x80, 0xFF, 0x02, 0xBB, 0x81, 0xAC, 0x24, 0x0C, 0x00, 0x84, 0x92,
    0xC9, 0xCC, 0x9C, 0x39, 0x0A, 0x33, 0x80, 0x93, 0x04, 0x99, 0x82, 0xC9, 0xCC, 0x8C, 0x04, 0x00,
    0x84, 0x20, 0x99, 0xC9, 0xCB, 0x9A, 0x31, 0x22, 0x81, 0x12, 0x10, 0x05, 0x22, 0x80, 0x52, 0x04,
    0x99, 0x84, 0xA9, 0x99, 0xAA, 0x99, 0x22, 0x07, 0x55, 0x83, 0x99, 0x9A, 0x77, 0x25, 0x0D, 0x22,
    0x80, 0xA4, 0x0A, 0x22, 0x80, 0x52, 0x09, 0xAA, 0x80, 0xFF, 0x02, 0xBB, 0x81, 0xAC, 0x24, 0x0C,
    0x00, 0x84, 0x92, 0xC9, 0xCC, 0x9C, 0x39, 0x0A, 0x33, 0x80, 0x93, 0x04, 0x99, 0x82, 0xC9, 0xCC,
    0x8C, 0x04, 0x00, 0x84, 0x20, 0x99, 0xC9, 0xCB, 0x9A, 0x31, 0x22, 0x81, 0x12, 0x10, 0x05, 0x22,
    0x80, 0x52, 0x04, 0x99, 0x84, 0xA9, 0x99, 0xAA, 0x99, 0x22, 0x07, 0x55, 0x83, 0x99, 0x9A, 0x77,
    0x25, 0x0D, 0x22, 0x80, 0xA4, 0x0A, 0x22, 0x80, 0x52, 0x09, 0xAA, 0x80, 0xFF, 0x02, 0xBB, 0x81,
    0xAC, 0x24, 0x0C, 0x00, 0x84, 0x92, 0xC9, 0xCC, 0x9C, 0x39, 0x0A, 0x33, 0x80, 0x93, 0x04, 0x99,
    0x82, 0xC9, 0xCC, 0x8C, 0x04, 0x00, 0x84, 0x20, 0x99, 0xC9, 0xCB, 0x9A, 0x31, 0x22, 0x81, 0x12,
    0x10, 0x05, 0x22, 0x80, 0x52, 0x04, 0x99, 0x84, 0xA9, 0x99, 0xAA, 0x99, 0x22, 0x07, 0x55, 0x83,
    0x99, 0x9A, 0x77, 0x25, 0x0D, 0x22, 0x80, 0xA4, 0x0A, 0x22, 0x80, 0x52, 0x09, 0xAA, 0x80, 0xFF,
    0x02, 0xBB, 0x81, 0xAC, 0x24, 0x0C, 0x00, 0x84, 0x92, 0xC9, 0xCC, 0x9C, 0x39, 0x0A, 0x33, 0x80,
    0x93, 0x04, 0x99, 0x82, 0xC9, 0xCC, 0x8C, 0x04, 0x00, 0x84, 0x20, 0x99, 0xC9, 0xCB, 0x9A, 0x31,
    0x22, 0x81, 0x12, 0x10, 0x05, 0x22, 0x80, 0x52, 0x04, 0x99, 0x84, 0xA9, 0x99, 0xAA, 0x99, 0x22,
    0x07, 0x55, 0x83, 0x99, 0x9A, 0x77, 0x25, 0x0D, 0x22, 0x80, 0xA4, 0x0C, 0x22, 0x81, 0x52, 0xA9,
    0x07, 0xAA, 0x85, 0x9A, 0xFB, 0xBB, 0xCC, 0x28, 0x22, 0x0B, 0x00, 0x84, 0xC8, 0xCC, 0x9C, 0xC9,
    0x39, 0x0A, 0x33, 0x85, 0x83, 0x08, 0x00, 0x80, 0x98, 0x89, 0x05, 0x00, 0x83, 0x20, 0x99, 0x9C,
    0x9A, 0x30, 0x22, 0x81, 0x02, 0x00, 0x04, 0x22, 0x80, 0x52, 0x06, 0x99, 0x04, 0x22, 0x0D, 0xAA,
    0x80, 0x57, 0x0A, 0x22, 0x82, 0xA4, 0xDB, 0xED, 0x0C, 0x22, 0x81, 0x52, 0xA9, 0x07, 0xAA, 0x85,
    0x9A, 0xFB, 0xBB, 0xCC, 0x28, 0x22, 0x0B, 0x00, 0x84, 0xC8, 0xCC, 0x9C, 0xC9, 0x39, 0x0A, 0x33,
    0x85, 0x83, 0x08, 0x00, 0x80, 0x98, 0x89, 0x05, 0x00, 0x83, 0x20, 0x99, 0x9C, 0x9A, 0x30, 0x22,
    0x81, 0x02, 0x00, 0x04, 0x22, 0x80, 0x52, 0x06, 0x99, 0x04, 0x22, 0x0D, 0xAA, 0x80, 0x57, 0x0A,
    0x22, 0x82, 0xA4, 0xDB, 0xED, 0x0C, 0x22, 0x81, 0x52, 0xA9, 0x07, 0xAA, 0x85, 0x9A, 0xFB, 0xBB,
    0xCC, 0x28, 0x22, 0x0B, 0x00, 0x84, 0xC8, 0xCC, 0x9C, 0xC9, 0x39, 0x0A, 0x33, 0x85, 0x83, 0x08,
    0x00, 0x80, 0x98, 0x89, 0x05, 0x00, 0x83, 0x20, 0x99, 0x9C, 0x9A, 0x30, 0x22, 0x81, 0x02, 0x00,
    0x04, 0x22, 0x80, 0x52, 0x06, 0x99, 0x04, 0x22, 0x0D, 0xAA, 0x80, 0x57, 0x0A, 0x22, 0x82, 0xA4,
    0xDB, 0xED, 0x0C, 0x22, 0x81, 0x52, 0xA9, 0x07, 0xAA, 0x85, 0x9A, 0xFB, 0xBB, 0xCC, 0x28, 0x22,
    0x0B, 0x00, 0x84, 0xC8, 0xCC, 0x9C, 0xC9, 0x39, 0x0A, 0x33, 0x85, 0x83, 0x08, 0x00, 0x80, 0x98,
    0x89, 0x05, 0x00, 0x83, 0x20, 0x99, 0x9C, 0x9A, 0x30, 0x22, 0x81, 0x02, 0x00, 0x04, 0x22, 0x80,
    0x52, 0x06, 0x99, 0x04, 0x22, 0x0D, 0xAA, 0x80, 0x57, 0x0A, 0x22, 0x82, 0xA4, 0xDB, 0xED, 0x0F,
    0x22, 0x80, 0xA9, 0x06, 0xAA, 0x80, 0xCC, 0x03, 0xBB, 0x83, 0xAC, 0x24, 0xA7, 0x04, 0x09, 0x00,
    0x84, 0xC8, 0xCC, 0x9C, 0x99, 0x39, 0x07, 0x33, 0x82, 0x83, 0x27, 0x02, 0x0A, 0x00, 0x83, 0x20,
    0x99, 0xCC, 0x9A, 0x2E, 0x22, 0x81, 0x02, 0x10, 0x05, 0x22, 0x80, 0x72, 0x04, 0x99, 0x82, 0x55,
    0x22, 0x42, 0x08, 0xAA, 0x80, 0x9A, 0x0B, 0xAA, 0x80, 0x27, 0x06, 0x22, 0x81, 0xD8, 0xED, 0x02,
    0xEE, 0x0F, 0x22, 0x80, 0xA9, 0x06, 0xAA, 0x80, 0xCC, 0x03, 0xBB, 0x83, 0xAC, 0x24, 0xA7, 0x04,
    0x09, 0x00, 0x84, 0xC8, 0xCC, 0x9C, 0x99, 0x39, 0x07, 0x33, 0x82, 0x83, 0x27, 0x02, 0x0A, 0x00,
    0x83, 0x20, 0x99, 0xCC, 0x9A, 0x2E, 0x22, 0x81, 0x02, 0x10, 0x05, 0x22, 0x80, 0x72, 0x04, 0x99,
    0x82, 0x55, 0x22, 0x42, 0x08, 0xAA, 0x80, 0x9A, 0x0B, 0xAA, 0x80, 0x27, 0x06, 0x22, 0x81, 0xD8,
    0xED, 0x02, 0xEE, 0x0F, 0x22, 0x80, 0xA9, 0x06, 0xAA, 0x80, 0xCC, 0x03, 0xBB, 0x83, 0xAC, 0x24,
    0xA7, 0x04, 0x09, 0x00, 0x84, 0xC8, 0xCC, 0x9C, 0x99, 0x39, 0x07, 0x33, 0x82, 0x83, 0x27, 0x02,
    0x0A, 0x00, 0x83, 0x20, 0x99, 0xCC, 0x9A, 0x2E, 0x22, 0x81, 0x02, 0x10, 0x05, 0x22, 0x80, 0x72,
    0x04, 0x99, 0x82, 0x55, 0x22, 0x42, 0x08, 0xAA, 0x80, 0x9A, 0x0B, 0xAA, 0x80, 0x27, 0x06, 0x22,
    0x81, 0xD8, 0xED, 0x02, 0xEE, 0x0F, 0x22, 0x80, 0xA9, 0x06, 0xAA, 0x80, 0xCC, 0x03, 0xBB, 0x83,
    0xAC, 0x24, 0xA7, 0x04, 0x09, 0x00, 0x84, 0xC8, 0xCC, 0x9C, 0x99, 0x39, 0x07, 0x33, 0x82, 0x83,
    0x27, 0x02, 0x0A, 0x00, 0x83, 0x20, 0x99, 0xCC, 0x9A, 0x2E, 0x22, 0x81, 0x02, 0x10, 0x05, 0x22,
    0x80, 0x72, 0x04, 0x99, 0x82, 0x55, 0x22, 0x42, 0x08, 0xAA, 0x80, 0x9A, 0x0B, 0xAA, 0x80, 0x27,
    0x06, 0x22, 0x81, 0xD8, 0xED, 0x02, 0xEE, 0x10, 0x22, 0x81, 0x55, 0x77, 0x06, 0xAA, 0x81, 0xCC,
    0xBC, 0x02, 0xBB, 0x82, 0xAC, 0x28, 0x01, 0x09, 0x00, 0x80, 0xC8, 0x02, 0xCC, 0x81, 0xAC, 0x9A,
    0x07, 0x99, 0x81, 0x88, 0x08, 0x0A, 0x00, 0x82, 0x20, 0xA9, 0xCB, 0x2E, 0x22, 0x81, 0x02, 0x10,
    0x05, 0x22, 0x80, 0x72, 0x02, 0x99, 0x02, 0x22, 0x80, 0x42, 0x08, 0xAA, 0x0C, 0xDD, 0x82, 0xBB,
    0xDB, 0xCB, 0x02, 0xAA, 0x80, 0x57, 0x02, 0x22, 0x82, 0xC4, 0xDB, 0xED, 0x03, 0xEE, 0x10, 0x22,
    0x81, 0x55, 0x77, 0x06, 0xAA, 0x81, 0xCC, 0xBC, 0x02, 0xBB, 0x82, 0xAC, 0x28, 0x01, 0x09, 0x00,
    0x80, 0xC8, 0x02, 0xCC, 0x81, 0xAC, 0x9A, 0x07, 0x99, 0x81, 0x88, 0x08, 0x0A, 0x00, 0x82, 0x20,
    0xA9, 0xCB, 0x2E, 0x22, 0x81, 0x02, 0x10, 0x05, 0x22, 0x80, 0x72, 0x02, 0x99, 0x02, 0x22, 0x80,
    0x42, 0x08, 0xAA, 0x0C, 0xDD, 0x82, 0xBB, 0xDB, 0xCB, 0x02, 0xAA, 0x80, 0x57, 0x02, 0x22, 0x82,
    0xC4, 0xDB, 0xED, 0x03, 0xEE, 0x10, 0x22, 0x81, 0x55, 0x77, 0x06, 0xAA, 0x81, 0xCC, 0xBC, 0x02,
    0xBB, 0x82, 0xAC, 0x28, 0x01, 0x09, 0x00, 0x80, 0xC8, 0x02, 0xCC, 0x81, 0xAC, 0x9A, 0x07, 0x99,
    0x81, 0x88, 0x08, 0x0A, 0x00, 0x82, 0x20, 0xA9, 0xCB, 0x2E, 0x22, 0x81, 0x02, 0x10, 0x05, 0x22,
    0x80, 0x72, 0x02, 0x99, 0x02, 0x22, 0x80, 0x42, 0x08, 0xAA, 0x0C, 0xDD, 0x82, 0xBB, 0xDB, 0xCB,
    0x02, 0xAA, 0x80, 0x57, 0x02, 0x22, 0x82, 0xC4, 0xDB, 0xED, 0x03, 0xEE, 0x10, 0x22, 0x81, 0x55,
    0x77, 0x06, 0xAA, 0x81, 0xCC, 0xBC, 0x02, 0xBB, 0x82, 0xAC, 0x28, 0x01, 0x09, 0x00, 0x80, 0xC8,
    0x02, 0xCC, 0x81, 0xAC, 0x9A, 0x07, 0x99, 0x81, 0x88, 0x08, 0x0A, 0x00, 0x82, 0x20, 0xA9, 0xCB,
    0x2E, 0x22, 0x81, 0x02, 0x10, 0x05, 0x22, 0x80, 0x72, 0x02, 0x99, 0x02, 0x22, 0x80, 0x42, 0x08,
    0xAA, 0x0C, 0xDD, 0x82, 0xBB, 0xDB, 0xCB, 0x02, 0xAA, 0x80, 0x57, 0x02, 0x22, 0x82, 0xC4, 0xDB,
    0xED, 0x03, 0xEE, 0x11, 0x22, 0x80, 0x75, 0x02, 0x77, 0x06, 0xAA, 0x88, 0x99, 0xBC, 0xBB, 0xCB,
    0xA9, 0x14, 0x11, 0x96, 0x02, 0x05, 0x00, 0x82, 0x20, 0x82, 0xC8, 0x08, 0xCC, 0x80, 0x8C, 0x0B,
    0x00, 0x83, 0x20, 0x99, 0xCC, 0xCB, 0x2C, 0x22, 0x83, 0x02, 0x00, 0x10, 0x21, 0x06, 0x22, 0x02,
    0x55, 0x80, 0x42, 0x02, 0x99, 0x04, 0xAA, 0x03, 0xBB, 0x80, 0xDD, 0x0C, 0xEE, 0x02, 0xDD, 0x87,
    0xBD, 0xBB, 0xAC, 0x9A, 0x99, 0xB9, 0xDB, 0xED, 0x02, 0xEE, 0x02, 0xFF, 0x11, 0x22, 0x03, 0x55,
    0x06, 0xAA, 0x81, 0x99, 0xBC, 0x02, 0xBB, 0x84, 0xAC, 0x24, 0x22, 0xA7, 0x04, 0x07, 0x00, 0x80,
    0xC8, 0x08, 0xCC, 0x80, 0x2C, 0x0B, 0x00, 0x83, 0x80, 0x99, 0xBC, 0xCB, 0x2C, 0x22, 0x82, 0x02,
    0x00, 0x10, 0x09, 0x22, 0x80, 0x42, 0x06, 0xAA, 0x03, 0xDD, 0x0D, 0xEE, 0x80, 0xDE, 0x03, 0xDD,
    0x80, 0xAC, 0x02, 0xAA, 0x80, 0xEC, 0x04, 0xEE, 0x02, 0xFF, 0x11, 0x22, 0x03, 0x55, 0x06, 0xAA,
    0x81, 0x99, 0xBC, 0x02, 0xBB, 0x84, 0xAC, 0x24, 0x22, 0xA7, 0x04, 0x07, 0x00, 0x80, 0xC8, 0x08,
    0xCC, 0x80, 0x2C, 0x0B, 0x00, 0x83, 0x20, 0x99, 0xBC, 0xCB, 0x2C, 0x22, 0x82, 0x02, 0x00, 0x10,
    0x09, 0x22, 0x80, 0x42, 0x06, 0xAA, 0x03, 0xDD, 0x0D, 0xEE, 0x80, 0xDE, 0x03, 0xDD, 0x80, 0xAC,
    0x02, 0xAA, 0x80, 0xEC, 0x04, 0xEE, 0x02, 0xFF, 0x11, 0x22, 0x03, 0x55, 0x06, 0xAA, 0x81, 0x99,
    0xBC, 0x02, 0xBB, 0x84, 0xAC, 0x24, 0x22, 0xA7, 0x04, 0x07, 0x00, 0x80, 0xC8, 0x08, 0xCC, 0x80,
    0x2C, 0x0B, 0x00, 0x83, 0x20, 0x99, 0xBC, 0xCB, 0x2C, 0x22, 0x82, 0x02, 0x00, 0x10, 0x09, 0x22,
    0x80, 0x42, 0x06, 0xAA, 0x03, 0xDD, 0x0D, 0xEE, 0x80, 0xDE, 0x03, 0xDD, 0x80, 0xAC, 0x02, 0xAA,
    0x80, 0xEC, 0x04, 0xEE, 0x02, 0xFF, 0x05, 0x22, 0x81, 0x55, 0x22, 0x04, 0x55, 0x80, 0x22, 0x08,
    0x55, 0x03, 0x77, 0x08, 0xAA, 0x86, 0x7A, 0xC9, 0x99, 0x14, 0x11, 0x21, 0x01, 0x04, 0x00, 0x82,
    0x20, 0x22, 0x82, 0x05, 0x88, 0x81, 0x28, 0x02, 0x0A, 0x00, 0x85, 0x11, 0x21, 0x65, 0x88, 0x99,
    0x8A, 0x2A, 0x22, 0x80, 0x02, 0x02, 0x00, 0x80, 0x21, 0x07, 0x22, 0x82, 0x42, 0x99, 0x97, 0x03,
    0xAA, 0x03, 0xBB, 0x80, 0xDE, 0x09, 0xCC, 0x80, 0xEF, 0x03, 0xCC, 0x80, 0xED, 0x03, 0xEE, 0x02,
    0xDD, 0x83, 0xBD, 0xBB, 0xCB, 0xEB, 0x02, 0xEE, 0x83, 0xFF, 0xBB, 0xFB, 0xDF, 0x05, 0x22, 0x81,
    0x55, 0x22, 0x04, 0x55, 0x80, 0x22, 0x0B, 0x55, 0x80, 0xA9, 0x08, 0xAA, 0x85, 0xCA, 0x79, 0x24,
    0x22, 0x52, 0x02, 0x18, 0x00, 0x03, 0x22, 0x82, 0x52, 0x97, 0xAA, 0x2A, 0x22, 0x82, 0x02, 0x00,
    0x10, 0x08, 0x22, 0x80, 0x72, 0x05, 0xAA, 0x03, 0xDD, 0x81, 0xBE, 0x99, 0x08, 0xCC, 0x81, 0xEF,
    0x9C, 0x02, 0x99, 0x80, 0xED, 0x03, 0xEE, 0x80, 0xDE, 0x03, 0xDD, 0x81, 0xCB, 0xEB, 0x02, 0xEE,
    0x83, 0xFF, 0xCB, 0xFC, 0xDF, 0x05, 0x22, 0x81, 0x55, 0x22, 0x04, 0x55, 0x80, 0x22, 0x0B, 0x55,
    0x80, 0xA9, 0x08, 0xAA, 0x85, 0xCA, 0x79, 0x24, 0x22, 0x52, 0x02, 0x18, 0x00, 0x03, 0x22, 0x82,
    0x52, 0x97, 0xAA, 0x2A, 0x22, 0x82, 0x02, 0x00, 0x10, 0x08, 0x22, 0x80, 0x72, 0x05, 0xAA, 0x03,
    0xDD, 0x81, 0xBE, 0x99, 0x08, 0xCC, 0x81, 0xEF, 0x9C, 0x02, 0x99, 0x80, 0xED, 0x03, 0xEE, 0x80,
    0xDE, 0x03, 0xDD, 0x81, 0xCB, 0xEB, 0x02, 0xEE, 0x83, 0xFF, 0xCB, 0xFC, 0xDF, 0x05, 0x22, 0x81,
    0x55, 0x22, 0x04, 0x55, 0x80, 0x22, 0x0B, 0x55, 0x80, 0xA9, 0x08, 0xAA, 0x85, 0xCA, 0x79, 0x24,
    0x22, 0x52, 0x02, 0x18, 0x00, 0x03, 0x22, 0x82, 0x52, 0x97, 0xAA, 0x2A, 0x22, 0x82, 0x02, 0x00,
    0x10, 0x08, 0x22, 0x80, 0x72, 0x05, 0xAA, 0x03, 0xDD, 0x81, 0xBE, 0x99, 0x08, 0xCC, 0x81, 0xEF,
    0x9C, 0x02, 0x99, 0x80, 0xED, 0x03, 0xEE, 0x80, 0xDE, 0x03, 0xDD, 0x81, 0xCB, 0xEB, 0x02, 0xEE,
    0x83, 0xFF, 0xCB, 0xFC, 0xDF, 0x17, 0x55, 0x04, 0x77, 0x80, 0xA9, 0x05, 0xAA, 0x80, 0x9A, 0x02,
    0xCC, 0x81, 0xAC, 0x14, 0x03, 0x11, 0x81, 0x72, 0x05, 0x0E, 0x00, 0x80, 0x10, 0x04, 0x11, 0x04,
    0x22, 0x82, 0x42, 0x44, 0x55, 0x28, 0x22, 0x80, 0x02, 0x02, 0x00, 0x80, 0x10, 0x07, 0x22, 0x81,
    0x52, 0xA7, 0x02, 0xAA, 0x81, 0xCC, 0xCB, 0x05, 0xCC, 0x80, 0x8C, 0x03, 0xBB, 0x05, 0xCC, 0x81,
    0xBC, 0xCC, 0x02, 0x99, 0x81, 0xCC, 0xEB, 0x06, 0xEE, 0x87, 0xCB, 0xBC, 0xEB, 0xEE, 0xFE, 0xBF,
    0xFB, 0xFF, 0x1B, 0x55, 0x80, 0xA7, 0x05, 0xAA, 0x84, 0x9A, 0xBC, 0xBB, 0xAB, 0x2A, 0x03, 0x22,
    0x81, 0xA5, 0x07, 0x0E, 0x00, 0x80, 0x10, 0x0A, 0x22, 0x80, 0x55, 0x28, 0x22, 0x80, 0x02, 0x02,
    0x00, 0x80, 0x10, 0x07, 0x22, 0x80, 0x72, 0x03, 0xAA, 0x81, 0xBB, 0xBF, 0x05, 0xCC, 0x04, 0xBB,
    0x06, 0xCC, 0x81, 0xBB, 0x9C, 0x02, 0x99, 0x80, 0xEB, 0x06, 0xEE, 0x82, 0xCB, 0xCC, 0xEB, 0x02,
    0xEE, 0x03, 0xFF, 0x1B, 0x55, 0x80, 0xA7, 0x05, 0xAA, 0x84, 0x9A, 0xBC, 0xBB, 0xAB, 0x2A, 0x03,
    0x22, 0x81, 0xA5, 0x07, 0x0E, 0x00, 0x80, 0x10, 0x0A, 0x22, 0x80, 0x55, 0x28, 0x22, 0x80, 0x02,
    0x02, 0x00, 0x80, 0x10, 0x07, 0x22, 0x80, 0x72, 0x03, 0xAA, 0x81, 0xBB, 0xBF, 0x05, 0xCC, 0x04,
    0xBB, 0x06, 0xCC, 0x81, 0xBB, 0x9C, 0x02, 0x99, 0x80, 0xEB, 0x06, 0xEE, 0x82, 0xCB, 0xCC, 0xEB,
    0x02, 0xEE, 0x03, 0xFF, 0x1B, 0x55, 0x80, 0xA7, 0x05, 0xAA, 0x84, 0x9A, 0xBC, 0xBB, 0xAB, 0x2A,
    0x03, 0x22, 0x81, 0xA5, 0x07, 0x0E, 0x00, 0x80, 0x10, 0x0A, 0x22, 0x80, 0x55, 0x28, 0x22, 0x80,
    0x02, 0x02, 0x00, 0x80, 0x10, 0x07, 0x22, 0x80, 0x72, 0x03, 0xAA, 0x81, 0xBB, 0xBF, 0x05, 0xCC,
    0x04, 0xBB, 0x06, 0xCC, 0x81, 0xBB, 0x9C, 0x02, 0x99, 0x80, 0xEB, 0x06, 0xEE, 0x82, 0xCB, 0xCC,
    0xEB, 0x02, 0xEE, 0x03, 0xFF, 0x1B, 0x55, 0x06, 0x77, 0x80, 0xA9, 0x03, 0xAA, 0x85, 0x7A, 0x77,
    0x99, 0xC9, 0xAA, 0x17, 0x0E, 0x11, 0x81, 0x41, 0x47, 0x32, 0x22, 0x83, 0x02, 0x10, 0x12, 0x21,
    0x05, 0x22, 0x87, 0x62, 0x99, 0xA7, 0xCC, 0x99, 0xAA, 0xCA, 0xBF, 0x02, 0xCC, 0x81, 0x9C, 0x88,
    0x05, 0xBB, 0x80, 0xCC, 0x03, 0x99, 0x02, 0xCC, 0x80, 0xBB, 0x03, 0x99, 0x81, 0xBC, 0xEB, 0x04,
    0xEE, 0x80, 0xDE, 0x02, 0xDD, 0x80, 0xED, 0x02, 0xEE, 0x03, 0xFF, 0x21, 0x55, 0x80, 0xA7, 0x05,
    0xAA, 0x83, 0xCA, 0xBC, 0xAC, 0x29, 0x0E, 0x22, 0x81, 0x72, 0x47, 0x32, 0x22, 0x82, 0x02, 0x20,
    0x25, 0x06, 0x22, 0x80, 0x72, 0x02, 0xAA, 0x84, 0xCB, 0x9C, 0xA9, 0xCA, 0xBF, 0x03, 0x99, 0x80,
    0x89, 0x03, 0x33, 0x82, 0xBB, 0x33, 0x98, 0x04, 0x99, 0x81, 0xCC, 0xBC, 0x03, 0x99, 0x81, 0xAA,
    0xEB, 0x04, 0xEE, 0x80, 0xDE, 0x02, 0xDD, 0x03, 0xEE, 0x03, 0xFF, 0x21, 0x55, 0x80, 0xA7, 0x05,
    0xAA, 0x83, 0xCA, 0xBC, 0xAC, 0x29, 0x0E, 0x22, 0x81, 0x72, 0x47, 0x32, 0x22, 0x82, 0x02, 0x20,
    0x25, 0x06, 0x22, 0x80, 0x72, 0x02, 0xAA, 0x84, 0xCB, 0x9C, 0xA9, 0xCA, 0xBF, 0x03, 0x99, 0x80,
    0x89, 0x02, 0x33, 0x83, 0xB3, 0xBB, 0x33, 0x98, 0x04, 0x99, 0x81, 0xCC, 0xBC, 0x03, 0x99, 0x81,
    0xAA, 0xEB, 0x04, 0xEE, 0x80, 0xDE, 0x02, 0xDD, 0x03, 0xEE, 0x03, 0xFF, 0x21, 0x55, 0x80, 0xA7,
    0x05, 0xAA, 0x83, 0xCA, 0xBC, 0xAC, 0x29, 0x0E, 0x22, 0x81, 0x72, 0x47, 0x32, 0x22, 0x82, 0x02,
    0x20, 0x25, 0x06, 0x22, 0x80, 0x72, 0x02, 0xAA, 0x84, 0xCB, 0x9C, 0xA9, 0xCA, 0xBF, 0x03, 0x99,
    0x80, 0x89, 0x02, 0x33, 0x83, 0xB3, 0xBB, 0x33, 0x98, 0x04, 0x99, 0x81, 0xCC, 0xBC, 0x03, 0x99,
    0x81, 0xAA, 0xEB, 0x04, 0xEE, 0x80, 0xDE, 0x02, 0xDD, 0x03, 0xEE, 0x03, 0xFF, 0x21, 0x55, 0x06,
    0x77, 0x85, 0x97, 0x99, 0x79, 0x24, 0x72, 0x27, 0x0C, 0x22, 0x81, 0x42, 0x44, 0x31, 0x22, 0x82,
    0x12, 0x00, 0x10, 0x06, 0x22, 0x83, 0x52, 0x97, 0xAA, 0x9A, 0x02, 0x88, 0x82, 0x99, 0xCA, 0xCC,
    0x02, 0x99, 0x02, 0x88, 0x02, 0xBB, 0x80, 0x33, 0x02, 0xBB, 0x80, 0xCC, 0x04, 0x99, 0x82, 0xAA,
    0xCC, 0x58, 0x02, 0x99, 0x81, 0xAA, 0xEB, 0x05, 0xEE, 0x02, 0xDD, 0x81, 0xED, 0xBD, 0x02, 0xBB,
    0x81, 0xCB, 0xBB, 0x23, 0x55, 0x81, 0x25, 0x52, 0x04, 0x55, 0x83, 0x25, 0x22, 0xA4, 0x2A, 0x3F,
    0x22, 0x82, 0x01, 0x00, 0x10, 0x06, 0x22, 0x87, 0x72, 0xAA, 0xAC, 0x79, 0x02, 0x10, 0x97, 0xCC,
    0x03, 0x99, 0x83, 0x33, 0xB3, 0xBC, 0xFF, 0x02, 0x33, 0x81, 0xBB, 0xCC, 0x04, 0x99, 0x82, 0xAA,
    0xCC, 0x08, 0x02, 0x99, 0x83, 0xAA, 0xEB, 0xEE, 0xDE, 0x03, 0xEE, 0x87, 0xDE, 0xDD, 0xED, 0xAD,
    0xCA, 0xCC, 0xAC, 0xBC, 0x23, 0x55, 0x81, 0x25, 0x52, 0x04, 0x55, 0x83, 0x25, 0x22, 0xA4, 0x2A,
    0x3F, 0x22, 0x82, 0x01, 0x00, 0x10, 0x06, 0x22, 0x87, 0x72, 0xAA, 0xAC, 0x79, 0x02, 0x10, 0x97,
    0xCC, 0x03, 0x99, 0x83, 0x33, 0xB3, 0xBC, 0xFF, 0x02, 0x33, 0x81, 0xBB, 0xCC, 0x04, 0x99, 0x82,
    0xAA, 0xCC, 0x08, 0x02, 0x99, 0x83, 0xAA, 0xEB, 0xEE, 0xDE, 0x03, 0xEE, 0x87, 0xDE, 0xDD, 0xED,
    0xAD, 0xCA, 0xCC, 0xAC, 0xBC, 0x23, 0x55, 0x81, 0x25, 0x52, 0x04, 0x55, 0x83, 0x25, 0x22, 0xA4,
    0x2A, 0x3F, 0x22, 0x82, 0x01, 0x00, 0x10, 0x06, 0x22, 0x87, 0x72, 0xAA, 0xAC, 0x79, 0x02, 0x10,
    0x97, 0xCC, 0x03, 0x99, 0x83, 0x33, 0xB3, 0xBC, 0xFF, 0x02, 0x33, 0x81, 0xBB, 0xCC, 0x04, 0x99,
    0x82, 0xAA, 0xCC, 0x08, 0x02, 0x99, 0x83, 0xAA, 0xEB, 0xEE, 0xDE, 0x03, 0xEE, 0x87, 0xDE, 0xDD,
    0xED, 0xAD, 0xCA, 0xCC, 0xAC, 0xBC, 0x23, 0x55, 0x80, 0x25, 0x03, 0x55, 0x81, 0x77, 0x27, 0x02,
    0x22, 0x81, 0x72, 0x27, 0x03, 0x22, 0x81, 0x52, 0x25, 0x39, 0x22, 0x83, 0x12, 0x01, 0x10, 0x24,
    0x05, 0x22, 0x84, 0x82, 0x98, 0x9A, 0x88, 0x25, 0x02, 0x00, 0x80, 0x81, 0x03, 0x99, 0x81, 0xCC,
    0x33, 0x02, 0xBB, 0x80, 0xFF, 0x03, 0x33, 0x80, 0xCC, 0x04, 0x99, 0x8A, 0xCC, 0x89, 0x02, 0x55,
    0x99, 0xAA, 0xFB, 0xEF, 0xDE, 0xDD, 0xED, 0x04, 0xEE, 0x80, 0xBD, 0x02, 0xBB, 0x81, 0xCB, 0xBB,
    0x27, 0x55, 0x81, 0xA7, 0x29, 0x07, 0x22, 0x81, 0x72, 0x27, 0x39, 0x22, 0x83, 0x02, 0x00, 0x70,
    0x4A, 0x05, 0x22, 0x82, 0x92, 0xAC, 0x59, 0x05, 0x00, 0x85, 0x97, 0x99, 0xC9, 0xCC, 0x33, 0xBC,
    0x02, 0xFF, 0x03, 0x33, 0x05, 0x99, 0x81, 0xBC, 0x08, 0x02, 0x00, 0x86, 0x99, 0xAA, 0xFB, 0xEF,
    0xDE, 0xBD, 0xED, 0x07, 0xEE, 0x02, 0xFF, 0x27, 0x55, 0x81, 0xA7, 0x29, 0x07, 0x22, 0x81, 0x72,
    0x27, 0x39, 0x22, 0x83, 0x02, 0x00, 0x70, 0x4A, 0x05, 0x22, 0x82, 0x92, 0xAC, 0x59, 0x05, 0x00,
    0x85, 0x97, 0x99, 0xC9, 0xCC, 0x33, 0xBC, 0x02, 0xFF, 0x03, 0x33, 0x05, 0x99, 0x81, 0xBC, 0x08,
    0x02, 0x00, 0x86, 0x99, 0xAA, 0xFB, 0xEF, 0xDE, 0xBD, 0xED, 0x07, 0xEE, 0x02, 0xFF, 0x27, 0x55,
    0x81, 0xA7, 0x29, 0x07, 0x22, 0x81, 0x72, 0x27, 0x39, 0x22, 0x83, 0x02, 0x00, 0x70, 0x4A, 0x05,
    0x22, 0x82, 0x92, 0xAC, 0x59, 0x05, 0x00, 0x85, 0x97, 0x99, 0xC9, 0xCC, 0x33, 0xBC, 0x02, 0xFF,
    0x03, 0x33, 0x05, 0x99, 0x81, 0xBC, 0x08, 0x02, 0x00, 0x86, 0x99, 0xAA, 0xFB, 0xEF, 0xDE, 0xBD,
    0xED, 0x07, 0xEE, 0x02, 0xFF, 0x80, 0x75, 0x04, 0x77, 0x22, 0x55, 0x81, 0x77, 0x27, 0x07, 0x22,
    0x81, 0x52, 0x25, 0x39, 0x22, 0x83, 0x02, 0x00, 0x40, 0x27, 0x03, 0x22, 0x84, 0x42, 0x77, 0x87,
    0x88, 0x25, 0x02, 0x00, 0x80, 0x20, 0x02, 0x88, 0x03, 0x99, 0x81, 0x89, 0x33, 0x03, 0xBB, 0x02,
    0x33, 0x80, 0x88, 0x05, 0x99, 0x81, 0xBC, 0x08, 0x02, 0x00, 0x81, 0x99, 0xBC, 0x03, 0xBB, 0x81,
    0xDB, 0xED, 0x07, 0xEE, 0x02, 0xFF, 0x80, 0x75, 0x04, 0x77, 0x23, 0x55, 0x80, 0x25, 0x42, 0x22,
    0x82, 0x02, 0x00, 0x10, 0x04, 0x22, 0x82, 0x92, 0xAA, 0x59, 0x04, 0x00, 0x82, 0x80, 0xCC, 0x9C,
    0x03, 0x99, 0x80, 0x38, 0x06, 0x33, 0x05, 0x99, 0x02, 0xCC, 0x80, 0x08, 0x02, 0x00, 0x86, 0x99,
    0xFC, 0xCB, 0xCC, 0xAA, 0xDB, 0xDD, 0x07, 0xEE, 0x02, 0xFF, 0x80, 0x75, 0x04, 0x77, 0x23, 0x55,
    0x80, 0x25, 0x42, 0x22, 0x82, 0x02, 0x00, 0x10, 0x04, 0x22, 0x82, 0x92, 0xAA, 0x59, 0x04, 0x00,
    0x82, 0x80, 0xCC, 0x9C, 0x03, 0x99, 0x80, 0x38, 0x06, 0x33, 0x05, 0x99, 0x02, 0xCC, 0x80, 0x08,
    0x02, 0x00, 0x86, 0x99, 0xFC, 0xCB, 0xCC, 0xAA, 0xDB, 0xDD, 0x07, 0xEE, 0x02, 0xFF, 0x80, 0x75,
    0x04, 0x77, 0x23, 0x55, 0x80, 0x25, 0x42, 0x22, 0x82, 0x02, 0x00, 0x10, 0x04, 0x22, 0x82, 0x92,
    0xAA, 0x59, 0x04, 0x00, 0x82, 0x80, 0xCC, 0x9C, 0x03, 0x99, 0x80, 0x38, 0x06, 0x33, 0x05, 0x99,
    0x02, 0xCC, 0x80, 0x08, 0x02, 0x00, 0x86, 0x99, 0xFC, 0xCB, 0xCC, 0xAA, 0xDB, 0xDD, 0x07, 0xEE,
    0x02, 0xFF, 0x80, 0x98, 0x04, 0x99, 0x81, 0x78, 0x77, 0x1F, 0x55, 0x82, 0x75, 0x57, 0x25, 0x42,
    0x22, 0x82, 0x02, 0x00, 0x10, 0x03, 0x22, 0x83, 0x82, 0x98, 0x9A, 0x29, 0x04, 0x00, 0x81, 0x80,
    0xCC, 0x04, 0x99, 0x80, 0x88, 0x05, 0x33, 0x80, 0x88, 0x05, 0x99, 0x02, 0xCC, 0x80, 0x02, 0x02,
    0x00, 0x80, 0xA9, 0x02, 0xCC, 0x84, 0xBC, 0xCC, 0xDB, 0xDD, 0xED, 0x06, 0xEE, 0x82, 0xBF, 0xFF,
    0xBC, 0x02, 0xBB, 0x83, 0xCB, 0xCC, 0xCB, 0x9A, 0x1F, 0x55, 0x81, 0xA7, 0x29, 0x43, 0x22, 0x82,
    0x02, 0x00, 0x10, 0x03, 0x22, 0x82, 0xC2, 0x9C, 0x29, 0x05, 0x00, 0x83, 0x80, 0xCC, 0x99, 0x9C,
    0x02, 0x33, 0x80, 0x99, 0x04, 0x33, 0x06, 0x99, 0x02, 0xCC, 0x80, 0x08, 0x03, 0x00, 0x87, 0xA9,
    0xAA, 0x9A, 0xFC, 0xEF, 0xEE, 0xCB, 0xEB, 0x06, 0xEE, 0x80, 0xCD, 0x02, 0xBC, 0x02, 0xBB, 0x83,
    0xCB, 0xCC, 0xCB, 0x9A, 0x1F, 0x55, 0x81, 0xA7, 0x29, 0x43, 0x22, 0x82, 0x02, 0x00, 0x10, 0x03,
    0x22, 0x82, 0xC2, 0x9C, 0x29, 0x05, 0x00, 0x83, 0x80, 0xCC, 0x99, 0x9C, 0x02, 0x33, 0x80, 0x99,
    0x04, 0x33, 0x06, 0x99, 0x02, 0xCC, 0x80, 0x08, 0x03, 0x00, 0x87, 0xA9, 0xAA, 0x9A, 0xFC, 0xEF,
    0xEE, 0xCB, 0xEB, 0x06, 0xEE, 0x80, 0xCD, 0x02, 0xBC, 0x02, 0xBB, 0x83, 0xCB, 0xCC, 0xCB, 0x9A,
    0x1F, 0x55, 0x81, 0xA7, 0x29, 0x43, 0x22, 0x82, 0x02, 0x00, 0x10, 0x03, 0x22, 0x82, 0xC2, 0x9C,
    0x29, 0x05, 0x00, 0x83, 0x80, 0xCC, 0x99, 0x9C, 0x02, 0x33, 0x80, 0x99, 0x04, 0x33, 0x06, 0x99,
    0x02, 0xCC, 0x80, 0x08, 0x03, 0x00, 0x87, 0xA9, 0xAA, 0x9A, 0xFC, 0xEF, 0xEE, 0xCB, 0xEB, 0x06,
    0xEE, 0x81, 0xCD, 0xBB, 0x02, 0xCC, 0x02, 0xBB, 0x83, 0xCC, 0xCB, 0x9A, 0x78, 0x02, 0x77, 0x80,
    0x57, 0x1B, 0x55, 0x81, 0x97, 0x29, 0x43, 0x22, 0x88, 0x02, 0x00, 0x10, 0x22, 0x52, 0x55, 0x95,
    0x9C, 0x29, 0x05, 0x00, 0x83, 0x92, 0xCC, 0x99, 0x89, 0x02, 0x33, 0x80, 0x89, 0x04, 0x33, 0x06,
    0x99, 0x02, 0xCC, 0x80, 0x02, 0x02, 0x00, 0x8B, 0x22, 0xA9, 0xAA, 0x9A, 0xFC, 0xFF, 0xEE, 0xBD,
    0xED, 0xEE, 0xDD, 0xED, 0x03, 0xEE, 0x84, 0xCD, 0xBC, 0x97, 0xC9, 0xBC, 0x02, 0xDD, 0x80, 0xBB,
    0x02, 0xCC, 0x80, 0xAA, 0x02, 0x77, 0x1B, 0x55, 0x81, 0x77, 0x27, 0x43, 0x22, 0x87, 0x02, 0x00,
    0x10, 0x22, 0x72, 0x9A, 0x99, 0x29, 0x05, 0x00, 0x83, 0x60, 0xCA, 0xCC, 0x99, 0x04, 0x33, 0x82,
    0x82, 0xAA, 0x99, 0x02, 0x33, 0x80, 0xCC, 0x04, 0x99, 0x81, 0xCC, 0x08, 0x03, 0x00, 0x81, 0xA9,
    0x9A, 0x02, 0xAA, 0x82, 0xFC, 0xFF, 0xEF, 0x03, 0xEE, 0x81, 0xAB, 0xEC, 0x03, 0xEE, 0x84, 0xBF,
    0xBB, 0x97, 0xC9, 0xBC, 0x02, 0xDD, 0x80, 0xBB, 0x02, 0xCC, 0x80, 0xAA, 0x02, 0x77, 0x1B, 0x55,
    0x81, 0x77, 0x27, 0x43, 0x22, 0x87, 0x02, 0x00, 0x10, 0x22, 0x72, 0x9A, 0x99, 0x29, 0x05, 0x00,
    0x83, 0x60, 0xCA, 0xCC, 0x99, 0x04, 0x33, 0x82, 0x82, 0xAA, 0x99, 0x02, 0x33, 0x80, 0xCC, 0x04,
    0x99, 0x81, 0xCC, 0x08, 0x03, 0x00, 0x81, 0xA9, 0x9A, 0x02, 0xAA, 0x82, 0xFC, 0xFF, 0xEF, 0x03,
    0xEE, 0x81, 0xAB, 0xEC, 0x03, 0xEE, 0x84, 0xBF, 0xBB, 0x97, 0xC9, 0xBC, 0x02, 0xDD, 0x80, 0xBB,
    0x02, 0xCC, 0x80, 0xAA, 0x02, 0x77, 0x1B, 0x55, 0x81, 0x77, 0x27, 0x43, 0x22, 0x87, 0x02, 0x00,
    0x10, 0x22, 0x72, 0x9A, 0x99, 0x29, 0x05, 0x00, 0x83, 0x60, 0xCA, 0xCC, 0x99, 0x04, 0x33, 0x82,
    0x82, 0xAA, 0x99, 0x02, 0x33, 0x80, 0xCC, 0x04, 0x99, 0x81, 0xCC, 0x08, 0x03, 0x00, 0x81, 0xA9,
    0x9A, 0x02, 0xAA, 0x82, 0xFC, 0xFF, 0xEF, 0x03, 0xEE, 0x81, 0xAB, 0xEC, 0x03, 0xEE, 0x84, 0xBF,
    0xBB, 0x97, 0x99, 0xBC, 0x03, 0xBB, 0x86, 0xBC, 0xCB, 0xAA, 0x99, 0x79, 0x77, 0x57, 0x18, 0x55,
    0x82, 0x75, 0x77, 0x25, 0x43, 0x22, 0x87, 0x02, 0x00, 0x10, 0x22, 0x72, 0x77, 0x97, 0x29, 0x05,
    0x00, 0x83, 0x60, 0xCA, 0xCC, 0x99, 0x04, 0x33, 0x82, 0x22, 0x77, 0x89, 0x02, 0x33, 0x06, 0x99,
    0x80, 0x02, 0x03, 0x00, 0x80, 0xA9, 0x02, 0xAA, 0x83, 0xCA, 0xFB, 0xFF, 0xEF, 0x03, 0xEE, 0x81,
    0xCB, 0xEB, 0x03, 0xEE, 0x81, 0xBF, 0xBB, 0x02, 0x77, 0x82, 0x97, 0x99, 0xCC, 0x03, 0xDD, 0x84,
    0xCB, 0xCC, 0xAA, 0x9A, 0x77, 0x18, 0x55, 0x81, 0xA7, 0x29, 0x44, 0x22, 0x82, 0x02, 0x00, 0x10,
    0x04, 0x22, 0x80, 0x12, 0x05, 0x00, 0x83, 0x70, 0xCA, 0xCC, 0x99, 0x0A, 0x33, 0x83, 0x87, 0x88,
    0x77, 0xC9, 0x05, 0x00, 0x80, 0xA7, 0x02, 0xAA, 0x81, 0xFC, 0xEF, 0x0A, 0xEE, 0x81, 0xBF, 0xCB,
    0x02, 0x77, 0x82, 0x97, 0x99, 0xCC, 0x03, 0xDD, 0x84, 0xCB, 0xCC, 0xAA, 0x9A, 0x77, 0x18, 0x55,
    0x81, 0xA7, 0x29, 0x44, 0x22, 0x82, 0x02, 0x00, 0x10, 0x04, 0x22, 0x80, 0x12, 0x05, 0x00, 0x83,
    0x70, 0xCA, 0xCC, 0x99, 0x0A, 0x33, 0x83, 0x87, 0x88, 0x77, 0xC9, 0x05, 0x00, 0x80, 0xA7, 0x02,
    0xAA, 0x81, 0xFC, 0xEF, 0x0A, 0xEE, 0x81, 0xBF, 0xCB, 0x02, 0x77, 0x82, 0x97, 0x99, 0xCC, 0x03,
    0xDD, 0x84, 0xCB, 0xCC, 0xAA, 0x9A, 0x77, 0x18, 0x55, 0x81, 0xA7, 0x29, 0x44, 0x22, 0x82, 0x02,
    0x00, 0x10, 0x04, 0x22, 0x80, 0x12, 0x05, 0x00, 0x83, 0x40, 0xCA, 0xCC, 0x99, 0x0A, 0x33, 0x83,
    0x87, 0x88, 0x77, 0xC9, 0x05, 0x00, 0x80, 0xA7, 0x02, 0xAA, 0x81, 0xFC, 0xEF, 0x0A, 0xEE, 0x81,
    0xBF, 0xCB, 0x02, 0x77, 0x82, 0x97, 0x99, 0xC9, 0x02, 0xBB, 0x81, 0xBD, 0xBB, 0x02, 0xCC, 0x81,
    0x9A, 0x99, 0x04, 0x77, 0x14, 0x55, 0x81, 0x97, 0x29, 0x44, 0x22, 0x82, 0x02, 0x10, 0x21, 0x04,
    0x22, 0x80, 0x12, 0x05, 0x00, 0x83, 0x40, 0x99, 0xCC, 0x99, 0x0A, 0x33, 0x02, 0x88, 0x81, 0x65,
    0x88, 0x04, 0x00, 0x81, 0x11, 0xA7, 0x02, 0xAA, 0x81, 0xFC, 0xFF, 0x0A, 0xEE, 0x81, 0xFF, 0xCB,
    0x05, 0x77, 0x82, 0x97, 0xC9, 0xBB, 0x02, 0xDD, 0x83, 0xBB, 0xCC, 0xCB, 0xAA, 0x03, 0x77, 0x14,
    0x55, 0x81, 0x77, 0x27, 0x44, 0x22, 0x82, 0x02, 0x50, 0x57, 0x04, 0x22, 0x80, 0x12, 0x06, 0x00,
    0x80, 0x80, 0x02, 0xCC, 0x80, 0x89, 0x09, 0x33, 0x08, 0x00, 0x83, 0xA7, 0xAA, 0x9A, 0xDB, 0x02,
    0xFF, 0x80, 0xEF, 0x09, 0xEE, 0x81, 0xFF, 0x9B, 0x05, 0x77, 0x82, 0x97, 0xC9, 0xBB, 0x02, 0xDD,
    0x83, 0xBB, 0xCC, 0xCB, 0xAA, 0x03, 0x77, 0x14, 0x55, 0x81, 0x77, 0x27, 0x44, 0x22, 0x82, 0x02,
    0x50, 0x27, 0x04, 0x22, 0x80, 0x12, 0x06, 0x00, 0x80, 0x80, 0x02, 0xCC, 0x80, 0x89, 0x09, 0x33,
    0x08, 0x00, 0x83, 0xA7, 0xAA, 0x9A, 0xDB, 0x02, 0xFF, 0x80, 0xEF, 0x09, 0xEE, 0x81, 0xFF, 0x9B,
    0x05, 0x77, 0x82, 0x97, 0xC9, 0xBB, 0x02, 0xDD, 0x83, 0xBB, 0xCC, 0xCB, 0xAA, 0x03, 0x77, 0x14,
    0x55, 0x81, 0x77, 0x27, 0x44, 0x22, 0x82, 0x02, 0x50, 0x27, 0x04, 0x22, 0x80, 0x12, 0x06, 0x00,
    0x80, 0x80, 0x02, 0xCC, 0x80, 0x89, 0x09, 0x33, 0x08, 0x00, 0x83, 0xA7, 0xAA, 0x9A, 0xDB, 0x02,
    0xFF, 0x80, 0xEF, 0x09, 0xEE, 0x81, 0xFF, 0x9B, 0x05, 0x77, 0x82, 0x97, 0xC9, 0xBB, 0x02, 0xDD,
    0x83, 0xBB, 0xCC, 0xCB, 0xAA, 0x03, 0x77, 0x14, 0x55, 0x81, 0x77, 0x27, 0x44, 0x22, 0x82, 0x02,
    0x50, 0x57, 0x04, 0x22, 0x80, 0x12, 0x06, 0x00, 0x80, 0x80, 0x02, 0xCC, 0x80, 0x89, 0x09, 0x33,
    0x08, 0x00, 0x83, 0xA7, 0xAA, 0x9A, 0xDB, 0x02, 0xFF, 0x80, 0xEF, 0x09, 0xEE, 0x82, 0xFF, 0x9B,
    0xAC, 0x02, 0xAA, 0x80, 0x9A, 0x03, 0x77, 0x83, 0x97, 0x99, 0xCC, 0xBB, 0x02, 0xDD, 0x02, 0xCC,
    0x82, 0xAA, 0x77, 0xAA, 0x12, 0x55, 0x81, 0xA7, 0x59, 0x02, 0x55, 0x80, 0x25, 0x2C, 0x22, 0x81,
    0x98, 0x26, 0x14, 0x22, 0x82, 0x02, 0x70, 0x4A, 0x05, 0x22, 0x80, 0x12, 0x05, 0x00, 0x82, 0x80,
    0xC9, 0xCC, 0x03, 0x99, 0x04, 0x33, 0x81, 0x99, 0x55, 0x08, 0x00, 0x84, 0xA7, 0x9A, 0x99, 0xAA,
    0xFC, 0x02, 0xFF, 0x80, 0xEF, 0x09, 0xEE, 0x82, 0xFF, 0x9B, 0xAC, 0x02, 0xAA, 0x80, 0x9A, 0x03,
    0x77, 0x83, 0x97, 0x99, 0xCC, 0xBB, 0x02, 0xDD, 0x02, 0xCC, 0x82, 0xAA, 0x77, 0xAA, 0x12, 0x55,
    0x81, 0xA7, 0x59, 0x02, 0x55, 0x80, 0x25, 0x2C, 0x22, 0x81, 0x99, 0x26, 0x14, 0x22, 0x82, 0x02,
    0x70, 0x6A, 0x05, 0x22, 0x80, 0x12, 0x05, 0x00, 0x82, 0x80, 0xC9, 0xCC, 0x03, 0x99, 0x04, 0x33,
    0x81, 0x99, 0x55, 0x08, 0x00, 0x84, 0xA7, 0x9A, 0x99, 0xAA, 0xFC, 0x02, 0xFF, 0x80, 0xEF, 0x09,
    0xEE, 0x82, 0xFF, 0x9B, 0xAC, 0x02, 0xAA, 0x80, 0x9A, 0x03, 0x77, 0x83, 0x97, 0x99, 0xCC, 0xBB,
    0x02, 0xDD, 0x02, 0xCC, 0x82, 0xAA, 0x77, 0xAA, 0x12, 0x55, 0x81, 0xA7, 0x59, 0x02, 0x55, 0x80,
    0x25, 0x2C, 0x22, 0x81, 0x99, 0x26, 0x14, 0x22, 0x82, 0x02, 0x70, 0x6A, 0x05, 0x22, 0x80, 0x12,
    0x05, 0x00, 0x82, 0x80, 0xC9, 0xCC, 0x03, 0x99, 0x04, 0x33, 0x81, 0x99, 0x55, 0x08, 0x00, 0x84,
    0xA7, 0x9A, 0x99, 0xAA, 0xFC, 0x02, 0xFF, 0x80, 0xEF, 0x09, 0xEE, 0x82, 0xFF, 0x9B, 0xAC, 0x02,
    0xAA, 0x80, 0x9A, 0x03, 0x77, 0x83, 0x97, 0x99, 0xCC, 0xBB, 0x02, 0xDD, 0x02, 0xCC, 0x82, 0xAA,
    0x77, 0xAA, 0x12, 0x55, 0x81, 0xA7, 0x59, 0x02, 0x55, 0x80, 0x25, 0x2C, 0x22, 0x81, 0x99, 0x26,
    0x14, 0x22, 0x82, 0x02, 0x70, 0x6A, 0x05, 0x22, 0x80, 0x12, 0x05, 0x00, 0x82, 0x80, 0xC9, 0xCC,
    0x03, 0x99, 0x04, 0x33, 0x81, 0x99, 0x55, 0x08, 0x00, 0x84, 0xA7, 0x9A, 0x99, 0xAA, 0xFC, 0x02,
    0xFF, 0x80, 0xEF, 0x09, 0xEE, 0x81, 0xFF, 0x9B, 0x02, 0xBB, 0x80, 0x9B, 0x07, 0x77, 0x81, 0x99,
    0xCC, 0x03, 0xDD, 0x84, 0xBB, 0xCC, 0xAC, 0xAA, 0x77, 0x10, 0x55, 0x81, 0x77, 0x57, 0x06, 0x55,
    0x80, 0x25, 0x24, 0x22, 0x81, 0x01, 0xED, 0x02, 0xEE, 0x80, 0x28, 0x15, 0x22, 0x82, 0x02, 0x70,
    0x6A, 0x07, 0x22, 0x80, 0x12, 0x04, 0x00, 0x81, 0x10, 0x82, 0x04, 0xCC, 0x80, 0xC9, 0x03, 0xCC,
    0x80, 0x89, 0x05, 0x00, 0x82, 0x10, 0xA7, 0xCC, 0x03, 0xAA, 0x81, 0xBC, 0xFB, 0x02, 0xFF, 0x80,
    0xEF, 0x09, 0xEE, 0x81, 0xFF, 0xCB, 0x02, 0xBB, 0x80, 0x9B, 0x07, 0x77, 0x81, 0x99, 0xCC, 0x03,
    0xDD, 0x84, 0xBB, 0xCC, 0xAC, 0xAA, 0x77, 0x10, 0x55, 0x81, 0x77, 0x57, 0x06, 0x55, 0x80, 0x25,
    0x24, 0x22, 0x81, 0x01, 0xED, 0x02, 0xEE, 0x80, 0x28, 0x15, 0x22, 0x82, 0x02, 0x70, 0x6A, 0x07,
    0x22, 0x80, 0x12, 0x04, 0x00, 0x81, 0x10, 0x82, 0x04, 0xCC, 0x80, 0xC9, 0x03, 0xCC, 0x80, 0x88,
    0x05, 0x00, 0x82, 0x10, 0xA7, 0xCC, 0x03, 0xAA, 0x81, 0xBC, 0xFB, 0x02, 0xFF, 0x80, 0xEF, 0x09,
    0xEE, 0x81, 0xFF, 0xCB, 0x02, 0xBB, 0x80, 0x9B, 0x07, 0x77, 0x81, 0x99, 0xCC, 0x03, 0xDD, 0x84,
    0xBB, 0xCC, 0xAC, 0xAA, 0x77, 0x10, 0x55, 0x81, 0x77, 0x57, 0x06, 0x55, 0x80, 0x25, 0x24, 0x22,
    0x81, 0x01, 0xED, 0x02, 0xEE, 0x80, 0x28, 0x15, 0x22, 0x82, 0x02, 0x70, 0x6A, 0x07, 0x22, 0x80,
    0x12, 0x04, 0x00, 0x81, 0x10, 0x82, 0x04, 0xCC, 0x80, 0xC9, 0x03, 0xCC, 0x80, 0x89, 0x05, 0x00,
    0x82, 0x10, 0xA7, 0xCC, 0x03, 0xAA, 0x81, 0xBC, 0xFB, 0x02, 0xFF, 0x80, 0xEF, 0x09, 0xEE, 0x81,
    0xFF, 0xCB, 0x02, 0xBB, 0x80, 0x9B, 0x07, 0x77, 0x81, 0x99, 0xCC, 0x03, 0xDD, 0x84, 0xBB, 0xCC,
    0xAC, 0xAA, 0x77, 0x10, 0x55, 0x81, 0x77, 0x57, 0x06, 0x55, 0x80, 0x25, 0x24, 0x22, 0x81, 0x01,
    0xED, 0x02, 0xEE, 0x80, 0x28, 0x15, 0x22, 0x82, 0x02, 0x70, 0x6A, 0x07, 0x22, 0x80, 0x12, 0x04,
    0x00, 0x81, 0x10, 0x82, 0x04, 0xCC, 0x80, 0xC9, 0x03, 0xCC, 0x80, 0x89, 0x05, 0x00, 0x82, 0x10,
    0xA7, 0xCC, 0x03, 0xAA, 0x81, 0xBC, 0xFB, 0x02, 0xFF, 0x80, 0xEF, 0x09, 0xEE, 0x87, 0xFF, 0xCB,
    0xDD, 0xBB, 0xCC, 0xBC, 0xCB, 0x74, 0x06, 0x77, 0x82, 0x97, 0x99, 0xBB, 0x02, 0xDD, 0x80, 0xBB,
    0x02, 0xCC, 0x80, 0xAA, 0x02, 0x77, 0x80, 0x57, 0x08, 0x55, 0x83, 0x77, 0xA9, 0xAA, 0x57, 0x07,
    0x55, 0x83, 0x25, 0x52, 0x55, 0x25, 0x20, 0x22, 0x81, 0x82, 0xED, 0x03, 0xEE, 0x80, 0x28, 0x16,
    0x22, 0x82, 0x02, 0x00, 0x10, 0x09, 0x22, 0x80, 0x12, 0x12, 0x00, 0x02, 0xCC, 0x81, 0xAA, 0x9A,
    0x02, 0xAA, 0x82, 0xFB, 0xFF, 0xEF, 0x0B, 0xEE, 0x87, 0xCD, 0xCC, 0xDD, 0xBB, 0xCC, 0xBC, 0xCB,
    0x74, 0x06, 0x77, 0x82, 0x97, 0x99, 0xBB, 0x02, 0xDD, 0x80, 0xBB, 0x02, 0xCC, 0x80, 0xAA, 0x02,
    0x77, 0x80, 0x57, 0x08, 0x55, 0x83, 0x77, 0xA9, 0xAA, 0x57, 0x07, 0x55, 0x83, 0x25, 0x52, 0x55,
    0x25, 0x20, 0x22, 0x81, 0x82, 0xED, 0x03, 0xEE, 0x80, 0x28, 0x16, 0x22, 0x82, 0x02, 0x00, 0x10,
    0x09, 0x22, 0x80, 0x12, 0x12, 0x00, 0x02, 0xCC, 0x81, 0xAA, 0x9A, 0x02, 0xAA, 0x82, 0xFB, 0xFF,
    0xEF, 0x0B, 0xEE, 0x87, 0xCD, 0xCC, 0xDD, 0xBB, 0xCC, 0xBC, 0xCB, 0x74, 0x06, 0x77, 0x82, 0x97,
    0x99, 0xBB, 0x02, 0xDD, 0x80, 0xBB, 0x02, 0xCC, 0x80, 0xAA, 0x02, 0x77, 0x80, 0x57, 0x08, 0x55,
    0x83, 0x77, 0xA9, 0xAA, 0x57, 0x07, 0x55, 0x83, 0x25, 0x52, 0x55, 0x25, 0x20, 0x22, 0x81, 0x82,
    0xED, 0x03, 0xEE, 0x80, 0x28, 0x16, 0x22, 0x82, 0x02, 0x00, 0x10, 0x09, 0x22, 0x80, 0x12, 0x12,
    0x00, 0x02, 0xCC, 0x81, 0xAA, 0x9A, 0x02, 0xAA, 0x82, 0xFB, 0xFF, 0xEF, 0x0B, 0xEE, 0x87, 0xCD,
    0xCC, 0xDD, 0xBB, 0xCC, 0xBC, 0xCB, 0x74, 0x06, 0x77, 0x82, 0x97, 0x99, 0xBB, 0x02, 0xDD, 0x80,
    0xBB, 0x02, 0xCC, 0x80, 0xAA, 0x02, 0x77, 0x80, 0x57, 0x08, 0x55, 0x83, 0x77, 0xA9, 0xAA, 0x57,
    0x07, 0x55, 0x83, 0x25, 0x52, 0x55, 0x25, 0x20, 0x22, 0x81, 0x82, 0xED, 0x03, 0xEE, 0x80, 0x28,
    0x16, 0x22, 0x82, 0x02, 0x00, 0x10, 0x09, 0x22, 0x80, 0x12, 0x12, 0x00, 0x02, 0xCC, 0x81, 0xAA,
    0x9A, 0x02, 0xAA, 0x82, 0xFB, 0xFF, 0xEF, 0x0B, 0xEE, 0x83, 0xCD, 0xCC, 0xEE, 0xDD, 0x04, 0xBB,
    0x81, 0xCB, 0xAA, 0x07, 0x77, 0x81, 0x99, 0xCC, 0x02, 0xDD, 0x84, 0xBB, 0xCB, 0xCC, 0xAC, 0x57,
    0x05, 0x77, 0x82, 0xA9, 0x9A, 0x57, 0x10, 0x55, 0x80, 0x25, 0x1E, 0x22, 0x83, 0x82, 0xED, 0xEE,
    0x28, 0x18, 0x22, 0x82, 0x02, 0x00, 0x10, 0x09, 0x22, 0x84, 0x72, 0x7A, 0x22, 0x72, 0x7A, 0x0C,
    0x00, 0x02, 0xCC, 0x02, 0xBB, 0x80, 0xCC, 0x02, 0xAA, 0x82, 0xCC, 0xFB, 0xEF, 0x0C, 0xEE, 0x83,
    0xCD, 0xFB, 0xEE, 0xDD, 0x04, 0xBB, 0x81, 0xCB, 0xAA, 0x07, 0x77, 0x81, 0x99, 0xCC, 0x02, 0xDD,
    0x84, 0xBB, 0xCB, 0xCC, 0xAC, 0x57, 0x05, 0x77, 0x82, 0xA9, 0x9A, 0x57, 0x10, 0x55, 0x80, 0x25,
    0x1E, 0x22, 0x83, 0x82, 0xED, 0xEE, 0x28, 0x18, 0x22, 0x82, 0x02, 0x00, 0x10, 0x09, 0x22, 0x84,
    0x72, 0x7A, 0x22, 0x72, 0x7A, 0x0C, 0x00, 0x02, 0xCC, 0x02, 0xBB, 0x80, 0xCC, 0x02, 0xAA, 0x82,
    0xCC, 0xFB, 0xEF, 0x0C, 0xEE, 0x83, 0xCD, 0xFB, 0xEE, 0xDD, 0x04, 0xBB, 0x81, 0xCB, 0xAA, 0x07,
    0x77, 0x81, 0x99, 0xCC, 0x02, 0xDD, 0x84, 0xBB, 0xCB, 0xCC, 0xAC, 0x57, 0x05, 0x77, 0x82, 0xA9,
    0x9A, 0x57, 0x10, 0x55, 0x80, 0x25, 0x1E, 0x22, 0x83, 0x82, 0xED, 0xEE, 0x28, 0x18, 0x22, 0x82,
    0x02, 0x00, 0x10, 0x09, 0x22, 0x84, 0x72, 0x7A, 0x22, 0x72, 0x7A, 0x0C, 0x00, 0x02, 0xCC, 0x02,
    0xBB, 0x80, 0xCC, 0x02, 0xAA, 0x82, 0xCC, 0xFB, 0xEF, 0x0C, 0xEE, 0x83, 0xCD, 0xFB, 0xEE, 0xDD,
    0x04, 0xBB, 0x81, 0xCB, 0xAA, 0x07, 0x77, 0x81, 0x99, 0xCC, 0x02, 0xDD, 0x84, 0xBB, 0xCB, 0xCC,
    0xAC, 0x57, 0x05, 0x77, 0x82, 0xA9, 0x9A, 0x57, 0x10, 0x55, 0x80, 0x25, 0x1E, 0x22, 0x83, 0x82,
    0xED, 0xEE, 0x28, 0x18, 0x22, 0x82, 0x02, 0x00, 0x10, 0x09, 0x22, 0x84, 0x72, 0x7A, 0x22, 0x72,
    0x7A, 0x0C, 0x00, 0x02, 0xCC, 0x02, 0xBB, 0x80, 0xCC, 0x02, 0xAA, 0x82, 0xCC, 0xFB, 0xEF, 0x0C,
    0xEE, 0x88, 0xCD, 0xFB, 0xEE, 0xDE, 0xDD, 0xBD, 0xBB, 0xFF, 0xBD, 0x02, 0xCC, 0x80, 0xAA, 0x06,
    0x77, 0x80, 0x99, 0x02, 0xCC, 0x85, 0xFB, 0xDD, 0xBD, 0xCB, 0xCC, 0xAA, 0x02, 0x99, 0x04, 0x77,
    0x80, 0x57, 0x11, 0x55, 0x80, 0x25, 0x15, 0x22, 0x80, 0x82, 0x07, 0xBB, 0x80, 0xDB, 0x02, 0xEE,
    0x80, 0xBD, 0x07, 0xBB, 0x80, 0x28, 0x10, 0x22, 0x82, 0x12, 0x01, 0x10, 0x0A, 0x22, 0x86, 0x24,
    0x22, 0x52, 0x9A, 0x25, 0x11, 0x21, 0x06, 0x77, 0x80, 0xC9, 0x02, 0xCC, 0x81, 0xBB, 0xCC, 0x04,
    0xAA, 0x82, 0x77, 0xDB, 0xFD, 0x0D, 0xEE, 0x81, 0xBD, 0xFB, 0x03, 0xEE, 0x86, 0xDD, 0xBB, 0xFF,
    0xDD, 0xBB, 0xCC, 0xAA, 0x07, 0x77, 0x82, 0x99, 0xCC, 0xFB, 0x02, 0xDD, 0x85, 0xBB, 0xCC, 0xAC,
    0x9A, 0x99, 0x57, 0x15, 0x55, 0x80, 0x25, 0x15, 0x22, 0x81, 0x82, 0xED, 0x11, 0xEE, 0x80, 0x2B,
    0x11, 0x22, 0x81, 0x01, 0x10, 0x0C, 0x22, 0x84, 0x52, 0x9A, 0x57, 0x22, 0x52, 0x06, 0xAA, 0x03,
    0xCC, 0x81, 0xBB, 0xCC, 0x04, 0xAA, 0x81, 0x57, 0xEB, 0x0E, 0xEE, 0x81, 0xBD, 0xFB, 0x03, 0xEE,
    0x86, 0xDD, 0xBB, 0xFF, 0xDD, 0xBB, 0xCC, 0xAA, 0x07, 0x77, 0x82, 0x99, 0xCC, 0xFB, 0x02, 0xDD,
    0x85, 0xBB, 0xCC, 0xAC, 0x9A, 0x99, 0x57, 0x15, 0x55, 0x80, 0x25, 0x15, 0x22, 0x81, 0x82, 0xED,
    0x11, 0xEE, 0x80, 0x2B, 0x11, 0x22, 0x81, 0x01, 0x10, 0x0C, 0x22, 0x84, 0x52, 0x9A, 0x57, 0x22,
    0x52, 0x06, 0xAA, 0x03, 0xCC, 0x81, 0xBB, 0xCC, 0x04, 0xAA, 0x81, 0x57, 0xEB, 0x0E, 0xEE, 0x81,
    0xBD, 0xFB, 0x03, 0xEE, 0x86, 0xDD, 0xBB, 0xFF, 0xDD, 0xBB, 0xCC, 0xAA, 0x07, 0x77, 0x82, 0x99,
    0xCC, 0xFB, 0x02, 0xDD, 0x85, 0xBB, 0xCC, 0xAC, 0x9A, 0x99, 0x57, 0x15, 0x55, 0x80, 0x25, 0x15,
    0x22, 0x81, 0x82, 0xED, 0x11, 0xEE, 0x80, 0x2B, 0x11, 0x22, 0x81, 0x01, 0x10, 0x0C, 0x22, 0x84,
    0x52, 0x9A, 0x57, 0x22, 0x52, 0x06, 0xAA, 0x03, 0xCC, 0x81, 0xBB, 0xCC, 0x04, 0xAA, 0x81, 0x57,
    0xEB, 0x0E, 0xEE, 0x81, 0xBD, 0xFB, 0x03, 0xEE, 0x81, 0xDE, 0xDD, 0x02, 0xBB, 0x84, 0xDD, 0xBD,
    0xCB, 0xCC, 0xCB, 0x05, 0x77, 0x04, 0x99, 0x80, 0xCC, 0x03, 0x99, 0x02, 0x77, 0x17, 0x55, 0x80,
    0x25, 0x12, 0x22, 0x82, 0x82, 0xBB, 0xDB, 0x12, 0xEE, 0x80, 0x2B, 0x11, 0x22, 0x81, 0x01, 0x10,
    0x0D, 0x22, 0x83, 0x55, 0x22, 0x52, 0x97, 0x04, 0xAA, 0x80, 0xCC, 0x04, 0xAA, 0x80, 0xCB, 0x02,
    0xAA, 0x84, 0x57, 0x55, 0x77, 0xAA, 0xED, 0x05, 0xEE, 0x80, 0xDE, 0x07, 0xEE, 0x82, 0xBE, 0xBB,
    0xFB, 0x04, 0xEE, 0x80, 0xDD, 0x02, 0xBB, 0x02, 0xDD, 0x82, 0xBB, 0xBC, 0xBD, 0x08, 0x77, 0x82,
    0xA9, 0x99, 0x79, 0x02, 0x77, 0x80, 0x57, 0x18, 0x55, 0x80, 0x25, 0x12, 0x22, 0x80, 0x82, 0x14,
    0xEE, 0x80, 0x2B, 0x11, 0x22, 0x81, 0x01, 0x10, 0x0F, 0x22, 0x80, 0x52, 0x05, 0xAA, 0x80, 0xBC,
    0x04, 0xAA, 0x80, 0xCB, 0x02, 0xAA, 0x84, 0x24, 0x22, 0x55, 0xAA, 0xED, 0x05, 0xEE, 0x80, 0xDE,
    0x07, 0xEE, 0x82, 0xCD, 0xBC, 0xFB, 0x04, 0xEE, 0x80, 0xDD, 0x02, 0xBB, 0x02, 0xDD, 0x82, 0xBB,
    0xBC, 0xBD, 0x08, 0x77, 0x82, 0xA9, 0x99, 0x79, 0x02, 0x77, 0x80, 0x57, 0x18, 0x55, 0x80, 0x25,
    0x12, 0x22, 0x80, 0x82, 0x14, 0xEE, 0x80, 0x2B, 0x11, 0x22, 0x81, 0x01, 0x10, 0x0F, 0x22, 0x80,
    0x52, 0x05, 0xAA, 0x80, 0xBC, 0x04, 0xAA, 0x80, 0xCB, 0x02, 0xAA, 0x84, 0x24, 0x22, 0x55, 0xAA,
    0xED, 0x05, 0xEE, 0x80, 0xDE, 0x07, 0xEE, 0x82, 0xCD, 0xBC, 0xFB, 0x04, 0xEE, 0x80, 0xDD, 0x02,
    0xBB, 0x02, 0xDD, 0x82, 0xBB, 0xBC, 0xBD, 0x08, 0x77, 0x82, 0xA9, 0x99, 0x79, 0x02, 0x77, 0x80,
    0x57, 0x18, 0x55, 0x80, 0x25, 0x12, 0x22, 0x80, 0x82, 0x14, 0xEE, 0x80, 0x2B, 0x11, 0x22, 0x81,
    0x01, 0x10, 0x0F, 0x22, 0x80, 0x52, 0x05, 0xAA, 0x80, 0xBC, 0x04, 0xAA, 0x80, 0xCB, 0x02, 0xAA,
    0x84, 0x24, 0x22, 0x55, 0xAA, 0xED, 0x05, 0xEE, 0x80, 0xDE, 0x07, 0xEE, 0x82, 0xCD, 0xBC, 0xFB,
    0x05, 0xEE, 0x02, 0xDD, 0x81, 0xBB, 0xFF, 0x02, 0xDD, 0x80, 0xBB, 0x02, 0xCC, 0x80, 0xAA, 0x06,
    0x77, 0x80, 0x99, 0x03, 0x77, 0x19, 0x55, 0x83, 0x25, 0x52, 0x55, 0x25, 0x0E, 0x22, 0x81, 0x82,
    0xDB, 0x13, 0xEE, 0x81, 0x8B, 0x28, 0x11, 0x22, 0x82, 0x01, 0x00, 0x10, 0x0F, 0x22, 0x03, 0x55,
    0x02, 0x77, 0x80, 0x88, 0x04, 0x77, 0x82, 0x98, 0xAA, 0x77, 0x03, 0x55, 0x81, 0xDB, 0xED, 0x05,
    0xEE, 0x80, 0xDE, 0x07, 0xEE, 0x84, 0xBD, 0xDB, 0xFD, 0xEE, 0xED, 0x04, 0xEE, 0x82, 0xDD, 0xBB,
    0xFF, 0x02, 0xDD, 0x83, 0xBB, 0xCC, 0xBB, 0xAA, 0x09, 0x77, 0x80, 0x57, 0x19, 0x55, 0x83, 0x25,
    0x52, 0x55, 0x25, 0x0E, 0x22, 0x80, 0x82, 0x14, 0xEE, 0x80, 0x2B, 0x12, 0x22, 0x82, 0x01, 0x00,
    0x10, 0x12, 0x22, 0x07, 0x55, 0x81, 0x75, 0xAA, 0x04, 0x55, 0x80, 0xEB, 0x06, 0xEE, 0x80, 0xDE,
    0x07, 0xEE, 0x84, 0xBD, 0xDB, 0xBD, 0xEE, 0xED, 0x04, 0xEE, 0x82, 0xDD, 0xBB, 0xFF, 0x02, 0xDD,
    0x83, 0xBB, 0xCC, 0xBB, 0xAA, 0x09, 0x77, 0x80, 0x57, 0x19, 0x55, 0x83, 0x25, 0x52, 0x55, 0x25,
    0x0E, 0x22, 0x80, 0x82, 0x14, 0xEE, 0x80, 0x2B, 0x12, 0x22, 0x82, 0x01, 0x00, 0x10, 0x12, 0x22,
    0x07, 0x55, 0x81, 0x75, 0xA9, 0x04, 0x55, 0x80, 0xEB, 0x06, 0xEE, 0x80, 0xDE, 0x07, 0xEE, 0x84,
    0xBD, 0xDB, 0xBD, 0xEE, 0xED, 0x04, 0xEE, 0x82, 0xDD, 0xBB, 0xFF, 0x02, 0xDD, 0x83, 0xBB, 0xCC,
    0xBB, 0xAA, 0x09, 0x77, 0x80, 0x57, 0x19, 0x55, 0x83, 0x25, 0x52, 0x55, 0x25, 0x0E, 0x22, 0x80,
    0x82, 0x14, 0xEE, 0x80, 0x2B, 0x12, 0x22, 0x82, 0x01, 0x00, 0x10, 0x12, 0x22, 0x07, 0x55, 0x81,
    0x75, 0xA9, 0x04, 0x55, 0x80, 0xEB, 0x06, 0xEE, 0x80, 0xDE, 0x07, 0xEE, 0x84, 0xBD, 0xDB, 0xBD,
    0xDE, 0xED, 0x04, 0xEE, 0x80, 0xDE, 0x02, 0xDD, 0x02, 0xBB, 0x80, 0xDD, 0x02, 0xBB, 0x80, 0xCC,
    0x02, 0x99, 0x08, 0x77, 0x1A, 0x55, 0x81, 0x52, 0x55, 0x0F, 0x22, 0x80, 0x82, 0x13, 0xEE, 0x81,
    0xBB, 0x28, 0x12, 0x22, 0x82, 0x12, 0x00, 0x10, 0x12, 0x22, 0x08, 0x55, 0x80, 0x77, 0x03, 0x55,
    0x81, 0x77, 0xEB, 0x06, 0xEE, 0x80, 0xDE, 0x06, 0xEE, 0x83, 0xBE, 0xBB, 0xDD, 0xBD, 0x03, 0xDD,
    0x80, 0xED, 0x04, 0xEE, 0x83, 0xDD, 0xCC, 0xBC, 0xEE, 0x02, 0xDD, 0x80, 0xBB, 0x02, 0xCC, 0x08,
    0x77, 0x80, 0x57, 0x1A, 0x55, 0x80, 0x25, 0x0F, 0x22, 0x80, 0x82, 0x13, 0xEE, 0x80, 0x2B, 0x14,
    0x22, 0x81, 0x02, 0x10, 0x10, 0x22, 0x81, 0x55, 0x22, 0x0C, 0x55, 0x81, 0xAA, 0xEB, 0x06, 0xEE,
    0x80, 0xDE, 0x06, 0xEE, 0x83, 0xCD, 0xDB, 0xDD, 0xCD, 0x03, 0xDD, 0x80, 0xED, 0x04, 0xEE, 0x83,
    0xDD, 0xCC, 0xBC, 0xEE, 0x02, 0xDD, 0x80, 0xBB, 0x02, 0xCC, 0x08, 0x77, 0x80, 0x57, 0x1A, 0x55,
    0x80, 0x25, 0x0F, 0x22, 0x80, 0x82, 0x13, 0xEE, 0x80, 0x2B, 0x14, 0x22, 0x81, 0x02, 0x10, 0x10,
    0x22, 0x81, 0x55, 0x22, 0x0C, 0x55, 0x81, 0xAA, 0xEB, 0x06, 0xEE, 0x80, 0xDE, 0x06, 0xEE, 0x83,
    0xCD, 0xDB, 0xDD, 0xCD, 0x03, 0xDD, 0x80, 0xED, 0x04, 0xEE, 0x83, 0xDD, 0xCC, 0xBC, 0xEE, 0x02,
    0xDD, 0x80, 0xBB, 0x02, 0xCC, 0x08, 0x77, 0x80, 0x57, 0x1A, 0x55, 0x80, 0x25, 0x0F, 0x22, 0x80,
    0x82, 0x13, 0xEE, 0x80, 0x2B, 0x14, 0x22, 0x81, 0x02, 0x10, 0x10, 0x22, 0x81, 0x55, 0x22, 0x0C,
    0x55, 0x81, 0xAA, 0xEB, 0x06, 0xEE, 0x80, 0xDE, 0x06, 0xEE, 0x85, 0xCD, 0xDB, 0xDD, 0xCD, 0xEE,
    0xDE, 0x02, 0xDD, 0x04, 0xEE, 0x80, 0xDE, 0x04, 0xBB, 0x81, 0xFF, 0xBD, 0x02, 0xBB, 0x81, 0xCC,
    0x99, 0x06, 0x77, 0x80, 0x57, 0x02, 0x77, 0x82, 0x57, 0x77, 0x57, 0x16, 0x55, 0x0F, 0x22, 0x80,
    0x82, 0x13, 0xEE, 0x80, 0x2B, 0x14, 0x22, 0x82, 0x12, 0x00, 0x10, 0x0E, 0x22, 0x82, 0x52, 0x55,
    0x22, 0x0C, 0x55, 0x81, 0xAA, 0xED, 0x06, 0xEE, 0x80, 0xDE, 0x05, 0xEE, 0x84, 0xFE, 0xBF, 0xDB,
    0xDD, 0xBD, 0x02, 0xEE, 0x03, 0xDD, 0x05, 0xEE, 0x80, 0xBD, 0x02, 0xCC, 0x80, 0xFF, 0x02, 0xDD,
    0x02, 0xBB, 0x80, 0xAA, 0x06, 0x77, 0x80, 0x57, 0x02, 0x77, 0x82, 0x57, 0x77, 0x57, 0x16, 0x55,
    0x80, 0x25, 0x0E, 0x22, 0x80, 0x82, 0x13, 0xEE, 0x80, 0x2B, 0x11, 0x22, 0x80, 0x52, 0x02, 0x55,
    0x82, 0x25, 0x02, 0x10, 0x0D, 0x22, 0x03, 0x55, 0x80, 0x22, 0x0C, 0x55, 0x81, 0xCA, 0xED, 0x06,
    0xEE, 0x80, 0xDE, 0x05, 0xEE, 0x84, 0xFF, 0xBF, 0xDB, 0xDD, 0xFD, 0x02, 0xEE, 0x03, 0xDD, 0x05,
    0xEE, 0x80, 0xBD, 0x02, 0xCC, 0x80, 0xFF, 0x02, 0xDD, 0x02, 0xBB, 0x80, 0xAA, 0x06, 0x77, 0x80,
    0x57, 0x02, 0x77, 0x82, 0x57, 0x77, 0x57, 0x16, 0x55, 0x80, 0x25, 0x0E, 0x22, 0x80, 0x82, 0x13,
    0xEE, 0x80, 0x2B, 0x11, 0x22, 0x80, 0x52, 0x02, 0x55, 0x82, 0x25, 0x02, 0x10, 0x0D, 0x22, 0x03,
    0x55, 0x80, 0x22, 0x0C, 0x55, 0x81, 0xCA, 0xED, 0x06, 0xEE, 0x80, 0xDE, 0x05, 0xEE, 0x84, 0xFF,
    0xBF, 0xDB, 0xDD, 0xFD, 0x02, 0xEE, 0x03, 0xDD, 0x05, 0xEE, 0x80, 0xBD, 0x02, 0xCC, 0x80, 0xFF,
    0x02, 0xDD, 0x02, 0xBB, 0x80, 0xAA, 0x06, 0x77, 0x80, 0x57, 0x02, 0x77, 0x82, 0x57, 0x77, 0x57,
    0x16, 0x55, 0x80, 0x25, 0x0E, 0x22, 0x80, 0x82, 0x13, 0xEE, 0x80, 0x2B, 0x11, 0x22, 0x80, 0x52,
    0x02, 0x55, 0x82, 0x25, 0x02, 0x10, 0x0D, 0x22, 0x03, 0x55, 0x80, 0x22, 0x0C, 0x55, 0x81, 0xCA,
    0xED, 0x06, 0xEE, 0x80, 0xDE, 0x05, 0xEE, 0x84, 0xFF, 0xBF, 0xDB, 0xDD, 0xFD, 0x02, 0xEE, 0x80,
    0xDE, 0x02, 0xDD, 0x03, 0xEE, 0x80, 0xDE, 0x02, 0xDD, 0x02, 0xBB, 0x85, 0xCC, 0xBB, 0xFF, 0xBD,
    0xBB, 0x99, 0x0C, 0x77, 0x80, 0x57, 0x16, 0x55, 0x0E, 0x22, 0x80, 0x82, 0x13, 0xEE, 0x81, 0xBB,
    0x28, 0x10, 0x22, 0x04, 0x55, 0x82, 0x12, 0x00, 0x20, 0x0B, 0x22, 0x80, 0x52, 0x03, 0x55, 0x80,
    0x52, 0x0C, 0x55, 0x81, 0xBB, 0xED, 0x0C, 0xEE, 0x85, 0xBD, 0xBB, 0xDB, 0xFD, 0xFF, 0xED, 0x02,
    0xEE, 0x02, 0xDD, 0x02, 0xEE, 0x02, 0xDD, 0x88, 0xBB, 0xFF, 0xEE, 0xBD, 0xAA, 0xC9, 0xFB, 0xDD,
    0xCB, 0x0D, 0x77, 0x80, 0x57, 0x16, 0x55, 0x80, 0x25, 0x0D, 0x22, 0x80, 0x82, 0x14, 0xEE, 0x80,
    0x2B, 0x0F, 0x22, 0x80, 0x52, 0x04, 0x55, 0x83, 0x25, 0x02, 0x20, 0x25, 0x09, 0x22, 0x12, 0x55,
    0x80, 0xEB, 0x0D, 0xEE, 0x85, 0xBD, 0xFB, 0xDF, 0xFD, 0xFF, 0xED, 0x02, 0xEE, 0x02, 0xDD, 0x02,
    0xEE, 0x02, 0xDD, 0x88, 0xBB, 0xFF, 0xEE, 0xBD, 0xAA, 0xC9, 0xFB, 0xDD, 0xCB, 0x0D, 0x77, 0x80,
    0x57, 0x16, 0x55, 0x80, 0x25, 0x0D, 0x22, 0x80, 0x82, 0x14, 0xEE, 0x80, 0x2B, 0x0F, 0x22, 0x80,
    0x52, 0x04, 0x55, 0x83, 0x25, 0x02, 0x20, 0x25, 0x09, 0x22, 0x12, 0x55, 0x80, 0xEB, 0x0D, 0xEE,
    0x85, 0xBD, 0xFB, 0xDF, 0xFD, 0xFF, 0xED, 0x02, 0xEE, 0x02, 0xDD, 0x02, 0xEE, 0x02, 0xDD, 0x88,
    0xBB, 0xFF, 0xEE, 0xBD, 0xAA, 0xC9, 0xFB, 0xDD, 0xCB, 0x0D, 0x77, 0x80, 0x57, 0x16, 0x55, 0x80,
    0x25, 0x0D, 0x22, 0x80, 0x82, 0x14, 0xEE, 0x80, 0x2B, 0x0F, 0x22, 0x80, 0x52, 0x04, 0x55, 0x83,
    0x25, 0x02, 0x20, 0x25, 0x09, 0x22, 0x12, 0x55, 0x80, 0xEB, 0x0D, 0xEE, 0x85, 0xBD, 0xFB, 0xDF,
    0xFD, 0xFF, 0xDD, 0x02, 0xEE, 0x81, 0xDE, 0xDD, 0x02, 0xEE, 0x80, 0xDE, 0x02, 0xDD, 0x83, 0xFF,
    0xDE, 0xBB, 0xCC, 0x02, 0xBB, 0x81, 0xCC, 0xAA, 0x11, 0x77, 0x80, 0x57, 0x13, 0x55, 0x0D, 0x22,
    0x81, 0x82, 0xBB, 0x13, 0xEE, 0x03, 0xBB, 0x80, 0x28, 0x0C, 0x22, 0x80, 0x52, 0x05, 0x55, 0x83,
    0x12, 0x11, 0x61, 0x27, 0x07, 0x22, 0x80, 0x52, 0x11, 0x55, 0x81, 0x77, 0xEB, 0x0C, 0xEE, 0x82,
    0xBD, 0xBB, 0xFB, 0x03, 0xFF, 0x02, 0xDD, 0x81, 0xED, 0xEE, 0x03, 0xDD, 0x03, 0xEE, 0x02, 0xDD,
    0x83, 0xBB, 0xFF, 0xDD, 0xAC, 0x02, 0xAA, 0x11, 0x77, 0x80, 0x57, 0x13, 0x55, 0x80, 0x25, 0x0D,
    0x22, 0x80, 0x82, 0x16, 0xEE, 0x80, 0x2B, 0x0C, 0x22, 0x80, 0x52, 0x06, 0x55, 0x82, 0x05, 0x70,
    0x4A, 0x07, 0x22, 0x12, 0x55, 0x81, 0xAA, 0xEB, 0x0C, 0xEE, 0x83, 0xCD, 0xFC, 0xDF, 0xFD, 0x02,
    0xFF, 0x02, 0xDD, 0x81, 0xED, 0xEE, 0x03, 0xDD, 0x03, 0xEE, 0x02, 0xDD, 0x83, 0xBB, 0xFF, 0xDD,
    0xAC, 0x02, 0xAA, 0x11, 0x77, 0x80, 0x57, 0x13, 0x55, 0x80, 0x25, 0x0D, 0x22, 0x80, 0x82, 0x16,
    0xEE, 0x80, 0x2B, 0x0C, 0x22, 0x80, 0x52, 0x06, 0x55, 0x82, 0x05, 0x70, 0x4A, 0x07, 0x22, 0x12,
    0x55, 0x81, 0xAA, 0xEB, 0x0C, 0xEE, 0x83, 0xCD, 0xFC, 0xDF, 0xFD, 0x02, 0xFF, 0x02, 0xDD, 0x81,
    0xED, 0xEE, 0x03, 0xDD, 0x03, 0xEE, 0x02, 0xDD, 0x83, 0xBB, 0xFF, 0xDD, 0xAC, 0x02, 0xAA, 0x11,
    0x77, 0x80, 0x57, 0x13, 0x55, 0x80, 0x25, 0x0D, 0x22, 0x80, 0x82, 0x16, 0xEE, 0x80, 0x2B, 0x0C,
    0x22, 0x80, 0x52, 0x06, 0x55, 0x82, 0x05, 0x70, 0x4A, 0x07, 0x22, 0x12, 0x55, 0x81, 0xAA, 0xEB,
    0x0C, 0xEE, 0x83, 0xCD, 0xFC, 0xDF, 0xFD, 0x02, 0xFF, 0x02, 0xDD, 0x81, 0xED, 0xEE, 0x02, 0xDD,
    0x80, 0xED, 0x03, 0xEE, 0x02, 0xDD, 0x83, 0xBB, 0xFF, 0xDD, 0xCB, 0x02, 0xAA, 0x14, 0x77, 0x11,
    0x55, 0x80, 0x25, 0x0D, 0x22, 0x81, 0x82, 0xDB, 0x14, 0xEE, 0x81, 0xBD, 0x28, 0x0C, 0x22, 0x80,
    0x52, 0x06, 0x55, 0x83, 0x15, 0x40, 0x17, 0x21, 0x05, 0x22, 0x80, 0x52, 0x11, 0x55, 0x82, 0x77,
    0xCA, 0xED, 0x0B, 0xEE, 0x83, 0xDD, 0xBB, 0xFB, 0xDF, 0x03, 0xFF, 0x02, 0xDD, 0x80, 0xED, 0x0A,
    0xEE, 0x02, 0xDD, 0x03, 0xBB, 0x80, 0xAA, 0x13, 0x77, 0x80, 0x57, 0x10, 0x55, 0x80, 0x25, 0x0E,
    0x22, 0x80, 0x82, 0x14, 0xEE, 0x80, 0x2B, 0x0C, 0x22, 0x80, 0x52, 0x08, 0x55, 0x82, 0x05, 0x00,
    0x10, 0x02, 0x22, 0x14, 0x55, 0x82, 0x75, 0xA9, 0xED, 0x0C, 0xEE, 0x82, 0xCB, 0xBB, 0xFB, 0x02,
    0xFF, 0x81, 0xDF, 0xFD, 0x02, 0xDD, 0x80, 0xED, 0x0A, 0xEE, 0x02, 0xDD, 0x03, 0xBB, 0x80, 0xAA,
    0x13, 0x77, 0x80, 0x57, 0x10, 0x55, 0x80, 0x25, 0x0E, 0x22, 0x80, 0x82, 0x14, 0xEE, 0x80, 0x2B,
    0x0C, 0x22, 0x80, 0x52, 0x08, 0x55, 0x82, 0x05, 0x00, 0x10, 0x02, 0x22, 0x14, 0x55, 0x82, 0x75,
    0xA9, 0xED, 0x0C, 0xEE, 0x02, 0xBB, 0x80, 0xFB, 0x02, 0xFF, 0x81, 0xDF, 0xFD, 0x02, 0xDD, 0x80,
    0xED, 0x0A, 0xEE, 0x02, 0xDD, 0x03, 0xBB, 0x80, 0xAA, 0x13, 0x77, 0x80, 0x57, 0x10, 0x55, 0x80,
    0x25, 0x0E, 0x22, 0x80, 0x82, 0x14, 0xEE, 0x80, 0x2B, 0x0C, 0x22, 0x80, 0x52, 0x08, 0x55, 0x82,
    0x05, 0x00, 0x10, 0x02, 0x22, 0x14, 0x55, 0x82, 0x75, 0xA9, 0xED, 0x0C, 0xEE, 0x02, 0xBB, 0x80,
    0xFB, 0x02, 0xFF, 0x81, 0xDF, 0xFD, 0x03, 0xDD, 0x0A, 0xEE, 0x02, 0xDD, 0x03, 0xBB, 0x80, 0xAA,
    0x02, 0x99, 0x12, 0x77, 0x10, 0x55, 0x80, 0x25, 0x0E, 0x22, 0x81, 0x82, 0xDB, 0x12, 0xEE, 0x81,
    0xBD, 0x28, 0x0C, 0x22, 0x80, 0x52, 0x08, 0x55, 0x84, 0x15, 0x00, 0x10, 0x12, 0x21, 0x13, 0x55,
    0x83, 0x77, 0x88, 0xAA, 0xED, 0x0B, 0xEE, 0x80, 0xDD, 0x02, 0xBB, 0x80, 0xFB, 0x02, 0xFF, 0x81,
    0xDF, 0xFF, 0x02, 0xEE, 0x03, 0xDD, 0x81, 0xEE, 0xDD, 0x07, 0xEE, 0x02, 0xDD, 0x04, 0xBB, 0x81,
    0xCB, 0xAA, 0x11, 0x77, 0x80, 0x57, 0x0F, 0x55, 0x80, 0x25, 0x0F, 0x22, 0x81, 0x82, 0xED, 0x11,
    0xEE, 0x80, 0x2B, 0x0C, 0x22, 0x80, 0x52, 0x0C, 0x55, 0x82, 0x05, 0x00, 0x22, 0x11, 0x55, 0x81,
    0x75, 0xAA, 0x02, 0xCC, 0x80, 0xED, 0x0B, 0xEE, 0x83, 0x3B, 0xB3, 0xBB, 0xFB, 0x04, 0xFF, 0x02,
    0xEE, 0x03, 0xDD, 0x81, 0xEE, 0xDD, 0x07, 0xEE, 0x02, 0xDD, 0x04, 0xBB, 0x81, 0xCB, 0xAA, 0x11,
    0x77, 0x80, 0x57, 0x0F, 0x55, 0x80, 0x25, 0x0F, 0x22, 0x81, 0x82, 0xED, 0x11, 0xEE, 0x80, 0x2B,
    0x0C, 0x22, 0x80, 0x52, 0x0C, 0x55, 0x82, 0x05, 0x00, 0x22, 0x11, 0x55, 0x81, 0x75, 0xAA, 0x02,
    0xCC, 0x80, 0xED, 0x0B, 0xEE, 0x83, 0x3B, 0xB3, 0xBB, 0xFB, 0x04, 0xFF, 0x02, 0xEE, 0x03, 0xDD,
    0x81, 0xEE, 0xDD, 0x07, 0xEE, 0x02, 0xDD, 0x04, 0xBB, 0x81, 0xCB, 0xAA, 0x11, 0x77, 0x80, 0x57,
    0x0F, 0x55, 0x80, 0x25, 0x0F, 0x22, 0x81, 0x82, 0xED, 0x11, 0xEE, 0x80, 0x2B, 0x0C, 0x22, 0x80,
    0x52, 0x0C, 0x55, 0x82, 0x05, 0x00, 0x22, 0x11, 0x55, 0x81, 0x75, 0xAA, 0x02, 0xCC, 0x80, 0xED,
    0x0B, 0xEE, 0x82, 0x3B, 0xB3, 0xBB, 0x05, 0xFF, 0x02, 0xEE, 0x81, 0xDE, 0xDD, 0x02, 0xEE, 0x80,
    0xDD, 0x07, 0xEE, 0x02, 0xDD, 0x05, 0xBB, 0x80, 0xAA, 0x04, 0x99, 0x80, 0x79, 0x0E, 0x77, 0x0E,
    0x55, 0x80, 0x25, 0x0F, 0x22, 0x82, 0x82, 0xBB, 0xDD, 0x0E, 0xEE, 0x82, 0xBD, 0xBB, 0x28, 0x0C,
    0x22, 0x80, 0x52, 0x0C, 0x55, 0x82, 0x15, 0x10, 0x52, 0x0B, 0x55, 0x80, 0x57, 0x04, 0x55, 0x85,
    0x77, 0x88, 0xAA, 0xCC, 0xBB, 0xED, 0x07, 0xEE, 0x80, 0xFE, 0x02, 0xFF, 0x81, 0xDD, 0x3B, 0x02,
    0xBB, 0x80, 0xFB, 0x04, 0xFF, 0x05, 0xEE, 0x04, 0xDD, 0x05, 0xEE, 0x03, 0xDD, 0x80, 0xFF, 0x02,
    0xEE, 0x03, 0xBB, 0x80, 0xCC, 0x02, 0xBB, 0x02, 0xAA, 0x80, 0x7A, 0x0C, 0x77, 0x80, 0x57, 0x0E,
    0x55, 0x80, 0x25, 0x10, 0x22, 0x80, 0x88, 0x0E, 0xEE, 0x80, 0x2B, 0x0D, 0x22, 0x80, 0x52, 0x1A,
    0x55, 0x81, 0x75, 0x77, 0x03, 0x55, 0x82, 0x75, 0xAA, 0xCC, 0x02, 0xBB, 0x80, 0xED, 0x08, 0xEE,
    0x02, 0xFF, 0x81, 0xBF, 0x3B, 0x03, 0xBB, 0x80, 0xFB, 0x03, 0xFF, 0x80, 0xDF, 0x05, 0xEE, 0x04,
    0xDD, 0x05, 0xEE, 0x03, 0xDD, 0x80, 0xFF, 0x02, 0xEE, 0x03, 0xBB, 0x80, 0xCC, 0x02, 0xBB, 0x02,
    0xAA, 0x80, 0x7A, 0x0C, 0x77, 0x80, 0x57, 0x0E, 0x55, 0x80, 0x25, 0x10, 0x22, 0x80, 0x88, 0x0E,
    0xEE, 0x80, 0x2B, 0x0D, 0x22, 0x80, 0x52, 0x1A, 0x55, 0x81, 0x75, 0x77, 0x03, 0x55, 0x82, 0x75,
    0xAA, 0xCC, 0x02, 0xBB, 0x80, 0xED, 0x08, 0xEE, 0x02, 0xFF, 0x82, 0xBF, 0x3B, 0xB3, 0x02, 0xBB,
    0x80, 0xFB, 0x03, 0xFF, 0x80, 0xDF, 0x05, 0xEE, 0x04, 0xDD, 0x05, 0xEE, 0x03, 0xDD, 0x80, 0xFF,
    0x02, 0xEE, 0x03, 0xBB, 0x80, 0xCC, 0x02, 0xBB, 0x02, 0xAA, 0x80, 0x7A, 0x0C, 0x77, 0x80, 0x57,
    0x0E, 0x55, 0x80, 0x25, 0x10, 0x22, 0x80, 0x88, 0x0E, 0xEE, 0x80, 0x2B, 0x0D, 0x22, 0x80, 0x52,
    0x1A, 0x55, 0x81, 0x75, 0x77, 0x03, 0x55, 0x82, 0x75, 0xAA, 0xCC, 0x02, 0xBB, 0x80, 0xED, 0x08,
    0xEE, 0x02, 0xFF, 0x82, 0xBF, 0x3B, 0xB3, 0x02, 0xBB, 0x04, 0xFF, 0x80, 0xDF, 0x05, 0xEE, 0x80,
    0xDE, 0x03, 0xDD, 0x05, 0xEE, 0x03, 0xDD, 0x80, 0xFF, 0x02, 0xDD, 0x05, 0xBB, 0x80, 0xCB, 0x02,
    0xAA, 0x80, 0x79, 0x0C, 0x77, 0x80, 0x57, 0x0E, 0x55, 0x80, 0x25, 0x10, 0x22, 0x80, 0x88, 0x0E,
    0xBB, 0x80, 0x28, 0x0D, 0x22, 0x80, 0x52, 0x1B, 0x55, 0x81, 0x77, 0x55, 0x02, 0x77, 0x81, 0x88,
    0xAA, 0x02, 0xCC, 0x81, 0xBB, 0xED, 0x06, 0xEE, 0x80, 0xFE, 0x02, 0xFF, 0x02, 0xBB, 0x80, 0x3B,
    0x03, 0xBB, 0x80, 0xFB, 0x03, 0xFF, 0x80, 0xDF, 0x08, 0xEE, 0x04, 0xDD, 0x05, 0xEE, 0x80, 0xDD,
    0x02, 0xBB, 0x81, 0xFF, 0xEF, 0x02, 0xEE, 0x82, 0xDD, 0xAA, 0x79, 0x0D, 0x77, 0x80, 0x57, 0x0E,
    0x55, 0x80, 0x25, 0x2E, 0x22, 0x80, 0x52, 0x1D, 0x55, 0x82, 0x77, 0xAA, 0xCC, 0x02, 0xBB, 0x82,
    0xCC, 0xBC, 0xED, 0x06, 0xEE, 0x03, 0xFF, 0x82, 0x3B, 0x33, 0xB3, 0x03, 0xBB, 0x82, 0xFB, 0xFF,
    0xDF, 0x02, 0xDD, 0x08, 0xEE, 0x04, 0xDD, 0x05, 0xEE, 0x80, 0xDD, 0x02, 0xBB, 0x81, 0xFF, 0xEF,
    0x02, 0xEE, 0x82, 0xDD, 0xAC, 0x79, 0x0D, 0x77, 0x80, 0x57, 0x0E, 0x55, 0x80, 0x25, 0x2E, 0x22,
    0x80, 0x52, 0x1D, 0x55, 0x82, 0x77, 0xAA, 0xCC, 0x02, 0xBB, 0x82, 0x9C, 0xBC, 0xED, 0x06, 0xEE,
    0x03, 0xFF, 0x88, 0x3B, 0x33, 0xB3, 0xCC, 0xBC, 0xBB, 0xFB, 0xFF, 0xDF, 0x02, 0xDD, 0x08, 0xEE,
    0x04, 0xDD, 0x05, 0xEE, 0x80, 0xDD, 0x02, 0xBB, 0x81, 0xFF, 0xEF, 0x02, 0xEE, 0x82, 0xDD, 0xAC,
    0x79, 0x0D, 0x77, 0x80, 0x57, 0x0E, 0x55, 0x80, 0x25, 0x2E, 0x22, 0x80, 0x52, 0x1D, 0x55, 0x82,
    0x77, 0xAA, 0xCC, 0x02, 0xBB, 0x82, 0x9C, 0xBC, 0xED, 0x06, 0xEE, 0x03, 0xFF, 0x83, 0x3B, 0x33,
    0xB3, 0xCC, 0x02, 0xBB, 0x82, 0xFB, 0xFF, 0xDF, 0x02, 0xDD, 0x08, 0xEE, 0x04, 0xDD, 0x05, 0xEE,
    0x80, 0xDD, 0x02, 0xBB, 0x81, 0xFF, 0xEF, 0x02, 0xEE, 0x82, 0xDD, 0xAC, 0x79, 0x0D, 0x77, 0x80,
    0x57, 0x0E, 0x55, 0x80, 0x25, 0x2E, 0x22, 0x80, 0x52, 0x1D, 0x55, 0x82, 0x77, 0xAA, 0xCC, 0x02,
    0xBB, 0x82, 0x9C, 0xBC, 0xED, 0x06, 0xEE, 0x03, 0xFF, 0x88, 0x3B, 0x33, 0xB3, 0xCB, 0xBC, 0xBB,
    0xFB, 0xFF, 0xDF, 0x02, 0xDD, 0x07, 0xEE, 0x81, 0xDD, 0xFF, 0x03, 0xEE, 0x04, 0xDD, 0x04, 0xEE,
    0x02, 0xDD, 0x02, 0xBB, 0x86, 0xFF, 0xEF, 0xEE, 0xDD, 0xBB, 0xAC, 0x7A, 0x08, 0x77, 0x80, 0x57,
    0x11, 0x55, 0x80, 0x25, 0x29, 0x22, 0x80, 0x52, 0x1E, 0x55, 0x81, 0x75, 0x77, 0x03, 0xBB, 0x82,
    0x99, 0x65, 0x77, 0x07, 0xEE, 0x02, 0xFF, 0x80, 0xBB, 0x02, 0x33, 0x80, 0xB3, 0x02, 0xBB, 0x80,
    0xFB, 0x02, 0xFF, 0x80, 0xDF, 0x03, 0xDD, 0x07, 0xEE, 0x81, 0xDD, 0xFF, 0x03, 0xEE, 0x04, 0xDD,
    0x04, 0xEE, 0x02, 0xDD, 0x02, 0xBB, 0x86, 0xFF, 0xEF, 0xEE, 0xDD, 0xBB, 0xAC, 0x7A, 0x08, 0x77,
    0x80, 0x57, 0x11, 0x55, 0x80, 0x25, 0x29, 0x22, 0x80, 0x52, 0x1E, 0x55, 0x81, 0x75, 0x77, 0x03,
    0xBB, 0x82, 0x99, 0x65, 0x77, 0x07, 0xEE, 0x02, 0xFF, 0x80, 0xBB, 0x02, 0x33, 0x81, 0xB3, 0xCB,
    0x02, 0xBB, 0x82, 0xFB, 0xFF, 0xDF, 0x03, 0xDD, 0x07, 0xEE, 0x81, 0xDD, 0xFF, 0x03, 0xEE, 0x04,
    0xDD, 0x04, 0xEE, 0x02, 0xDD, 0x02, 0xBB, 0x86, 0xFF, 0xEF, 0xEE, 0xDD, 0xBB, 0xAC, 0x7A, 0x08,
    0x77, 0x80, 0x57, 0x11, 0x55, 0x80, 0x25, 0x29, 0x22, 0x80, 0x52, 0x1E, 0x55, 0x81, 0x75, 0x77,
    0x03, 0xBB, 0x82, 0x99, 0x65, 0x77, 0x07, 0xEE, 0x02, 0xFF, 0x80, 0xBB, 0x02, 0x33, 0x81, 0xB3,
    0xCB, 0x02, 0xBB, 0x82, 0xFB, 0xFF, 0xDF, 0x03, 0xDD, 0x07, 0xEE, 0x81, 0xDD, 0xFF, 0x03, 0xEE,
    0x04, 0xDD, 0x04, 0xEE, 0x02, 0xDD, 0x02, 0xBB, 0x86, 0xFF, 0xEF, 0xEE, 0xDD, 0xBB, 0xAC, 0x7A,
    0x08, 0x77, 0x80, 0x57, 0x11, 0x55, 0x80, 0x25, 0x29, 0x22, 0x80, 0x52, 0x1E, 0x55, 0x81, 0x75,
    0x77, 0x03, 0xBB, 0x82, 0x99, 0x65, 0x77, 0x07, 0xEE, 0x02, 0xFF, 0x80, 0xBB, 0x02, 0x33, 0x81,
    0xB3, 0xCB, 0x02, 0xBB, 0x02, 0xFF, 0x80, 0xDF, 0x03, 0xDD,
};
// clang-format on
