// Copyright 2026 QMK -- generated source code only, image retains original copyright
// SPDX-License-Identifier: GPL-2.0-or-later

// This file was auto-generated by `painter_convert_graphics` with arguments:
//    format | pal16
//    output | Downloads
//    input  | cyberpunk_4_3_ansi_320x240.jpg

// Image's metadata
// ----------------
// Width: 320
// Height: 240
// Single frame

#include <qp.h>

const uint32_t gfx_cyberpunk_4_3_ansi_320x240_length = 17686;

// clang-format off
const uint8_t gfx_cyberpunk_4_3_ansi_320x240[17686] = {
    0x00, 0xFF, 0x12, 0x00, 0x00, 0x51, 0x47, 0x46, 0x01, 0x16, 0x45, 0x00, 0x00, 0xE9, 0xBA, 0xFF,
    0xFF, 0x40, 0x01, 0xF0, 0x00, 0x01, 0x00, 0x01, 0xFE, 0x04, 0x00, 0x00, 0x20, 0x00, 0x00, 0x00,
    0x02, 0xFD, 0x06, 0x00, 0x00, 0x06, 0x00, 0x01, 0xFF, 0xE8, 0x03, 0x03, 0xFC, 0x30, 0x00, 0x00,
    0xD2, 0x14, 0xFE, 0xD5, 0x4D, 0xFB, 0xD2, 0x4D, 0xFC, 0xD3, 0x4C, 0xFA, 0x88, 0x58, 0xE6, 0xD5,
    0x76, 0xFE, 0xD5, 0x77, 0xFE, 0xCF, 0x57, 0xED, 0xCF, 0x94, 0xEE, 0xD0, 0xAC, 0x78, 0x7F, 0x09,
    0x1C, 0x7F, 0x19, 0x14, 0xD9, 0xF2, 0xF4, 0xC9, 0xF1, 0xDE, 0xC4, 0xEA, 0x7B, 0xAA, 0xC2, 0x26,
    0x05, 0xFA, 0xB1, 0x44, 0x00, 0x1F, 0xAA, 0x81, 0xEE, 0xAE, 0x19, 0xAA, 0x82, 0x9A, 0xED, 0xAE,
    0x03, 0xAA, 0x81, 0xEA, 0xEE, 0x1D, 0xAA, 0x81, 0xD9, 0xA9, 0x34, 0xAA, 0x80, 0x99, 0x0A, 0xAA,
    0x0D, 0xBB, 0x80, 0xAA, 0x11, 0xBB, 0x81, 0xEF, 0xBF, 0x0A, 0xBB, 0x81, 0xAB, 0xBA, 0x03, 0xBB,
    0x82, 0xAB, 0xBA, 0xAB, 0x02, 0xAA, 0x81, 0xBA, 0xAB, 0x02, 0xAA, 0x83, 0xBA, 0xEB, 0xED, 0xFF,
    0x03, 0xBB, 0x82, 0xFB, 0xFE, 0xBB, 0x16, 0xAA, 0x80, 0xBB, 0x03, 0xAA, 0x02, 0xBB, 0x81, 0xD9,
    0xBE, 0x05, 0xBB, 0x82, 0xAB, 0xAA, 0xBA, 0x28, 0xBB, 0x80, 0xAA, 0x03, 0xBB, 0x81, 0xEE, 0xBA,
    0x16, 0xBB, 0x80, 0xAA, 0x11, 0xBB, 0x81, 0xEF, 0xBF, 0x0A, 0xBB, 0x81, 0xAB, 0xBA, 0x03, 0xBB,
    0x82, 0xAB, 0xBA, 0xAB, 0x02, 0xAA, 0x81, 0xBA, 0xAB, 0x02, 0xAA, 0x83, 0xBA, 0xEB, 0xED, 0xFF,
    0x03, 0xBB, 0x82, 0xFB, 0xFE, 0xBB, 0x16, 0xAA, 0x80, 0xBB, 0x03, 0xAA, 0x02, 0xBB, 0x81, 0xD9,
    0xBE, 0x05, 0xBB, 0x82, 0xAB, 0xAA, 0xBA, 0x28, 0xBB, 0x80, 0xAA, 0x03, 0xBB, 0x81, 0xEE, 0xBA,
    0x16, 0xBB, 0x80, 0xAA, 0x11, 0xBB, 0x81, 0xEF, 0xBF, 0x0A, 0xBB, 0x81, 0xAB, 0xBA, 0x03, 0xBB,
    0x82, 0xAB, 0xBA, 0xAB, 0x02, 0xAA, 0x81, 0xBA, 0xAB, 0x02, 0xAA, 0x83, 0xBA, 0xEB, 0xED, 0xFF,
    0x03, 0xBB, 0x82, 0xFB, 0xFE, 0xBB, 0x16, 0xAA, 0x80, 0xBB, 0x03, 0xAA, 0x02, 0xBB, 0x81, 0xD9,
    0xBE, 0x05, 0xBB, 0x82, 0xAB, 0xAA, 0xBA, 0x28, 0xBB, 0x80, 0xAA, 0x03, 0xBB, 0x81, 0xEE, 0xBA,
    0x15, 0xBB, 0x80, 0xAA, 0x10, 0xBB, 0x82, 0xAA, 0xEE, 0xAE, 0x04, 0xAA, 0x02, 0xBB, 0x80, 0xAB,
    0x12, 0xAA, 0x87, 0xEA, 0xDE, 0xED, 0xBF, 0xBB, 0xEB, 0xA9, 0xAB, 0x03, 0xAA, 0x82, 0xFA, 0xFF,
    0xAE, 0x17, 0xAA, 0x82, 0x9A, 0xEE, 0xBF, 0x02, 0xBB, 0x81, 0x9A, 0xAE, 0x03, 0xAA, 0x80, 0xBA,
    0x10, 0xBB, 0x80, 0xBA, 0x1A, 0xBB, 0x81, 0x9E, 0xAA, 0x16, 0xBB, 0x80, 0xAA, 0x10, 0xBB, 0x82,
    0x9A, 0xD9, 0xAE, 0x04, 0xAA, 0x02, 0xBB, 0x80, 0xAB, 0x12, 0xAA, 0x82, 0xDA, 0xDD, 0xAD, 0x02,
    0xBB, 0x82, 0x9B, 0xE9, 0xBB, 0x03, 0xAA, 0x82, 0xFA, 0xEF, 0xAE, 0x17, 0xAA, 0x82, 0x9E, 0xFE,
    0xBF, 0x02, 0xBB, 0x81, 0x9E, 0xA9, 0x03, 0xAA, 0x80, 0xBA, 0x0F, 0xBB, 0x81, 0xAB, 0xBA, 0x1A,
    0xBB, 0x81, 0x99, 0xBA, 0x16, 0xBB, 0x80, 0xAA, 0x10, 0xBB, 0x82, 0x9A, 0xD9, 0xAE, 0x04, 0xAA,
    0x02, 0xBB, 0x80, 0xAB, 0x12, 0xAA, 0x82, 0xDA, 0xDD, 0xAD, 0x02, 0xBB, 0x82, 0x9B, 0xE9, 0xBB,
    0x03, 0xAA, 0x82, 0xFA, 0xEF, 0xEE, 0x17, 0xAA, 0x82, 0x9E, 0xFE, 0xBF, 0x02, 0xBB, 0x81, 0x9E,
    0xA9, 0x03, 0xAA, 0x80, 0xBA, 0x0F, 0xBB, 0x81, 0xAB, 0xBA, 0x1A, 0xBB, 0x81, 0x99, 0xBA, 0x16,
    0xBB, 0x80, 0xAA, 0x10, 0xBB, 0x82, 0x9A, 0xD9, 0xAE, 0x04, 0xAA, 0x02, 0xBB, 0x80, 0xAB, 0x12,
    0xAA, 0x82, 0xDA, 0xDD, 0xAD, 0x02, 0xBB, 0x82, 0x9B, 0xE9, 0xBB, 0x03, 0xAA, 0x82, 0xFA, 0xEF,
    0xEE, 0x17, 0xAA, 0x82, 0x9E, 0xFE, 0xBF, 0x02, 0xBB, 0x81, 0x9E, 0xA9, 0x03, 0xAA, 0x80, 0xBA,
    0x0F, 0xBB, 0x81, 0xAB, 0xBA, 0x1A, 0xBB, 0x81, 0x99, 0xBA, 0x15, 0xBB, 0x80, 0xAA, 0x10, 0xBB,
    0x82, 0xEA, 0x99, 0xEE, 0x02, 0xAA, 0x81, 0xEE, 0xAE, 0x02, 0xAA, 0x80, 0xBA, 0x10, 0xAA, 0x85,
    0xBA, 0xAB, 0xEA, 0xDE, 0xED, 0xFE, 0x02, 0xBB, 0x85, 0xAB, 0xAA, 0xFA, 0xEF, 0x9E, 0x99, 0x02,
    0xFF, 0x84, 0xFE, 0xFF, 0xEF, 0xE9, 0xAA, 0x03, 0xFF, 0x10, 0xAA, 0x81, 0xD9, 0xFE, 0x03, 0xBB,
    0x07, 0xAA, 0x81, 0xBB, 0xAB, 0x04, 0xBB, 0x81, 0xAB, 0xBA, 0x1D, 0xBB, 0x80, 0xAA, 0x03, 0xBB,
    0x81, 0x99, 0xAA, 0x16, 0xBB, 0x80, 0xAA, 0x10, 0xBB, 0x82, 0x9E, 0xDD, 0xAE, 0x02, 0xAA, 0x81,
    0xDE, 0xAE, 0x13, 0xAA, 0x85, 0xBA, 0xAB, 0xDA, 0xDD, 0xED, 0xFF, 0x03, 0xBB, 0x84, 0xAA, 0xFA,
    0xEF, 0x9E, 0x99, 0x04, 0xFF, 0x82, 0xEF, 0x99, 0xAA, 0x03, 0xFF, 0x10, 0xAA, 0x81, 0xD9, 0xBE,
    0x03, 0xBB, 0x80, 0xAB, 0x06, 0xAA, 0x82, 0xBA, 0xAB, 0xBA, 0x03, 0xBB, 0x81, 0xAB, 0xBA, 0x1D,
    0xBB, 0x80, 0xAA, 0x03, 0xBB, 0x81, 0x99, 0xBA, 0x16, 0xBB, 0x80, 0xAA, 0x10, 0xBB, 0x82, 0x9E,
    0xDD, 0xAE, 0x02, 0xAA, 0x81, 0xDE, 0xAE, 0x13, 0xAA, 0x85, 0xBA, 0xAB, 0xDA, 0xDD, 0xED, 0xFF,
    0x03, 0xBB, 0x84, 0xAA, 0xFA, 0xEF, 0x9E, 0x99, 0x04, 0xFF, 0x82, 0xEF, 0x99, 0xAA, 0x03, 0xFF,
    0x10, 0xAA, 0x81, 0xD9, 0xBE, 0x03, 0xBB, 0x80, 0xAB, 0x06, 0xAA, 0x82, 0xBA, 0xAB, 0xBA, 0x03,
    0xBB, 0x81, 0xAB, 0xBA, 0x1D, 0xBB, 0x80, 0xAA, 0x03, 0xBB, 0x81, 0x99, 0xBA, 0x16, 0xBB, 0x80,
    0xAA, 0x10, 0xBB, 0x82, 0x9E, 0xDD, 0xAE, 0x02, 0xAA, 0x81, 0xDE, 0xAE, 0x13, 0xAA, 0x85, 0xBA,
    0xAB, 0xDA, 0xDD, 0xED, 0xFF, 0x03, 0xBB, 0x84, 0xAA, 0xFA, 0xEF, 0x9E, 0x99, 0x04, 0xFF, 0x82,
    0xEF, 0x99, 0xAA, 0x03, 0xFF, 0x10, 0xAA, 0x81, 0xD9, 0xBE, 0x03, 0xBB, 0x80, 0xAB, 0x06, 0xAA,
    0x82, 0xBA, 0xAB, 0xBA, 0x03, 0xBB, 0x81, 0xAB, 0xBA, 0x1D, 0xBB, 0x80, 0xAA, 0x03, 0xBB, 0x81,
    0x99, 0xBA, 0x15, 0xBB, 0x02, 0xAA, 0x0F, 0xBB, 0x82, 0xEE, 0xD9, 0xEE, 0x02, 0xAA, 0x81, 0x99,
    0xD9, 0x02, 0x99, 0x81, 0xFE, 0xAF, 0x06, 0xAA, 0x80, 0x9A, 0x05, 0x99, 0x89, 0xF9, 0xAF, 0xAA,
    0xBA, 0xBB, 0x9B, 0xD9, 0xDD, 0xED, 0xBF, 0x03, 0xBB, 0x80, 0xFA, 0x02, 0xFF, 0x81, 0x9A, 0x98,
    0x08, 0xEE, 0x81, 0xFF, 0xEE, 0x03, 0xFF, 0x0A, 0xAA, 0x84, 0xBB, 0xAA, 0x9A, 0xD9, 0xBE, 0x03,
    0xBB, 0x80, 0xAB, 0x06, 0xAA, 0x82, 0xBA, 0xAB, 0xBA, 0x03, 0xBB, 0x81, 0xAB, 0xBA, 0x1B, 0xBB,
    0x82, 0xAB, 0x99, 0xAA, 0x03, 0xBB, 0x80, 0xAA, 0x15, 0xBB, 0x82, 0xAB, 0xEE, 0xAA, 0x0F, 0xBB,
    0x82, 0xD9, 0xDD, 0xAE, 0x02, 0xAA, 0x80, 0x89, 0x03, 0x88, 0x81, 0xF9, 0xAF, 0x06, 0xAA, 0x8E,
    0x9A, 0xD9, 0x8D, 0x88, 0xD8, 0xDD, 0xFD, 0xAF, 0xAA, 0xBA, 0xAB, 0x9A, 0xD9, 0xDD, 0xED, 0x04,
    0xBB, 0x80, 0xFA, 0x02, 0xFF, 0x83, 0x9B, 0x98, 0xEE, 0x99, 0x03, 0xEE, 0x80, 0xEF, 0x02, 0xEE,
    0x81, 0xFF, 0xEE, 0x03, 0xFF, 0x0A, 0xAA, 0x84, 0xBB, 0xAA, 0x99, 0xDD, 0xBE, 0x03, 0xBB, 0x80,
    0xAB, 0x11, 0xAA, 0x80, 0xBA, 0x09, 0xBB, 0x80, 0xBA, 0x04, 0xBB, 0x80, 0xBA, 0x04, 0xBB, 0x80,
    0xAA, 0x03, 0xBB, 0x84, 0xAB, 0xCC, 0xAA, 0xBB, 0xAA, 0x0D, 0xBB, 0x80, 0xAB, 0x09, 0xBB, 0x82,
    0xAB, 0xEE, 0xAA, 0x0F, 0xBB, 0x82, 0xD9, 0xDD, 0xAE, 0x02, 0xAA, 0x80, 0x89, 0x03, 0x88, 0x81,
    0xF9, 0xAF, 0x06, 0xAA, 0x8E, 0x9A, 0xD9, 0x8D, 0x88, 0xD8, 0xDD, 0xFD, 0xAF, 0xAA, 0xBA, 0xAB,
    0x9A, 0xD9, 0xDD, 0xED, 0x04, 0xBB, 0x80, 0xFA, 0x02, 0xFF, 0x83, 0x9B, 0x98, 0xEE, 0x99, 0x03,
    0xEE, 0x80, 0xEF, 0x02, 0xEE, 0x81, 0xFF, 0xEE, 0x03, 0xFF, 0x0A, 0xAA, 0x84, 0xBB, 0xAA, 0x99,
    0xDD, 0xBE, 0x03, 0xBB, 0x80, 0xAB, 0x11, 0xAA, 0x80, 0xBA, 0x09, 0xBB, 0x80, 0xBA, 0x04, 0xBB,
    0x80, 0xBA, 0x04, 0xBB, 0x80, 0xAA, 0x03, 0xBB, 0x84, 0xAB, 0xCC, 0xAA, 0xBB, 0xAA, 0x0D, 0xBB,
    0x80, 0xAB, 0x09, 0xBB, 0x82, 0xAB, 0xEE, 0xAA, 0x0F, 0xBB, 0x82, 0xD9, 0xDD, 0xAE, 0x02, 0xAA,
    0x80, 0x89, 0x03, 0x88, 0x81, 0xF9, 0xAF, 0x06, 0xAA, 0x8E, 0x9A, 0xD9, 0x8D, 0x88, 0xD8, 0xDD,
    0xFD, 0xAF, 0xAA, 0xBA, 0xAB, 0x9A, 0xD9, 0xDD, 0xED, 0x04, 0xBB, 0x80, 0xFA, 0x02, 0xFF, 0x83,
    0x9B, 0x98, 0xEE, 0x99, 0x03, 0xEE, 0x80, 0xEF, 0x02, 0xEE, 0x81, 0xFF, 0xEE, 0x03, 0xFF, 0x0A,
    0xAA, 0x84, 0xBB, 0xAA, 0x99, 0xDD, 0xBE, 0x03, 0xBB, 0x80, 0xAB, 0x11, 0xAA, 0x80, 0xBA, 0x09,
    0xBB, 0x80, 0xBA, 0x04, 0xBB, 0x80, 0xBA, 0x04, 0xBB, 0x80, 0xAA, 0x03, 0xBB, 0x84, 0xAB, 0xCC,
    0xAA, 0xBB, 0xAA, 0x0D, 0xBB, 0x80, 0xAB, 0x09, 0xBB, 0x81, 0xAA, 0xFE, 0x0F, 0xBB, 0x82, 0xEE,
    0xDD, 0xEE, 0x03, 0xAA, 0x84, 0x89, 0xE9, 0x9E, 0xEE, 0xFE, 0x05, 0xAA, 0x91, 0xEA, 0xAF, 0x89,
    0xE8, 0x8E, 0x88, 0xD8, 0xED, 0xFE, 0xAF, 0xBA, 0xBB, 0x9B, 0xD9, 0xDD, 0xED, 0xFE, 0xFF, 0x03,
    0xBB, 0x89, 0xAA, 0xFF, 0xEF, 0xD9, 0xD8, 0x9D, 0x9E, 0x99, 0xDD, 0x9D, 0x06, 0xEE, 0x80, 0xFF,
    0x02, 0xEE, 0x02, 0xFF, 0x07, 0xAA, 0x87, 0xBA, 0xAA, 0xD9, 0xEE, 0xBF, 0xBB, 0xFF, 0xBF, 0x12,
    0xAA, 0x80, 0xBA, 0x0E, 0xBB, 0x82, 0xAA, 0xBB, 0xAB, 0x06, 0xBB, 0x81, 0xAB, 0x99, 0x19, 0xBB,
    0x82, 0xAB, 0xEE, 0xFF, 0x0F, 0xBB, 0x02, 0xDD, 0x81, 0xEE, 0xAF, 0x02, 0xAA, 0x84, 0x89, 0xFE,
    0xAF, 0xFF, 0xAF, 0x05, 0xAA, 0x84, 0xEA, 0xAE, 0x89, 0xE8, 0x8E, 0x02, 0x88, 0x8A, 0xE8, 0xAE,
    0xAA, 0xBA, 0xAB, 0x9A, 0xD9, 0xDD, 0xAD, 0xFB, 0xFE, 0x02, 0xBB, 0x02, 0xAA, 0x81, 0xFA, 0x9F,
    0x02, 0x88, 0x82, 0xD8, 0x9E, 0x89, 0x02, 0x88, 0x06, 0xEE, 0x80, 0xFF, 0x02, 0xEE, 0x02, 0xFF,
    0x09, 0xAA, 0x85, 0xD9, 0xFE, 0xBF, 0xBB, 0xFF, 0xAF, 0x14, 0xAA, 0x80, 0xBA, 0x02, 0xBB, 0x80,
    0xBA, 0x02, 0xBB, 0x80, 0xBA, 0x06, 0xBB, 0x05, 0xAA, 0x80, 0xBB, 0x02, 0xAA, 0x02, 0xBB, 0x80,
    0xAA, 0x05, 0xBB, 0x80, 0xAA, 0x13, 0xBB, 0x82, 0xAB, 0xEE, 0xFF, 0x0F, 0xBB, 0x02, 0xDD, 0x81,
    0xEE, 0xAF, 0x02, 0xAA, 0x84, 0x89, 0xFE, 0xAF, 0xFF, 0xAF, 0x05, 0xAA, 0x84, 0xEA, 0xAE, 0x89,
    0xE8, 0x8E, 0x02, 0x88, 0x8A, 0xE8, 0xAE, 0xAA, 0xBA, 0xAB, 0x9A, 0xD9, 0xDD, 0xAD, 0xFB, 0xFE,
    0x02, 0xBB, 0x02, 0xAA, 0x81, 0xFA, 0x9F, 0x02, 0x88, 0x82, 0xD8, 0x9E, 0x89, 0x02, 0x88, 0x06,
    0xEE, 0x80, 0xFF, 0x02, 0xEE, 0x02, 0xFF, 0x09, 0xAA, 0x85, 0xD9, 0xFE, 0xBF, 0xBB, 0xFF, 0xAF,
    0x14, 0xAA, 0x80, 0xBA, 0x02, 0xBB, 0x80, 0xBA, 0x02, 0xBB, 0x80, 0xBA, 0x06, 0xBB, 0x05, 0xAA,
    0x80, 0xBB, 0x02, 0xAA, 0x02, 0xBB, 0x80, 0xAA, 0x05, 0xBB, 0x80, 0xAA, 0x13, 0xBB, 0x82, 0xAB,
    0xEE, 0xFF, 0x0F, 0xBB, 0x02, 0xDD, 0x81, 0xEE, 0xAF, 0x02, 0xAA, 0x84, 0x89, 0xFE, 0xAF, 0xFF,
    0xAF, 0x05, 0xAA, 0x84, 0xEA, 0xAE, 0x89, 0xE8, 0x8E, 0x02, 0x88, 0x8A, 0xE8, 0xAE, 0xAA, 0xBA,
    0xAB, 0x9A, 0xD9, 0xDD, 0xAD, 0xFB, 0xFE, 0x02, 0xBB, 0x02, 0xAA, 0x81, 0xFA, 0x9F, 0x02, 0x88,
    0x81, 0xD8, 0x9E, 0x03, 0x88, 0x06, 0xEE, 0x80, 0xFF, 0x02, 0xEE, 0x02, 0xFF, 0x09, 0xAA, 0x85,
    0xD9, 0xFE, 0xBF, 0xBB, 0xFF, 0xAF, 0x14, 0xAA, 0x80, 0xBA, 0x02, 0xBB, 0x80, 0xBA, 0x02, 0xBB,
    0x80, 0xBA, 0x06, 0xBB, 0x04, 0xAA, 0x81, 0xBA, 0xBB, 0x02, 0xAA, 0x02, 0xBB, 0x80, 0xAA, 0x05,
    0xBB, 0x80, 0xAA, 0x13, 0xBB, 0x82, 0xAA, 0xEE, 0xFF, 0x0E, 0xBB, 0x80, 0xEE, 0x02, 0xDD, 0x80,
    0xFE, 0x03, 0xAA, 0x84, 0x9E, 0xFE, 0xAA, 0xFF, 0xAF, 0x05, 0xAA, 0x8C, 0xEA, 0xAF, 0x9A, 0xFE,
    0xEE, 0x9E, 0xD9, 0xED, 0xFE, 0xBF, 0xBB, 0xAB, 0x9A, 0x02, 0xDD, 0x82, 0xED, 0xEE, 0xFF, 0x02,
    0xBB, 0x02, 0xAA, 0x85, 0xFF, 0x9F, 0xD8, 0xD9, 0xD8, 0xD9, 0x03, 0x88, 0x81, 0x99, 0xDD, 0x03,
    0x99, 0x04, 0xEE, 0x02, 0x99, 0x80, 0xEE, 0x05, 0xAA, 0x88, 0xBB, 0xAA, 0x99, 0xDD, 0xFE, 0xBF,
    0x9A, 0xFA, 0xAF, 0x14, 0xAA, 0x80, 0xBA, 0x02, 0xBB, 0x83, 0xBA, 0xBB, 0xAB, 0xBA, 0x05, 0xBB,
    0x80, 0xAB, 0x05, 0xAA, 0x82, 0xBB, 0xAB, 0x99, 0x03, 0xBB, 0x80, 0xEE, 0x04, 0xBB, 0x80, 0xAA,
    0x12, 0xBB, 0x82, 0xAB, 0xEE, 0xFF, 0x0F, 0xBB, 0x03, 0xDD, 0x80, 0xAE, 0x0F, 0xAA, 0x80, 0xFA,
    0x02, 0xFF, 0x8B, 0xAF, 0xDA, 0xAD, 0xFA, 0xBF, 0xAB, 0x9A, 0xD9, 0xDD, 0xED, 0xDE, 0xED, 0x03,
    0xBB, 0x85, 0xAA, 0xFA, 0xFF, 0x9B, 0x98, 0x9E, 0x0A, 0x88, 0x04, 0xEE, 0x02, 0x88, 0x80, 0xEE,
    0x05, 0xAA, 0x87, 0xBB, 0xAB, 0xC9, 0xDD, 0xBE, 0xBB, 0xC9, 0xA9, 0x15, 0xAA, 0x89, 0xBA, 0xBB,
    0xAB, 0xBA, 0xAB, 0xAA, 0xBA, 0xBB, 0xBA, 0xBB, 0x09, 0xAA, 0x81, 0xAB, 0xCC, 0x02, 0xAA, 0x81,
    0xBB, 0xDD, 0x02, 0xBB, 0x0E, 0xAA, 0x07, 0xBB, 0x82, 0xAB, 0xEE, 0xFF, 0x0F, 0xBB, 0x03, 0xDD,
    0x80, 0xAE, 0x0F, 0xAA, 0x80, 0xFA, 0x02, 0xFF, 0x8B, 0xAF, 0xDA, 0xAD, 0xFA, 0xBF, 0xAB, 0x9A,
    0xD9, 0xDD, 0xED, 0xDE, 0xED, 0x03, 0xBB, 0x85, 0xAA, 0xFA, 0xFF, 0x9B, 0x98, 0x9E, 0x0A, 0x88,
    0x04, 0xEE, 0x02, 0x88, 0x80, 0xEE, 0x05, 0xAA, 0x87, 0xBB, 0xAB, 0xC9, 0xDD, 0xBE, 0xBB, 0xC9,
    0xA9, 0x15, 0xAA, 0x89, 0xBA, 0xBB, 0xAB, 0xBA, 0xAB, 0xAA, 0xBA, 0xBB, 0xBA, 0xBB, 0x09, 0xAA,
    0x81, 0xAB, 0xCC, 0x02, 0xAA, 0x81, 0xBB, 0xDD, 0x02, 0xBB, 0x0E, 0xAA, 0x07, 0xBB, 0x82, 0xAB,
    0xEE, 0xFF, 0x0F, 0xBB, 0x03, 0xDD, 0x80, 0xAE, 0x0F, 0xAA, 0x80, 0xFA, 0x02, 0xFF, 0x8B, 0xAF,
    0xDA, 0xAD, 0xFA, 0xBF, 0xAB, 0x9A, 0xD9, 0xDD, 0xED, 0xDE, 0xED, 0x03, 0xBB, 0x85, 0xAA, 0xFA,
    0xFF, 0x9B, 0x98, 0x9E, 0x0A, 0x88, 0x04, 0xEE, 0x02, 0x88, 0x80, 0xEE, 0x05, 0xAA, 0x87, 0xBB,
    0xAB, 0xC9, 0xDD, 0xBE, 0xBB, 0xC9, 0xA9, 0x15, 0xAA, 0x89, 0xBA, 0xBB, 0xAB, 0xBA, 0xAB, 0xAA,
    0xBA, 0xBB, 0xBA, 0xBB, 0x09, 0xAA, 0x81, 0xAB, 0xCC, 0x02, 0xAA, 0x81, 0xBB, 0xDD, 0x02, 0xBB,
    0x0E, 0xAA, 0x07, 0xBB, 0x84, 0xAA, 0xFE, 0xFF, 0xBB, 0xBA, 0x0C, 0xBB, 0x80, 0xEE, 0x02, 0xDD,
    0x80, 0xED, 0x05, 0xAA, 0x80, 0xFA, 0x08, 0xAA, 0x80, 0xFA, 0x05, 0xFF, 0x86, 0xEA, 0xAE, 0xFA,
    0xBF, 0xAB, 0xCA, 0xDC, 0x03, 0xDD, 0x80, 0xED, 0x03, 0xBB, 0x85, 0xAA, 0xFA, 0xFF, 0x9A, 0xED,
    0xEE, 0x02, 0xDD, 0x08, 0x88, 0x04, 0x99, 0x82, 0x88, 0x99, 0xEE, 0x02, 0x99, 0x03, 0xAA, 0x02,
    0xBB, 0x84, 0xD9, 0xDD, 0xBE, 0xBB, 0x99, 0x15, 0xAA, 0x80, 0xBA, 0x04, 0xBB, 0x80, 0xAB, 0x02,
    0xAA, 0x82, 0xAB, 0xAA, 0xAB, 0x07, 0xAA, 0x83, 0xAB, 0xAA, 0xAB, 0x99, 0x03, 0xBB, 0x80, 0xDD,
    0x02, 0xBB, 0x0E, 0xAA, 0x06, 0xBB, 0x83, 0xAB, 0xEE, 0xFF, 0xBB, 0x02, 0xAA, 0x0C, 0xBB, 0x83,
    0xDD, 0x88, 0xDD, 0x99, 0x05, 0xAA, 0x81, 0xFF, 0xAF, 0x07, 0xAA, 0x80, 0xFA, 0x05, 0xFF, 0x8A,
    0xAF, 0xAA, 0xBA, 0xAB, 0x9A, 0x69, 0xD6, 0xCD, 0xDC, 0xDD, 0xED, 0x03, 0xBB, 0x82, 0xAA, 0xFA,
    0xEF, 0x02, 0xEE, 0x82, 0xEF, 0xEE, 0x9E, 0x0D, 0x88, 0x83, 0xFF, 0xEE, 0xDD, 0x88, 0x04, 0xAA,
    0x80, 0xBB, 0x02, 0xDD, 0x80, 0xBE, 0x17, 0xAA, 0x80, 0xBA, 0x02, 0xBB, 0x81, 0xBA, 0xAB, 0x0D,
    0xAA, 0x81, 0xAB, 0xEE, 0x02, 0xAA, 0x03, 0xBB, 0x81, 0xDD, 0xBB, 0x0F, 0xAA, 0x06, 0xBB, 0x83,
    0xAB, 0xEE, 0xFF, 0xBB, 0x02, 0xAA, 0x0C, 0xBB, 0x83, 0xDD, 0x88, 0xDD, 0x99, 0x05, 0xAA, 0x81,
    0xFF, 0xAF, 0x07, 0xAA, 0x80, 0xFA, 0x05, 0xFF, 0x8A, 0xAF, 0xAA, 0xBA, 0xAB, 0x9A, 0x69, 0xD6,
    0xCD, 0xDC, 0xDD, 0xED, 0x03, 0xBB, 0x82, 0xAA, 0xFA, 0xEF, 0x02, 0xEE, 0x82, 0xEF, 0xEE, 0x9E,
    0x0D, 0x88, 0x83, 0xFF, 0xEE, 0xDD, 0x88, 0x04, 0xAA, 0x80, 0xBB, 0x02, 0xDD, 0x80, 0xBE, 0x17,
    0xAA, 0x80, 0xBA, 0x02, 0xBB, 0x81, 0xBA, 0xAB, 0x0C, 0xAA, 0x82, 0xBA, 0xAB, 0xEE, 0x02, 0xAA,
    0x03, 0xBB, 0x81, 0xDD, 0xBB, 0x0F, 0xAA, 0x06, 0xBB, 0x83, 0xAB, 0xEE, 0xFF, 0xBB, 0x02, 0xAA,
    0x0C, 0xBB, 0x83, 0xDD, 0x88, 0xDD, 0x99, 0x05, 0xAA, 0x81, 0xFF, 0xAF, 0x07, 0xAA, 0x80, 0xFA,
    0x05, 0xFF, 0x8A, 0xAF, 0xAA, 0xBA, 0xAB, 0x9A, 0x69, 0xD6, 0xCD, 0xDC, 0xDD, 0xED, 0x03, 0xBB,
    0x82, 0xAA, 0xFA, 0xEF, 0x02, 0xEE, 0x82, 0xEF, 0xEE, 0x9E, 0x0D, 0x88, 0x83, 0xFF, 0xEE, 0xDD,
    0x88, 0x04, 0xAA, 0x80, 0xBB, 0x02, 0xDD, 0x80, 0xBE, 0x17, 0xAA, 0x80, 0xBA, 0x02, 0xBB, 0x81,
    0xBA, 0xAB, 0x0D, 0xAA, 0x81, 0xAB, 0xEE, 0x02, 0xAA, 0x03, 0xBB, 0x81, 0xDD, 0xBB, 0x0F, 0xAA,
    0x05, 0xBB, 0x84, 0xAB, 0xAA, 0xEE, 0xFF, 0xAB, 0x02, 0xAA, 0x0B, 0xBB, 0x84, 0xEE, 0x8D, 0x88,
    0xDD, 0x99, 0x06, 0xEE, 0x80, 0x9E, 0x04, 0xEE, 0x80, 0x9E, 0x02, 0x99, 0x06, 0xEE, 0x86, 0x9E,
    0xE9, 0xEE, 0x9E, 0x99, 0x89, 0xC8, 0x03, 0xDD, 0x88, 0x9D, 0xFE, 0xAF, 0xAA, 0x99, 0xE9, 0x9E,
    0x99, 0xE9, 0x02, 0xEE, 0x80, 0x9E, 0x08, 0xDD, 0x80, 0x88, 0x03, 0xDD, 0x80, 0x88, 0x02, 0xEE,
    0x81, 0xD9, 0x99, 0x02, 0xAA, 0x85, 0xBA, 0xAA, 0xEE, 0xDD, 0xEE, 0xBF, 0x16, 0xAA, 0x80, 0xBA,
    0x03, 0xBB, 0x81, 0xBA, 0xAB, 0x0D, 0xAA, 0x82, 0xAB, 0xEE, 0xAA, 0x03, 0xBB, 0x82, 0xEE, 0x99,
    0xBB, 0x0F, 0xAA, 0x05, 0xBB, 0x86, 0xAA, 0xE9, 0xFE, 0xBB, 0xAA, 0xEE, 0xAA, 0x03, 0xBB, 0x04,
    0xAA, 0x03, 0xBB, 0x85, 0xAA, 0xDD, 0x66, 0xCC, 0xDD, 0xEE, 0x16, 0xDD, 0x8B, 0xCD, 0x8C, 0x68,
    0xC5, 0xCC, 0xDC, 0xDD, 0xCD, 0xCC, 0xEC, 0xAF, 0x9A, 0x03, 0xCC, 0x81, 0x9C, 0x99, 0x0B, 0xEE,
    0x80, 0xDD, 0x03, 0xEE, 0x80, 0x88, 0x02, 0xEE, 0x82, 0x99, 0xAA, 0xFF, 0x02, 0xBB, 0x85, 0xAA,
    0xD9, 0xDD, 0xBA, 0xBB, 0xAB, 0x15, 0xAA, 0x82, 0xBA, 0xBB, 0xAB, 0x12, 0xAA, 0x80, 0xE9, 0x02,
    0xBB, 0x81, 0xAB, 0xDD, 0x02, 0xBB, 0x0F, 0xAA, 0x05, 0xBB, 0x86, 0xAA, 0xE9, 0xFE, 0xBB, 0xAA,
    0xEE, 0xAA, 0x03, 0xBB, 0x04, 0xAA, 0x03, 0xBB, 0x85, 0xAA, 0xDD, 0x66, 0xCC, 0xDD, 0xEE, 0x16,
    0xDD, 0x8B, 0xCD, 0x8C, 0x58, 0xC6, 0xCC, 0xDC, 0xDD, 0xCD, 0xCC, 0xEC, 0xAF, 0x9A, 0x03, 0xCC,
    0x81, 0x9C, 0x99, 0x0B, 0xEE, 0x80, 0xDD, 0x03, 0xEE, 0x80, 0x88, 0x02, 0xEE, 0x82, 0x99, 0xAA,
    0xFF, 0x02, 0xBB, 0x85, 0xAA, 0xD9, 0xDD, 0xBA, 0xBB, 0xAB, 0x15, 0xAA, 0x82, 0xBA, 0xBB, 0xAB,
    0x12, 0xAA, 0x80, 0xE9, 0x02, 0xBB, 0x81, 0xAB, 0xDD, 0x02, 0xBB, 0x0F, 0xAA, 0x05, 0xBB, 0x86,
    0xAA, 0xE9, 0xFE, 0xBB, 0xAA, 0xEE, 0xAA, 0x03, 0xBB, 0x04, 0xAA, 0x03, 0xBB, 0x85, 0xAA, 0xDD,
    0x66, 0xCC, 0xDD, 0xEE, 0x16, 0xDD, 0x8B, 0xCD, 0x8C, 0x68, 0xC6, 0xCC, 0xDC, 0xDD, 0xCD, 0xCC,
    0xEC, 0xAF, 0x9A, 0x03, 0xCC, 0x81, 0x9C, 0x99, 0x0B, 0xEE, 0x80, 0xDD, 0x03, 0xEE, 0x80, 0x88,
    0x02, 0xEE, 0x82, 0x99, 0xAA, 0xFF, 0x02, 0xBB, 0x85, 0xAA, 0xD9, 0xDD, 0xBA, 0xBB, 0xAB, 0x15,
    0xAA, 0x82, 0xBA, 0xBB, 0xAB, 0x12, 0xAA, 0x80, 0xE9, 0x02, 0xBB, 0x81, 0xAB, 0xDD, 0x02, 0xBB,
    0x0F, 0xAA, 0x03, 0xBB, 0x88, 0xAB, 0xAA, 0xEA, 0xE9, 0xFF, 0xAA, 0xEA, 0xEE, 0xAA, 0x03, 0xBB,
    0x80, 0xAA, 0x07, 0xEE, 0x82, 0x8D, 0x88, 0xDC, 0x03, 0xDD, 0x80, 0x8D, 0x10, 0x88, 0x80, 0xD8,
    0x03, 0xDD, 0x83, 0x8D, 0x58, 0x65, 0x86, 0x02, 0x88, 0x80, 0xD8, 0x02, 0xDD, 0x82, 0xED, 0x9E,
    0xC9, 0x04, 0xCC, 0x80, 0x9C, 0x08, 0x99, 0x03, 0xEE, 0x80, 0xDD, 0x03, 0xEE, 0x80, 0xDD, 0x03,
    0xEE, 0x81, 0xAA, 0xFF, 0x02, 0xBB, 0x80, 0x9A, 0x02, 0xDD, 0x82, 0xBA, 0xBB, 0xAB, 0x15, 0xAA,
    0x82, 0xBA, 0xBB, 0xAB, 0x0D, 0xAA, 0x80, 0xE9, 0x02, 0xAA, 0x82, 0xBB, 0xAB, 0xEE, 0x02, 0xBB,
    0x81, 0xAB, 0xDD, 0x02, 0xBB, 0x0F, 0xAA, 0x03, 0xBB, 0x87, 0xAB, 0x9E, 0xED, 0xEE, 0xAA, 0x9A,
    0xED, 0xFF, 0x03, 0xAA, 0x81, 0xAB, 0x99, 0x07, 0xDD, 0x80, 0x66, 0x05, 0xDD, 0x80, 0x35, 0x10,
    0x33, 0x80, 0xD3, 0x03, 0xDD, 0x86, 0x3D, 0x33, 0x63, 0x36, 0x23, 0x53, 0xD6, 0x11, 0xDD, 0x80,
    0x9C, 0x05, 0xEE, 0x80, 0x99, 0x03, 0xEE, 0x81, 0xAA, 0xFF, 0x02, 0xAA, 0x02, 0xBB, 0x80, 0x99,
    0x02, 0xDD, 0x81, 0xBA, 0xAB, 0x15, 0xAA, 0x80, 0xBA, 0x02, 0xBB, 0x80, 0xAB, 0x0C, 0xAA, 0x81,
    0x9A, 0xDC, 0x02, 0xAA, 0x03, 0xBB, 0x02, 0xAA, 0x82, 0xAB, 0xDD, 0xBB, 0x10, 0xAA, 0x03, 0xBB,
    0x87, 0xAB, 0x9E, 0x9D, 0xEE, 0xAA, 0x9A, 0xED, 0xFF, 0x03, 0xAA, 0x81, 0xAB, 0x99, 0x07, 0xDD,
    0x80, 0x66, 0x05, 0xDD, 0x80, 0x35, 0x10, 0x33, 0x80, 0xD3, 0x03, 0xDD, 0x86, 0x3D, 0x13, 0x63,
    0x16, 0x13, 0x53, 0xD6, 0x11, 0xDD, 0x80, 0x9C, 0x05, 0xEE, 0x80, 0x99, 0x03, 0xEE, 0x81, 0xAA,
    0xFF, 0x02, 0xAA, 0x02, 0xBB, 0x80, 0x99, 0x02, 0xDD, 0x81, 0xBA, 0xAB, 0x15, 0xAA, 0x80, 0xBA,
    0x02, 0xBB, 0x80, 0xAB, 0x0C, 0xAA, 0x81, 0x9A, 0xDC, 0x02, 0xAA, 0x03, 0xBB, 0x02, 0xAA, 0x82,
    0xAB, 0xDD, 0xBB, 0x10, 0xAA, 0x03, 0xBB, 0x87, 0xAB, 0x9E, 0xED, 0xEE, 0xAA, 0x9A, 0xED, 0xFF,
    0x03, 0xAA, 0x81, 0xAB, 0x99, 0x07, 0xDD, 0x80, 0x66, 0x05, 0xDD, 0x81, 0x35, 0x11, 0x0D, 0x33,
    0x82, 0x13, 0x32, 0xD3, 0x03, 0xDD, 0x86, 0x3D, 0x33, 0x63, 0x36, 0x33, 0x53, 0xD6, 0x11, 0xDD,
    0x80, 0x9C, 0x05, 0xEE, 0x80, 0x99, 0x03, 0xEE, 0x81, 0xAA, 0xFF, 0x02, 0xAA, 0x02, 0xBB, 0x80,
    0x99, 0x02, 0xDD, 0x81, 0xBA, 0xAB, 0x15, 0xAA, 0x80, 0xBA, 0x02, 0xBB, 0x80, 0xAB, 0x0C, 0xAA,
    0x81, 0x9A, 0xDC, 0x02, 0xAA, 0x03, 0xBB, 0x02, 0xAA, 0x82, 0xAB, 0xDD, 0xBB, 0x10, 0xAA, 0x02,
    0xBB, 0x88, 0xAB, 0xEA, 0xEE, 0xED, 0xEE, 0xAA, 0x99, 0xED, 0xEE, 0x02, 0xAA, 0x82, 0xAE, 0xAA,
    0x99, 0x07, 0xDD, 0x80, 0x56, 0x04, 0x88, 0x81, 0xD8, 0x35, 0x10, 0x33, 0x80, 0x83, 0x03, 0x88,
    0x87, 0x38, 0x33, 0x53, 0x35, 0x33, 0x53, 0x85, 0x8D, 0x0A, 0x88, 0x80, 0xD8, 0x05, 0xDD, 0x80,
    0xDC, 0x05, 0xEE, 0x02, 0x99, 0x02, 0xEE, 0x83, 0xAA, 0xFF, 0xAA, 0xBA, 0x02, 0xBB, 0x80, 0x99,
    0x02, 0xDD, 0x81, 0xBA, 0xAB, 0x15, 0xAA, 0x80, 0xBA, 0x02, 0xBB, 0x80, 0xAB, 0x0B, 0xAA, 0x84,
    0xAB, 0x9A, 0x9C, 0xAB, 0xAA, 0x03, 0xBB, 0x02, 0xAA, 0x82, 0xEA, 0xDD, 0xBB, 0x10, 0xAA, 0x88,
    0xAB, 0xAA, 0xEA, 0x99, 0xDD, 0xED, 0xAA, 0x9E, 0xDC, 0x0A, 0xDD, 0x03, 0x66, 0x80, 0x23, 0x02,
    0x33, 0x83, 0x23, 0x31, 0x33, 0x13, 0x02, 0x33, 0x80, 0x31, 0x1A, 0x33, 0x81, 0x13, 0x23, 0x04,
    0x33, 0x80, 0x32, 0x03, 0x33, 0x80, 0x83, 0x0C, 0xDD, 0x80, 0xCC, 0x02, 0xAA, 0x80, 0xEE, 0x02,
    0xAA, 0x05, 0xBB, 0x80, 0xEE, 0x16, 0xAA, 0x80, 0xBA, 0x02, 0xBB, 0x80, 0xAB, 0x0B, 0xAA, 0x82,
    0xA9, 0xAB, 0xE9, 0x04, 0xBB, 0x04, 0xAA, 0x82, 0xDD, 0xCC, 0xBB, 0x10, 0xAA, 0x88, 0xAB, 0xAA,
    0xEA, 0x99, 0xDD, 0xED, 0xAA, 0x9E, 0xDC, 0x0A, 0xDD, 0x03, 0x66, 0x02, 0x33, 0x81, 0x23, 0x31,
    0x03, 0x33, 0x80, 0x31, 0x10, 0x33, 0x82, 0x13, 0x33, 0x13, 0x07, 0x33, 0x80, 0x31, 0x0B, 0x33,
    0x80, 0x83, 0x0C, 0xDD, 0x80, 0xCC, 0x02, 0xAA, 0x80, 0xEE, 0x02, 0xAA, 0x05, 0xBB, 0x80, 0xEE,
    0x16, 0xAA, 0x80, 0xBA, 0x02, 0xBB, 0x80, 0xAB, 0x0B, 0xAA, 0x82, 0xA9, 0xAB, 0xE9, 0x04, 0xBB,
    0x04, 0xAA, 0x82, 0xDD, 0xCC, 0xBB, 0x10, 0xAA, 0x88, 0xBB, 0xAA, 0xEA, 0x99, 0xDD, 0xED, 0xAA,
    0x9E, 0xDC, 0x0A, 0xDD, 0x83, 0x66, 0x56, 0x66, 0x31, 0x19, 0x33, 0x84, 0x13, 0x33, 0x32, 0x33,
    0x23, 0x04, 0x33, 0x81, 0x23, 0x32, 0x08, 0x33, 0x81, 0x31, 0x83, 0x0C, 0xDD, 0x80, 0xCC, 0x02,
    0xAA, 0x80, 0xEE, 0x02, 0xAA, 0x05, 0xBB, 0x80, 0xEE, 0x16, 0xAA, 0x80, 0xBA, 0x02, 0xBB, 0x80,
    0xAB, 0x0B, 0xAA, 0x82, 0xA9, 0xAB, 0xE9, 0x04, 0xBB, 0x04, 0xAA, 0x82, 0xDD, 0xCC, 0xBB, 0x10,
    0xAA, 0x88, 0xAB, 0xAA, 0x9A, 0xD9, 0xDD, 0xEE, 0xEA, 0xD9, 0xCC, 0x0A, 0xDD, 0x03, 0x55, 0x2E,
    0x33, 0x80, 0x83, 0x0C, 0xDD, 0x80, 0xCC, 0x02, 0xAA, 0x80, 0xEE, 0x02, 0xAA, 0x81, 0xBB, 0xAB,
    0x03, 0xBB, 0x80, 0xEE, 0x16, 0xAA, 0x80, 0xBA, 0x02, 0xBB, 0x80, 0xAB, 0x0B, 0xAA, 0x82, 0xA9,
    0xAB, 0xE9, 0x04, 0xBB, 0x03, 0xAA, 0x83, 0xEA, 0xDD, 0x99, 0xBB, 0x11, 0xAA, 0x85, 0xEA, 0xD9,
    0xDD, 0xED, 0xEF, 0x99, 0x02, 0x88, 0x02, 0x66, 0x80, 0x56, 0x04, 0x33, 0x80, 0x31, 0x02, 0x33,
    0x80, 0x31, 0x38, 0x33, 0x80, 0x71, 0x07, 0xDD, 0x04, 0xBB, 0x82, 0x99, 0xFE, 0xBF, 0x03, 0xBB,
    0x80, 0xAB, 0x10, 0xAA, 0x81, 0x8A, 0xA8, 0x02, 0xAA, 0x82, 0xBA, 0xBB, 0xAB, 0x07, 0xAA, 0x84,
    0xBA, 0x9B, 0x9C, 0xFF, 0xBA, 0x03, 0xBB, 0x07, 0xAA, 0x02, 0xDD, 0x80, 0xBB, 0x12, 0xAA, 0x85,
    0xEA, 0xD9, 0xDD, 0xED, 0xEF, 0x99, 0x02, 0x88, 0x02, 0x66, 0x80, 0x56, 0x38, 0x33, 0x81, 0x31,
    0x13, 0x06, 0x33, 0x80, 0x73, 0x07, 0xDD, 0x04, 0xBB, 0x82, 0x99, 0xFE, 0xBF, 0x03, 0xBB, 0x80,
    0xAB, 0x10, 0xAA, 0x81, 0x8A, 0xA8, 0x02, 0xAA, 0x82, 0xBA, 0xBB, 0xAB, 0x07, 0xAA, 0x84, 0xBA,
    0x9B, 0x9C, 0xFF, 0xBA, 0x03, 0xBB, 0x07, 0xAA, 0x02, 0xDD, 0x80, 0xBB, 0x12, 0xAA, 0x85, 0xEA,
    0xD9, 0xDD, 0xED, 0xEF, 0x99, 0x02, 0x88, 0x02, 0x66, 0x87, 0x55, 0x33, 0x13, 0x32, 0x33, 0x11,
    0x13, 0x32, 0x31, 0x33, 0x80, 0x31, 0x07, 0x33, 0x80, 0x73, 0x07, 0xDD, 0x04, 0xBB, 0x82, 0x99,
    0xFE, 0xBF, 0x03, 0xBB, 0x80, 0xAB, 0x10, 0xAA, 0x81, 0x8A, 0xA8, 0x02, 0xAA, 0x82, 0xBA, 0xBB,
    0xAB, 0x07, 0xAA, 0x84, 0xBA, 0x9B, 0x9C, 0xFF, 0xBA, 0x03, 0xBB, 0x07, 0xAA, 0x02, 0xDD, 0x80,
    0xBB, 0x12, 0xAA, 0x88, 0x9A, 0xD9, 0xDD, 0xED, 0xEE, 0xD9, 0x88, 0x68, 0x56, 0x02, 0x55, 0x82,
    0x13, 0x33, 0x31, 0x06, 0x33, 0x02, 0x32, 0x80, 0x23, 0x2E, 0x33, 0x80, 0x23, 0x05, 0x33, 0x80,
    0x73, 0x07, 0xDD, 0x02, 0xAA, 0x02, 0xBB, 0x82, 0x99, 0xFE, 0xBF, 0x03, 0xBB, 0x80, 0xAB, 0x10,
    0xAA, 0x81, 0x9B, 0xAD, 0x03, 0xAA, 0x81, 0xBA, 0xAB, 0x07, 0xAA, 0x84, 0xBA, 0x9B, 0xEC, 0xFF,
    0xBA, 0x03, 0xBB, 0x07, 0xAA, 0x02, 0xDD, 0x80, 0xBB, 0x11, 0xAA, 0x8B, 0x9E, 0xDD, 0x8D, 0xD8,
    0x8D, 0x88, 0x66, 0x56, 0x52, 0x56, 0x23, 0x32, 0x02, 0x33, 0x82, 0x23, 0x32, 0x13, 0x06, 0x33,
    0x80, 0x31, 0x3C, 0x33, 0x85, 0x88, 0xDC, 0xBA, 0xBB, 0xAB, 0xAA, 0x04, 0xBB, 0x81, 0xFF, 0xEE,
    0x0E, 0xAA, 0x81, 0xBA, 0xAB, 0x02, 0xAA, 0x83, 0xBA, 0xDB, 0xAD, 0xAB, 0x04, 0xAA, 0x84, 0xEA,
    0xAE, 0xAA, 0xBA, 0xAB, 0x0C, 0xAA, 0x80, 0xEF, 0x02, 0xDD, 0x12, 0xAA, 0x89, 0x9E, 0xDD, 0x8D,
    0xD8, 0x8D, 0x68, 0x66, 0x56, 0x33, 0x56, 0x06, 0x33, 0x82, 0x32, 0x33, 0x13, 0x3D, 0x33, 0x80,
    0x31, 0x03, 0x33, 0x82, 0x88, 0xCC, 0xBA, 0x02, 0xBB, 0x80, 0xAA, 0x04, 0xBB, 0x81, 0xFF, 0xEE,
    0x0E, 0xAA, 0x81, 0xBA, 0xAB, 0x02, 0xAA, 0x83, 0xBA, 0xCB, 0xAC, 0xAB, 0x04, 0xAA, 0x84, 0xEA,
    0xAE, 0xAA, 0xBA, 0xBB, 0x0C, 0xAA, 0x80, 0xEF, 0x02, 0xDD, 0x12, 0xAA, 0x89, 0x9E, 0xDD, 0x8D,
    0xD8, 0x8D, 0x68, 0x65, 0x56, 0x31, 0x56, 0x0D, 0x33, 0x80, 0x31, 0x36, 0x33, 0x80, 0x13, 0x05,
    0x33, 0x82, 0x88, 0xCC, 0xBA, 0x02, 0xBB, 0x80, 0xAA, 0x04, 0xBB, 0x81, 0xFF, 0xEE, 0x0E, 0xAA,
    0x81, 0xBA, 0xAB, 0x02, 0xAA, 0x83, 0xBA, 0xCB, 0xAC, 0xAB, 0x04, 0xAA, 0x84, 0xEA, 0xAE, 0xAA,
    0xBA, 0xBB, 0x0C, 0xAA, 0x80, 0xEF, 0x02, 0xDD, 0x12, 0xAA, 0x8A, 0x9E, 0xDD, 0x8D, 0xD8, 0xCD,
    0x88, 0x66, 0x56, 0x53, 0x56, 0x32, 0x02, 0x22, 0x82, 0x32, 0x33, 0x32, 0x04, 0x33, 0x80, 0x31,
    0x05, 0x33, 0x80, 0x31, 0x02, 0x33, 0x8A, 0x11, 0x31, 0x33, 0x12, 0x33, 0x32, 0x13, 0x32, 0x33,
    0x23, 0x32, 0x08, 0x33, 0x80, 0x31, 0x04, 0x33, 0x80, 0x23, 0x09, 0x33, 0x80, 0x31, 0x14, 0x33,
    0x81, 0x88, 0xCC, 0x02, 0xAA, 0x81, 0xBB, 0xAA, 0x04, 0xBB, 0x82, 0xFF, 0xEE, 0xAE, 0x0D, 0xAA,
    0x81, 0xBB, 0xAB, 0x02, 0xAA, 0x83, 0xBA, 0xCB, 0xAC, 0xAB, 0x04, 0xAA, 0x84, 0xEA, 0xAE, 0xAA,
    0xBA, 0xBB, 0x0C, 0xAA, 0x80, 0xEE, 0x02, 0xDD, 0x12, 0xAA, 0x80, 0xDD, 0x06, 0xCC, 0x82, 0x8C,
    0x68, 0x56, 0x04, 0x55, 0x81, 0x33, 0x32, 0x05, 0x33, 0x81, 0x13, 0x32, 0x05, 0x33, 0x80, 0x31,
    0x06, 0x33, 0x80, 0x13, 0x02, 0x33, 0x82, 0x52, 0x86, 0xC8, 0x05, 0xCC, 0x82, 0x8C, 0x58, 0x35,
    0x03, 0x33, 0x80, 0x31, 0x05, 0x33, 0x82, 0x31, 0x33, 0x31, 0x02, 0x33, 0x80, 0x13, 0x14, 0x33,
    0x81, 0x32, 0x33, 0x02, 0x77, 0x81, 0xE9, 0xAA, 0x05, 0xBB, 0x83, 0xC9, 0xDD, 0xCC, 0xDC, 0x02,
    0xDD, 0x81, 0x99, 0xA9, 0x09, 0xAA, 0x80, 0xBA, 0x02, 0xBB, 0x81, 0xDB, 0xAD, 0x0A, 0xAA, 0x81,
    0xBA, 0xAB, 0x0A, 0xAA, 0x02, 0xDD, 0x80, 0xBB, 0x12, 0xAA, 0x80, 0xDD, 0x06, 0xCC, 0x81, 0x8C,
    0x68, 0x04, 0x66, 0x80, 0x56, 0x0E, 0x33, 0x80, 0x32, 0x09, 0x33, 0x82, 0x63, 0x86, 0xC8, 0x05,
    0xCC, 0x82, 0x8C, 0x68, 0x35, 0x08, 0x33, 0x82, 0x23, 0x31, 0x13, 0x02, 0x33, 0x80, 0x32, 0x19,
    0x33, 0x82, 0xE9, 0xAA, 0xBA, 0x04, 0xBB, 0x83, 0xC9, 0xDD, 0xCC, 0xDC, 0x02, 0xDD, 0x81, 0x99,
    0xA9, 0x09, 0xAA, 0x80, 0xBA, 0x02, 0xBB, 0x81, 0xDB, 0xAD, 0x0A, 0xAA, 0x81, 0xBA, 0xBB, 0x0A,
    0xAA, 0x02, 0xDD, 0x80, 0xBB, 0x12, 0xAA, 0x80, 0xDD, 0x06, 0xCC, 0x83, 0x8C, 0x68, 0x66, 0x56,
    0x02, 0x66, 0x80, 0x56, 0x0A, 0x33, 0x80, 0x31, 0x03, 0x33, 0x83, 0x23, 0x31, 0x33, 0x13, 0x06,
    0x33, 0x82, 0x63, 0x86, 0xC8, 0x05, 0xCC, 0x82, 0x8C, 0x68, 0x35, 0x0C, 0x33, 0x81, 0x32, 0x23,
    0x17, 0x33, 0x83, 0x11, 0x33, 0xE9, 0xAA, 0x05, 0xBB, 0x83, 0xC9, 0xDD, 0xCC, 0xDC, 0x02, 0xDD,
    0x81, 0x99, 0xA9, 0x09, 0xAA, 0x80, 0xBA, 0x02, 0xBB, 0x81, 0xDB, 0xAD, 0x0A, 0xAA, 0x81, 0xBA,
    0xBB, 0x0A, 0xAA, 0x02, 0xDD, 0x80, 0xBB, 0x12, 0xAA, 0x80, 0xCD, 0x07, 0xCC, 0x80, 0x68, 0x04,
    0x66, 0x80, 0x56, 0x08, 0x33, 0x02, 0x22, 0x80, 0x32, 0x03, 0x33, 0x80, 0x21, 0x06, 0x22, 0x03,
    0x33, 0x82, 0x63, 0x86, 0xC8, 0x05, 0xCC, 0x82, 0x8C, 0x68, 0x36, 0x02, 0x33, 0x83, 0x23, 0x22,
    0x23, 0x32, 0x03, 0x33, 0x80, 0x32, 0x02, 0x13, 0x18, 0x33, 0x80, 0x11, 0x02, 0x33, 0x82, 0x99,
    0xAA, 0xBA, 0x04, 0xBB, 0x83, 0xC9, 0xDD, 0xCC, 0xDC, 0x02, 0xDD, 0x81, 0x9D, 0xA9, 0x09, 0xAA,
    0x80, 0xBA, 0x02, 0xBB, 0x81, 0xDB, 0xAD, 0x0A, 0xAA, 0x81, 0xBA, 0xBB, 0x09, 0xAA, 0x80, 0xEA,
    0x02, 0xDD, 0x80, 0xBB, 0x12, 0xAA, 0x14, 0xCC, 0x02, 0x33, 0x02, 0x55, 0x02, 0x33, 0x81, 0x31,
    0x33, 0x07, 0x55, 0x03, 0x33, 0x81, 0x63, 0xC8, 0x0B, 0xCC, 0x80, 0x5C, 0x02, 0x55, 0x80, 0x35,
    0x02, 0x33, 0x85, 0x13, 0x33, 0x83, 0x8C, 0x16, 0x13, 0x15, 0x33, 0x80, 0x32, 0x02, 0x33, 0x80,
    0x23, 0x02, 0x77, 0x81, 0xE9, 0xEE, 0x03, 0xAA, 0x84, 0x99, 0x38, 0xC8, 0x28, 0xD8, 0x08, 0xDD,
    0x81, 0x9D, 0xA9, 0x02, 0xAA, 0x83, 0xBA, 0xBB, 0xDB, 0xAD, 0x0A, 0xAA, 0x81, 0xBA, 0xBB, 0x0A,
    0xAA, 0x03, 0xDD, 0x13, 0xAA, 0x14, 0xCC, 0x83, 0x33, 0x12, 0x56, 0x66, 0x04, 0x33, 0x80, 0x65,
    0x06, 0x66, 0x03, 0x33, 0x81, 0x61, 0xC8, 0x0B, 0xCC, 0x80, 0x5C, 0x02, 0x66, 0x80, 0x16, 0x03,
    0x33, 0x84, 0x31, 0x83, 0x8C, 0x58, 0x32, 0x19, 0x33, 0x83, 0x31, 0x33, 0xE9, 0xEE, 0x03, 0xAA,
    0x84, 0x99, 0x38, 0xC8, 0x38, 0xD8, 0x08, 0xDD, 0x81, 0xCD, 0xA9, 0x02, 0xAA, 0x84, 0xBA, 0xBB,
    0xDB, 0xBD, 0xAB, 0x09, 0xAA, 0x81, 0xBA, 0xBB, 0x0A, 0xAA, 0x03, 0xDD, 0x13, 0xAA, 0x14, 0xCC,
    0x02, 0x33, 0x02, 0x66, 0x80, 0x31, 0x03, 0x33, 0x80, 0x65, 0x03, 0x66, 0x80, 0x65, 0x02, 0x66,
    0x80, 0x32, 0x02, 0x33, 0x81, 0x63, 0xC8, 0x0B, 0xCC, 0x80, 0x6C, 0x02, 0x66, 0x87, 0x16, 0x33,
    0x31, 0x23, 0x33, 0x83, 0x8C, 0x58, 0x18, 0x33, 0x80, 0x32, 0x03, 0x33, 0x81, 0xE9, 0xEE, 0x03,
    0xAA, 0x84, 0x99, 0x38, 0xC8, 0x38, 0xD8, 0x08, 0xDD, 0x81, 0xCD, 0xA9, 0x02, 0xAA, 0x84, 0xBA,
    0xBB, 0xDB, 0xBD, 0xAB, 0x09, 0xAA, 0x81, 0xBA, 0xBB, 0x0A, 0xAA, 0x03, 0xDD, 0x13, 0xAA, 0x14,
    0xCC, 0x02, 0x33, 0x02, 0x66, 0x81, 0x31, 0x23, 0x02, 0x33, 0x80, 0x65, 0x03, 0x66, 0x80, 0x56,
    0x02, 0x66, 0x84, 0x33, 0x31, 0x13, 0x63, 0xC8, 0x0B, 0xCC, 0x80, 0x5C, 0x02, 0x66, 0x82, 0x16,
    0x33, 0x31, 0x02, 0x33, 0x82, 0x83, 0x8C, 0x58, 0x07, 0x33, 0x80, 0x31, 0x02, 0x33, 0x80, 0x32,
    0x02, 0x33, 0x80, 0x13, 0x0D, 0x33, 0x82, 0x13, 0xE9, 0xEE, 0x03, 0xAA, 0x84, 0x99, 0x38, 0xC8,
    0x38, 0xD8, 0x08, 0xDD, 0x81, 0xCD, 0xA9, 0x02, 0xAA, 0x84, 0xBA, 0xBB, 0xDB, 0xBD, 0xAB, 0x09,
    0xAA, 0x81, 0xBA, 0xBB, 0x0A, 0xAA, 0x03, 0xDD, 0x13, 0xAA, 0x25, 0xCC, 0x83, 0xDC, 0xCC, 0x9D,
    0xCD, 0x13, 0xCC, 0x88, 0x8C, 0x58, 0x21, 0x85, 0xD8, 0xCD, 0xCC, 0x88, 0x8C, 0x04, 0x33, 0x82,
    0x13, 0x33, 0x32, 0x0C, 0x33, 0x81, 0x31, 0x33, 0x02, 0x77, 0x86, 0xCC, 0xE9, 0xEE, 0x99, 0x38,
    0x65, 0x35, 0x06, 0x33, 0x80, 0xD8, 0x09, 0xDD, 0x80, 0xAD, 0x09, 0xAA, 0x81, 0xBA, 0xBB, 0x05,
    0xAA, 0x81, 0x9E, 0x9D, 0x02, 0xAA, 0x80, 0xEA, 0x03, 0xDD, 0x04, 0xAA, 0x81, 0xBB, 0xFF, 0x0E,
    0xAA, 0x25, 0xCC, 0x83, 0xDC, 0xCC, 0xED, 0xCD, 0x13, 0xCC, 0x85, 0x8C, 0x58, 0x53, 0x86, 0xDC,
    0xCD, 0x02, 0xCC, 0x80, 0x8C, 0x17, 0x33, 0x86, 0xC8, 0xE9, 0xEE, 0x99, 0x28, 0x65, 0x35, 0x05,
    0x33, 0x81, 0x13, 0xD6, 0x09, 0xDD, 0x80, 0xAD, 0x09, 0xAA, 0x81, 0xBA, 0xBB, 0x04, 0xAA, 0x82,
    0xEA, 0x9E, 0x98, 0x02, 0xAA, 0x80, 0xEA, 0x03, 0xDD, 0x04, 0xAA, 0x81, 0xBB, 0xFF, 0x0E, 0xAA,
    0x25, 0xCC, 0x83, 0xDC, 0xCC, 0xED, 0xCD, 0x13, 0xCC, 0x85, 0x8C, 0x58, 0x53, 0x86, 0xDC, 0xCD,
    0x02, 0xCC, 0x80, 0x8C, 0x17, 0x33, 0x86, 0xC8, 0xE9, 0xEE, 0x99, 0x18, 0x65, 0x15, 0x06, 0x33,
    0x80, 0xD6, 0x09, 0xDD, 0x80, 0xAD, 0x09, 0xAA, 0x81, 0xBA, 0xBB, 0x04, 0xAA, 0x82, 0xEA, 0x9E,
    0x98, 0x02, 0xAA, 0x80, 0xEA, 0x03, 0xDD, 0x04, 0xAA, 0x81, 0xBB, 0xFF, 0x0E, 0xAA, 0x25, 0xCC,
    0x83, 0xDC, 0xCC, 0xED, 0xCD, 0x13, 0xCC, 0x85, 0x8C, 0x58, 0x53, 0x86, 0xDC, 0xCD, 0x02, 0xCC,
    0x80, 0x8C, 0x06, 0x33, 0x80, 0x23, 0x0F, 0x33, 0x87, 0x31, 0xC8, 0xE9, 0xEE, 0x99, 0x38, 0x65,
    0x35, 0x06, 0x33, 0x80, 0xD6, 0x09, 0xDD, 0x80, 0xAD, 0x09, 0xAA, 0x81, 0xBA, 0xBB, 0x04, 0xAA,
    0x82, 0xEA, 0xDE, 0x98, 0x02, 0xAA, 0x80, 0xEA, 0x03, 0xDD, 0x04, 0xAA, 0x81, 0xBB, 0xFF, 0x0E,
    0xAA, 0x0D, 0xCC, 0x80, 0xDC, 0x03, 0xAA, 0x80, 0x99, 0x07, 0xCC, 0x81, 0xA9, 0xAA, 0x02, 0xEE,
    0x80, 0xDE, 0x05, 0xDD, 0x80, 0xE9, 0x02, 0xEE, 0x86, 0xAE, 0xD9, 0xE9, 0xAE, 0x9E, 0xD9, 0xCD,
    0x06, 0xCC, 0x83, 0x9C, 0xC9, 0xDC, 0xCD, 0x09, 0xCC, 0x82, 0x8C, 0x56, 0x81, 0x02, 0xCC, 0x02,
    0x88, 0x02, 0xDD, 0x80, 0x8D, 0x13, 0x33, 0x02, 0x77, 0x83, 0x88, 0x35, 0xC8, 0x38, 0x06, 0x33,
    0x80, 0x32, 0x04, 0x33, 0x82, 0xC5, 0x3C, 0xD3, 0x06, 0xDD, 0x81, 0x9D, 0xA9, 0x03, 0xAA, 0x81,
    0x9A, 0x9D, 0x04, 0xAA, 0x81, 0xBA, 0xBB, 0x03, 0xAA, 0x80, 0xEA, 0x03, 0xDD, 0x80, 0x99, 0x03,
    0xAA, 0x80, 0xBB, 0x0A, 0xFF, 0x06, 0xAA, 0x0D, 0xCC, 0x80, 0xDC, 0x03, 0xAA, 0x80, 0x9E, 0x07,
    0xCC, 0x02, 0xAA, 0x02, 0xFF, 0x80, 0xEE, 0x03, 0xDD, 0x80, 0xED, 0x04, 0xEE, 0x86, 0xAF, 0xC9,
    0xF9, 0xAF, 0xEA, 0xDE, 0xCD, 0x06, 0xCC, 0x83, 0x9C, 0xC9, 0xEC, 0xCE, 0x09, 0xCC, 0x82, 0x8C,
    0x36, 0x81, 0x03, 0xCC, 0x80, 0xDC, 0x03, 0xDD, 0x80, 0x13, 0x14, 0x33, 0x83, 0x85, 0x35, 0xC8,
    0x38, 0x05, 0x33, 0x02, 0x32, 0x86, 0x13, 0x33, 0x13, 0x33, 0xC3, 0x1C, 0xD3, 0x06, 0xDD, 0x81,
    0x9D, 0xA9, 0x03, 0xAA, 0x81, 0x9A, 0x9D, 0x04, 0xAA, 0x82, 0xBA, 0xBB, 0xAB, 0x02, 0xAA, 0x80,
    0xEA, 0x03, 0xDD, 0x80, 0x99, 0x03, 0xAA, 0x80, 0xBB, 0x0A, 0xFF, 0x06, 0xAA, 0x0D, 0xCC, 0x80,
    0xDC, 0x03, 0xAA, 0x80, 0x9E, 0x07, 0xCC, 0x02, 0xAA, 0x02, 0xFF, 0x80, 0xEE, 0x03, 0xDD, 0x80,
    0xED, 0x04, 0xEE, 0x86, 0xAF, 0xC9, 0xF9, 0xAF, 0xEA, 0xDE, 0xCD, 0x06, 0xCC, 0x83, 0x9C, 0xC9,
    0xEC, 0xCE, 0x09, 0xCC, 0x82, 0x8C, 0x26, 0x83, 0x03, 0xCC, 0x80, 0xDC, 0x03, 0xDD, 0x80, 0x31,
    0x13, 0x33, 0x84, 0x11, 0x85, 0x35, 0xC8, 0x38, 0x0B, 0x33, 0x82, 0xC3, 0x3C, 0xD3, 0x06, 0xDD,
    0x81, 0x9D, 0xA9, 0x03, 0xAA, 0x81, 0x9A, 0x9D, 0x04, 0xAA, 0x82, 0xBA, 0xBB, 0xAB, 0x02, 0xAA,
    0x80, 0xEA, 0x03, 0xDD, 0x80, 0x99, 0x03, 0xAA, 0x80, 0xBB, 0x0A, 0xFF, 0x06, 0xAA, 0x0D, 0xCC,
    0x80, 0xDC, 0x03, 0xAA, 0x80, 0x9E, 0x07, 0xCC, 0x02, 0xAA, 0x02, 0xFF, 0x80, 0xEE, 0x03, 0xDD,
    0x80, 0xED, 0x04, 0xEE, 0x86, 0xAF, 0xC9, 0xF9, 0xAF, 0xEA, 0xDE, 0xCD, 0x06, 0xCC, 0x83, 0x9C,
    0xC9, 0xEC, 0xCE, 0x09, 0xCC, 0x82, 0x8C, 0x36, 0x83, 0x03, 0xCC, 0x80, 0xDC, 0x03, 0xDD, 0x05,
    0x33, 0x80, 0x31, 0x0C, 0x33, 0x80, 0x31, 0x02, 0x33, 0x83, 0x85, 0x35, 0xC8, 0x18, 0x0B, 0x33,
    0x82, 0xC3, 0x3C, 0xD2, 0x06, 0xDD, 0x81, 0x9D, 0xA9, 0x03, 0xAA, 0x81, 0x9A, 0x9D, 0x04, 0xAA,
    0x82, 0xBA, 0xBB, 0xAB, 0x02, 0xAA, 0x80, 0xEA, 0x03, 0xDD, 0x80, 0x99, 0x03, 0xAA, 0x80, 0xBB,
    0x0A, 0xFF, 0x06, 0xAA, 0x03, 0xCC, 0x80, 0x9D, 0x09, 0x99, 0x80, 0xE9, 0x02, 0xAA, 0x82, 0xBB,
    0xAA, 0xEE, 0x06, 0x99, 0x02, 0xAA, 0x82, 0xFA, 0xFF, 0xAA, 0x03, 0xEE, 0x04, 0xAA, 0x84, 0xFA,
    0xAA, 0xEA, 0xFA, 0xBA, 0x02, 0xAA, 0x80, 0x9E, 0x06, 0x99, 0x86, 0xA9, 0x9A, 0xA9, 0x9A, 0x99,
    0xD9, 0xCD, 0x07, 0xCC, 0x85, 0x8D, 0xC8, 0x8C, 0x86, 0xCC, 0xDC, 0x03, 0xDD, 0x02, 0x88, 0x02,
    0x33, 0x81, 0x31, 0x32, 0x0F, 0x33, 0x84, 0x53, 0x33, 0x55, 0x15, 0x31, 0x0A, 0x33, 0x84, 0x53,
    0x35, 0x53, 0x65, 0x56, 0x02, 0x66, 0x80, 0xD6, 0x04, 0xDD, 0x83, 0x89, 0xD8, 0xDD, 0x9D, 0x07,
    0xAA, 0x83, 0x9A, 0x99, 0xD9, 0x88, 0x02, 0xDD, 0x84, 0xE9, 0xAA, 0xFF, 0xAA, 0xBB, 0x02, 0xEE,
    0x80, 0xDD, 0x05, 0xEE, 0x04, 0xFF, 0x04, 0xAA, 0x03, 0xCC, 0x80, 0x9D, 0x0C, 0xAA, 0x03, 0xBB,
    0x16, 0xAA, 0x82, 0xBA, 0xBB, 0xAB, 0x09, 0xAA, 0x84, 0xBA, 0xAB, 0xAA, 0x9A, 0xCD, 0x06, 0xCC,
    0x88, 0xDC, 0xDD, 0xCC, 0x8C, 0x86, 0xCC, 0xDC, 0xDD, 0xDC, 0x02, 0xDD, 0x81, 0x8C, 0x21, 0x13,
    0x33, 0x81, 0x31, 0x23, 0x0A, 0x33, 0x83, 0x13, 0x33, 0x13, 0x32, 0x02, 0x33, 0x80, 0x32, 0x02,
    0x33, 0x80, 0xD3, 0x04, 0xDD, 0x83, 0x8D, 0x86, 0xDD, 0x9D, 0x07, 0xAA, 0x8A, 0x9A, 0xCC, 0xDD,
    0x86, 0xDD, 0xDC, 0xEE, 0xAA, 0xFF, 0xAA, 0xBB, 0x02, 0xEE, 0x80, 0x88, 0x05, 0xEE, 0x80, 0xFE,
    0x03, 0xFF, 0x80, 0xAF, 0x03, 0xAA, 0x03, 0xCC, 0x80, 0x9D, 0x0C, 0xAA, 0x03, 0xBB, 0x16, 0xAA,
    0x02, 0xBB, 0x80, 0xAB, 0x09, 0xAA, 0x84, 0xBA, 0xAB, 0xAA, 0x9A, 0xCD, 0x06, 0xCC, 0x88, 0xDC,
    0xDD, 0xCC, 0x8C, 0x86, 0xCC, 0xDC, 0xDD, 0xDC, 0x02, 0xDD, 0x80, 0x8C, 0x02, 0x33, 0x80, 0x13,
    0x0D, 0x33, 0x81, 0x13, 0x31, 0x02, 0x33, 0x80, 0x11, 0x13, 0x33, 0x81, 0x31, 0xD3, 0x04, 0xDD,
    0x83, 0x8D, 0x86, 0xDD, 0x9D, 0x07, 0xAA, 0x8A, 0x9A, 0xCC, 0xDD, 0x85, 0xDD, 0xDC, 0xEE, 0xAA,
    0xFF, 0xAA, 0xBB, 0x02, 0xEE, 0x80, 0x88, 0x05, 0xEE, 0x80, 0xFE, 0x03, 0xFF, 0x80, 0xAF, 0x03,
    0xAA, 0x03, 0xCC, 0x80, 0x9D, 0x0C, 0xAA, 0x03, 0xBB, 0x16, 0xAA, 0x82, 0xBA, 0xBB, 0xAB, 0x09,
    0xAA, 0x84, 0xBA, 0xAB, 0xAA, 0x9A, 0xCD, 0x06, 0xCC, 0x88, 0xDC, 0xDD, 0xCC, 0x8C, 0x86, 0xCC,
    0xDC, 0xDD, 0xDC, 0x02, 0xDD, 0x80, 0x8C, 0x03, 0x33, 0x80, 0x32, 0x10, 0x33, 0x80, 0x32, 0x14,
    0x33, 0x80, 0xD3, 0x04, 0xDD, 0x83, 0x8D, 0x86, 0xDD, 0x9D, 0x07, 0xAA, 0x8A, 0x9A, 0xCC, 0xDD,
    0x86, 0xDD, 0xDC, 0xEE, 0xAA, 0xFF, 0xAA, 0xBB, 0x02, 0xEE, 0x80, 0x88, 0x05, 0xEE, 0x80, 0xFE,
    0x03, 0xFF, 0x80, 0xAF, 0x03, 0xAA, 0x04, 0xCC, 0x03, 0xDD, 0x81, 0x9D, 0xAE, 0x07, 0xAA, 0x80,
    0xBA, 0x06, 0xBB, 0x04, 0xAA, 0x03, 0xFF, 0x80, 0xAA, 0x02, 0x99, 0x80, 0xD9, 0x09, 0xDD, 0x80,
    0x9D, 0x02, 0x99, 0x80, 0xB9, 0x09, 0xBB, 0x81, 0xAB, 0x9E, 0x05, 0x99, 0x80, 0xC9, 0x04, 0xCC,
    0x84, 0x88, 0x55, 0x85, 0xDD, 0xCC, 0x03, 0xDD, 0x02, 0x88, 0x80, 0x31, 0x11, 0x33, 0x80, 0x21,
    0x10, 0x33, 0x80, 0x23, 0x03, 0x33, 0x80, 0x53, 0x02, 0x66, 0x83, 0x86, 0x8D, 0x35, 0x83, 0x04,
    0xDD, 0x80, 0x99, 0x03, 0xAA, 0x80, 0x9E, 0x02, 0xDD, 0x83, 0x57, 0x86, 0xDD, 0x99, 0x02, 0xAA,
    0x85, 0xAF, 0xBB, 0xFF, 0xDD, 0xEE, 0x88, 0x03, 0xDD, 0x05, 0xEE, 0x81, 0xFF, 0xAF, 0x03, 0xAA,
    0x07, 0xCC, 0x81, 0xDC, 0xAE, 0x08, 0xAA, 0x06, 0xBB, 0x04, 0xAA, 0x03, 0xFF, 0x81, 0xAA, 0xC9,
    0x02, 0xCC, 0x0A, 0xDD, 0x82, 0xCD, 0xCC, 0xB9, 0x09, 0xBB, 0x80, 0xAB, 0x06, 0xAA, 0x80, 0x9A,
    0x04, 0xCC, 0x82, 0x8C, 0x33, 0x63, 0x03, 0xCC, 0x80, 0xDC, 0x03, 0xDD, 0x13, 0x33, 0x02, 0x13,
    0x80, 0x21, 0x08, 0x33, 0x80, 0x13, 0x02, 0x33, 0x82, 0x31, 0x13, 0x31, 0x05, 0x33, 0x84, 0x31,
    0x83, 0x5C, 0x33, 0x83, 0x04, 0xDD, 0x80, 0x9C, 0x03, 0xAA, 0x86, 0xDE, 0xDC, 0xDD, 0x13, 0x86,
    0xDC, 0xEE, 0x03, 0xAA, 0x83, 0xBB, 0xFF, 0x88, 0xEE, 0x04, 0x88, 0x80, 0xE9, 0x04, 0xEE, 0x81,
    0xFE, 0xAF, 0x03, 0xAA, 0x07, 0xCC, 0x81, 0xDC, 0xAE, 0x08, 0xAA, 0x06, 0xBB, 0x04, 0xAA, 0x03,
    0xFF, 0x81, 0xAA, 0xC9, 0x02, 0xCC, 0x0A, 0xDD, 0x82, 0xCD, 0xCC, 0xB9, 0x09, 0xBB, 0x80, 0xAB,
    0x06, 0xAA, 0x80, 0x9A, 0x04, 0xCC, 0x82, 0x8C, 0x33, 0x63, 0x03, 0xCC, 0x80, 0xDC, 0x03, 0xDD,
    0x81, 0x33, 0x13, 0x0E, 0x33, 0x80, 0x31, 0x12, 0x33, 0x80, 0x23, 0x04, 0x33, 0x85, 0x31, 0x33,
    0x83, 0x5C, 0x33, 0x83, 0x04, 0xDD, 0x80, 0x9C, 0x03, 0xAA, 0x86, 0xDE, 0xDC, 0xDD, 0x23, 0x86,
    0xDC, 0xEE, 0x03, 0xAA, 0x83, 0xBB, 0xFF, 0x88, 0xEE, 0x04, 0x88, 0x80, 0xE9, 0x04, 0xEE, 0x81,
    0xFE, 0xAF, 0x03, 0xAA, 0x07, 0xCC, 0x81, 0xDC, 0xAE, 0x08, 0xAA, 0x06, 0xBB, 0x04, 0xAA, 0x03,
    0xFF, 0x81, 0xAA, 0xC9, 0x02, 0xCC, 0x0A, 0xDD, 0x82, 0xCD, 0xCC, 0xB9, 0x09, 0xBB, 0x80, 0xAB,
    0x06, 0xAA, 0x80, 0x9A, 0x04, 0xCC, 0x82, 0x8C, 0x21, 0x63, 0x03, 0xCC, 0x80, 0xDC, 0x03, 0xDD,
    0x2A, 0x33, 0x83, 0x83, 0x5C, 0x33, 0x82, 0x04, 0xDD, 0x80, 0x9C, 0x03, 0xAA, 0x86, 0xDE, 0xDC,
    0xDD, 0x33, 0x86, 0xDC, 0xEE, 0x02, 0xAA, 0x84, 0xBA, 0xBB, 0xFF, 0x88, 0xEE, 0x04, 0x88, 0x80,
    0xE9, 0x04, 0xEE, 0x81, 0xFE, 0xAF, 0x03, 0xAA, 0x08, 0xCC, 0x80, 0xDD, 0x03, 0x99, 0x81, 0xEE,
    0xFF, 0x05, 0xBB, 0x80, 0xAA, 0x07, 0x99, 0x03, 0xEE, 0x82, 0x99, 0xCD, 0xCC, 0x0A, 0xDD, 0x80,
    0x9D, 0x02, 0x99, 0x07, 0xEE, 0x81, 0xAE, 0xBA, 0x05, 0xBB, 0x80, 0xAB, 0x02, 0xAA, 0x81, 0x9A,
    0xD9, 0x03, 0xCC, 0x85, 0x8C, 0x58, 0x53, 0x86, 0x88, 0xCC, 0x04, 0xDD, 0x80, 0x88, 0x29, 0x33,
    0x83, 0x63, 0x36, 0x33, 0x63, 0x03, 0x88, 0x02, 0xDD, 0x03, 0x99, 0x86, 0xDD, 0x8C, 0x88, 0x65,
    0x88, 0x9D, 0xEE, 0x02, 0xAA, 0x81, 0xBB, 0xFF, 0x02, 0xEE, 0x80, 0x99, 0x03, 0x88, 0x81, 0xC8,
    0xDD, 0x05, 0xEE, 0x02, 0x99, 0x81, 0xA9, 0xAA, 0x0C, 0xCC, 0x81, 0xED, 0xFF, 0x05, 0xBB, 0x81,
    0xAA, 0x99, 0x0E, 0xDD, 0x83, 0xCD, 0xCC, 0xDD, 0xCD, 0x03, 0xDD, 0x84, 0xCD, 0xAD, 0xAA, 0xBA,
    0xEF, 0x06, 0xEE, 0x81, 0xAE, 0xBA, 0x08, 0xBB, 0x82, 0xAA, 0x9A, 0xCD, 0x03, 0xCC, 0x84, 0x8C,
    0x33, 0x23, 0x86, 0xDC, 0x05, 0xDD, 0x2B, 0x33, 0x80, 0x13, 0x03, 0x33, 0x80, 0x81, 0x04, 0xDD,
    0x85, 0xC9, 0xCC, 0x8C, 0x33, 0x86, 0xDC, 0x02, 0xEE, 0x02, 0xAA, 0x85, 0xBB, 0xFF, 0xEE, 0xFF,
    0x77, 0x88, 0x03, 0xCC, 0x81, 0x88, 0xE9, 0x03, 0xEE, 0x84, 0xDD, 0xCD, 0xCC, 0xA9, 0xAA, 0x0C,
    0xCC, 0x81, 0xED, 0xFF, 0x05, 0xBB, 0x81, 0xAA, 0x99, 0x0E, 0xDD, 0x83, 0xCD, 0xCC, 0xDD, 0xCD,
    0x03, 0xDD, 0x84, 0xCD, 0xAD, 0xAA, 0xBA, 0xEF, 0x06, 0xEE, 0x81, 0xAE, 0xBA, 0x08, 0xBB, 0x82,
    0xAA, 0x9A, 0xCD, 0x03, 0xCC, 0x84, 0x8C, 0x32, 0x33, 0x86, 0xDC, 0x05, 0xDD, 0x29, 0x33, 0x80,
    0x23, 0x05, 0x33, 0x80, 0x83, 0x04, 0xDD, 0x85, 0xC9, 0xCC, 0x8C, 0x33, 0x86, 0xDC, 0x02, 0xEE,
    0x02, 0xAA, 0x85, 0xBB, 0xFF, 0xEE, 0xFF, 0x77, 0x88, 0x03, 0xCC, 0x81, 0x88, 0xE9, 0x03, 0xEE,
    0x84, 0xDD, 0xCD, 0xCC, 0xA9, 0xAA, 0x0C, 0xCC, 0x81, 0xED, 0xFF, 0x05, 0xBB, 0x81, 0xAA, 0x99,
    0x0E, 0xDD, 0x83, 0xCD, 0xCC, 0xDD, 0xCD, 0x03, 0xDD, 0x84, 0xCD, 0xAD, 0xAA, 0xBA, 0xEF, 0x06,
    0xEE, 0x81, 0xAE, 0xBA, 0x08, 0xBB, 0x82, 0xAA, 0x9A, 0xCD, 0x03, 0xCC, 0x80, 0x8C, 0x02, 0x33,
    0x81, 0x86, 0xDC, 0x05, 0xDD, 0x80, 0x31, 0x28, 0x33, 0x81, 0x31, 0x23, 0x02, 0x13, 0x02, 0x33,
    0x80, 0x83, 0x04, 0xDD, 0x85, 0xC9, 0xCC, 0x8C, 0x33, 0x86, 0xDC, 0x02, 0xEE, 0x02, 0xAA, 0x85,
    0xBB, 0xFF, 0xEE, 0xFF, 0x77, 0x88, 0x03, 0xCC, 0x81, 0x88, 0xE9, 0x03, 0xEE, 0x85, 0xDD, 0xCD,
    0xCC, 0xA9, 0xAA, 0xC8, 0x0B, 0xCC, 0x81, 0xDD, 0x9D, 0x06, 0x99, 0x80, 0xCC, 0x07, 0xDD, 0x80,
    0x78, 0x06, 0x77, 0x8B, 0x32, 0x33, 0x72, 0x22, 0x73, 0x77, 0xD8, 0xDD, 0xA9, 0x9E, 0xE9, 0xDE,
    0x04, 0xDD, 0x80, 0xED, 0x05, 0xEE, 0x81, 0x9E, 0xA9, 0x05, 0xBB, 0x81, 0xAB, 0x9E, 0x02, 0x99,
    0x85, 0xD9, 0x8C, 0x68, 0x55, 0x53, 0x86, 0x05, 0xDD, 0x2C, 0x33, 0x83, 0x32, 0x33, 0x13, 0x53,
    0x05, 0x88, 0x81, 0x8D, 0x66, 0x02, 0x88, 0x03, 0xDD, 0x82, 0xFF, 0xAA, 0xFF, 0x02, 0xEE, 0x03,
    0x99, 0x04, 0x88, 0x03, 0xDD, 0x86, 0xE9, 0xEE, 0x8D, 0x99, 0xA9, 0xAA, 0xC8, 0x11, 0xCC, 0x0A,
    0xDD, 0x80, 0x02, 0x0C, 0x00, 0x84, 0xD7, 0xED, 0xEE, 0x99, 0xD9, 0x05, 0xDD, 0x80, 0xED, 0x05,
    0xEE, 0x81, 0xDE, 0xEC, 0x07, 0xBB, 0x02, 0xAA, 0x87, 0x9A, 0xCC, 0x8C, 0x56, 0x32, 0x53, 0xCC,
    0xDC, 0x03, 0xDD, 0x2A, 0x33, 0x80, 0x13, 0x05, 0x33, 0x80, 0x31, 0x03, 0x33, 0x84, 0x83, 0x8D,
    0x53, 0xCC, 0xDC, 0x02, 0xDD, 0x83, 0xDC, 0xFF, 0xAA, 0xFF, 0x02, 0xEE, 0x80, 0x88, 0x02, 0xEE,
    0x07, 0x88, 0x83, 0xE9, 0xEE, 0x89, 0xE9, 0x02, 0xAA, 0x80, 0xC8, 0x11, 0xCC, 0x0A, 0xDD, 0x80,
    0x02, 0x0C, 0x00, 0x84, 0xD7, 0xED, 0xEE, 0x99, 0xD9, 0x05, 0xDD, 0x80, 0xED, 0x05, 0xEE, 0x81,
    0xDE, 0xEC, 0x07, 0xBB, 0x02, 0xAA, 0x87, 0x9A, 0xCC, 0x8C, 0x56, 0x23, 0x53, 0xCC, 0xDC, 0x03,
    0xDD, 0x2A, 0x33, 0x84, 0x23, 0x33, 0x31, 0x33, 0x32, 0x04, 0x33, 0x85, 0x32, 0x83, 0x8D, 0x51,
    0xCC, 0xDC, 0x02, 0xDD, 0x83, 0xDC, 0xFF, 0xAA, 0xFF, 0x02, 0xEE, 0x80, 0x88, 0x02, 0xEE, 0x07,
    0x88, 0x83, 0xE9, 0xEE, 0x89, 0xE9, 0x02, 0xAA, 0x80, 0xC8, 0x11, 0xCC, 0x0A, 0xDD, 0x80, 0x02,
    0x0C, 0x00, 0x84, 0xD7, 0xED, 0xEE, 0x99, 0xD9, 0x05, 0xDD, 0x80, 0xED, 0x05, 0xEE, 0x81, 0xDE,
    0xEC, 0x07, 0xBB, 0x02, 0xAA, 0x87, 0x9A, 0xCC, 0x8C, 0x56, 0x33, 0x53, 0xCC, 0xDC, 0x03, 0xDD,
    0x32, 0x33, 0x02, 0x31, 0x84, 0x83, 0x8D, 0x53, 0xCC, 0xDC, 0x02, 0xDD, 0x83, 0xDC, 0xFF, 0xAA,
    0xFF, 0x02, 0xEE, 0x80, 0x88, 0x02, 0xEE, 0x07, 0x88, 0x83, 0xE9, 0xEE, 0x89, 0xE9, 0x02, 0xAA,
    0x80, 0x85, 0x11, 0xCC, 0x05, 0xDD, 0x02, 0x88, 0x03, 0x77, 0x0C, 0x00, 0x84, 0x70, 0xD7, 0xE9,
    0xEE, 0xD9, 0x05, 0xDD, 0x8B, 0xED, 0x49, 0x94, 0x99, 0xD9, 0xDD, 0xED, 0xDE, 0xED, 0xEE, 0xFE,
    0xBA, 0x04, 0xBB, 0x02, 0xAA, 0x80, 0x9A, 0x02, 0xCC, 0x80, 0x68, 0x02, 0x33, 0x81, 0x88, 0xDC,
    0x03, 0xDD, 0x80, 0x88, 0x33, 0x33, 0x8B, 0x82, 0x89, 0x13, 0x86, 0xCC, 0xDD, 0x9D, 0x99, 0xFF,
    0xAA, 0xFF, 0xAA, 0x02, 0x99, 0x02, 0xEE, 0x02, 0x99, 0x05, 0x88, 0x80, 0x9D, 0x02, 0x99, 0x83,
    0xEE, 0xAE, 0xFA, 0x83, 0x0C, 0xCC, 0x80, 0xDD, 0x04, 0xCC, 0x05, 0xDD, 0x80, 0x02, 0x10, 0x00,
    0x83, 0x82, 0x98, 0xE9, 0xDE, 0x06, 0xDD, 0x86, 0xED, 0x9E, 0x94, 0x99, 0xD9, 0xDD, 0xED, 0x04,
    0xEE, 0x80, 0xAE, 0x04, 0xBB, 0x02, 0xAA, 0x80, 0x9A, 0x02, 0xCC, 0x84, 0x8C, 0x33, 0x13, 0x53,
    0xDC, 0x04, 0xDD, 0x30, 0x33, 0x80, 0x23, 0x02, 0x33, 0x84, 0x86, 0x89, 0x33, 0x51, 0xCC, 0x02,
    0xEE, 0x80, 0xAA, 0x04, 0xBB, 0x80, 0xCC, 0x05, 0xEE, 0x8B, 0x88, 0x78, 0x88, 0xCC, 0x88, 0x78,
    0x88, 0xE9, 0xFE, 0xEE, 0xFE, 0x83, 0x0C, 0xCC, 0x80, 0xDD, 0x04, 0xCC, 0x05, 0xDD, 0x80, 0x02,
    0x10, 0x00, 0x83, 0x82, 0x98, 0xE9, 0xDE, 0x06, 0xDD, 0x81, 0xED, 0x4E, 0x02, 0x99, 0x82, 0xD9,
    0xDD, 0xED, 0x04, 0xEE, 0x80, 0xAE, 0x04, 0xBB, 0x02, 0xAA, 0x80, 0x9A, 0x02, 0xCC, 0x80, 0x8C,
    0x02, 0x33, 0x81, 0x53, 0xDC, 0x04, 0xDD, 0x33, 0x33, 0x84, 0x86, 0x89, 0x33, 0x53, 0xCC, 0x02,
    0xEE, 0x80, 0xAA, 0x04, 0xBB, 0x80, 0xCC, 0x05, 0xEE, 0x8B, 0x88, 0x78, 0x88, 0xCC, 0x88, 0x78,
    0x88, 0xE9, 0xFE, 0xEE, 0xFE, 0x83, 0x0C, 0xCC, 0x80, 0xDD, 0x04, 0xCC, 0x05, 0xDD, 0x80, 0x02,
    0x10, 0x00, 0x83, 0x82, 0x98, 0xE9, 0xDE, 0x06, 0xDD, 0x86, 0xED, 0x4E, 0x94, 0x99, 0xD9, 0xDD,
    0xED, 0x04, 0xEE, 0x80, 0xAE, 0x04, 0xBB, 0x02, 0xAA, 0x80, 0x9A, 0x02, 0xCC, 0x84, 0x8C, 0x12,
    0x33, 0x51, 0xDC, 0x04, 0xDD, 0x31, 0x33, 0x86, 0x31, 0x33, 0x86, 0x89, 0x33, 0x53, 0xCC, 0x02,
    0xEE, 0x80, 0xAA, 0x04, 0xBB, 0x80, 0xCC, 0x05, 0xEE, 0x8C, 0x88, 0x78, 0x88, 0xCC, 0x88, 0x78,
    0x88, 0xE9, 0xFE, 0xEE, 0xFE, 0x63, 0x88, 0x0B, 0xCC, 0x80, 0xDD, 0x04, 0xCC, 0x80, 0xDD, 0x03,
    0x88, 0x80, 0x77, 0x11, 0x00, 0x81, 0x20, 0x47, 0x07, 0xDD, 0x86, 0x4D, 0xE4, 0x9E, 0x49, 0x94,
    0x49, 0xD4, 0x03, 0xDD, 0x80, 0xED, 0x02, 0xEE, 0x80, 0xFE, 0x03, 0xBB, 0x02, 0xAA, 0x87, 0x9A,
    0x99, 0xC9, 0x8C, 0x31, 0x33, 0x51, 0x88, 0x04, 0xDD, 0x30, 0x33, 0x83, 0x53, 0x56, 0x33, 0x85,
    0x03, 0x88, 0x80, 0x9D, 0x02, 0xEE, 0x04, 0xAA, 0x81, 0xBB, 0xCC, 0x03, 0x99, 0x02, 0xEE, 0x80,
    0xD9, 0x03, 0xDD, 0x02, 0x88, 0x86, 0xDD, 0xEE, 0xFE, 0xEE, 0xFA, 0x33, 0x83, 0x11, 0xCC, 0x80,
    0x66, 0x15, 0x00, 0x81, 0x40, 0xD8, 0x05, 0xDD, 0x87, 0x9D, 0x49, 0xE4, 0xDE, 0x4D, 0x94, 0x49,
    0xD4, 0x04, 0xDD, 0x02, 0xEE, 0x80, 0xFE, 0x03, 0xBB, 0x04, 0xAA, 0x81, 0x9A, 0x8C, 0x03, 0x33,
    0x81, 0x53, 0xCC, 0x03, 0xDD, 0x30, 0x33, 0x81, 0x83, 0x8C, 0x02, 0x33, 0x80, 0x82, 0x09, 0xEE,
    0x81, 0xBB, 0xCC, 0x02, 0xDD, 0x80, 0xCC, 0x05, 0xEE, 0x80, 0xDD, 0x02, 0x88, 0x86, 0xE9, 0xFE,
    0xFF, 0xAF, 0xAA, 0x32, 0x83, 0x11, 0xCC, 0x80, 0x66, 0x15, 0x00, 0x81, 0x40, 0xD8, 0x05, 0xDD,
    0x87, 0x9D, 0x49, 0xE4, 0xDE, 0x4D, 0x94, 0x49, 0xD4, 0x04, 0xDD, 0x02, 0xEE, 0x80, 0xFE, 0x03,
    0xBB, 0x04, 0xAA, 0x82, 0x9A, 0x8C, 0x13, 0x02, 0x33, 0x81, 0x53, 0xCC, 0x03, 0xDD, 0x30, 0x33,
    0x84, 0x83, 0x8C, 0x23, 0x33, 0x83, 0x09, 0xEE, 0x81, 0xBB, 0xCC, 0x02, 0xDD, 0x80, 0xCC, 0x05,
    0xEE, 0x80, 0xDD, 0x02, 0x88, 0x86, 0xE9, 0xFE, 0xFF, 0xAF, 0xAA, 0x31, 0x83, 0x11, 0xCC, 0x80,
    0x66, 0x15, 0x00, 0x81, 0x40, 0xD8, 0x05, 0xDD, 0x87, 0x9D, 0x49, 0xE4, 0xDE, 0x4D, 0x94, 0x49,
    0xD4, 0x04, 0xDD, 0x02, 0xEE, 0x80, 0xFE, 0x03, 0xBB, 0x04, 0xAA, 0x81, 0x9A, 0x8C, 0x03, 0x33,
    0x81, 0x53, 0xCC, 0x03, 0xDD, 0x30, 0x33, 0x81, 0x81, 0x8C, 0x02, 0x33, 0x80, 0x83, 0x09, 0xEE,
    0x81, 0xBB, 0xCC, 0x02, 0xDD, 0x80, 0xCC, 0x05, 0xEE, 0x80, 0xDD, 0x02, 0x88, 0x87, 0xE9, 0xFE,
    0xFF, 0xAF, 0xAA, 0x13, 0x63, 0x88, 0x0A, 0xCC, 0x80, 0xCD, 0x02, 0xCC, 0x83, 0xDD, 0xD9, 0xCC,
    0x88, 0x13, 0x00, 0x82, 0x70, 0x77, 0x88, 0x05, 0xDD, 0x84, 0x4D, 0x94, 0x99, 0xF9, 0x9F, 0x02,
    0x99, 0x81, 0x49, 0xD4, 0x04, 0xDD, 0x85, 0xED, 0xEE, 0xFE, 0xAB, 0xAE, 0xBB, 0x03, 0xAA, 0x02,
    0x99, 0x85, 0xC9, 0x88, 0x78, 0x32, 0x53, 0x88, 0x03, 0xDD, 0x30, 0x33, 0x81, 0x53, 0x58, 0x02,
    0x33, 0x80, 0x73, 0x0A, 0x99, 0x02, 0x88, 0x02, 0xDD, 0x03, 0x99, 0x02, 0xEE, 0x83, 0xDD, 0x9D,
    0x99, 0xEE, 0x02, 0xFF, 0x84, 0xAA, 0xFA, 0x33, 0x31, 0x83, 0x0A, 0xCC, 0x03, 0xDD, 0x02, 0xEE,
    0x02, 0xCC, 0x13, 0x00, 0x81, 0x97, 0xE9, 0x06, 0xDD, 0x88, 0x4D, 0x94, 0xA9, 0xAA, 0xBA, 0x9B,
    0x99, 0x49, 0xD4, 0x05, 0xDD, 0x02, 0xEE, 0x82, 0x9B, 0x9C, 0xAB, 0x02, 0xAA, 0x86, 0x9A, 0xCC,
    0x9C, 0xAA, 0xEE, 0x9E, 0x56, 0x02, 0x33, 0x02, 0xDD, 0x80, 0x8C, 0x30, 0x33, 0x80, 0x23, 0x04,
    0x33, 0x82, 0x13, 0x33, 0x13, 0x09, 0x33, 0x05, 0xDD, 0x02, 0xEE, 0x81, 0xDD, 0xAE, 0x02, 0xBB,
    0x02, 0xAA, 0x81, 0xBB, 0xFF, 0x02, 0x33, 0x80, 0x63, 0x0A, 0xCC, 0x03, 0xDD, 0x02, 0xEE, 0x02,
    0xCC, 0x13, 0x00, 0x81, 0x97, 0xE9, 0x06, 0xDD, 0x88, 0x4D, 0x94, 0xA9, 0xAA, 0xBA, 0x9B, 0x99,
    0x49, 0xD4, 0x05, 0xDD, 0x02, 0xEE, 0x82, 0x9B, 0x9C, 0xBB, 0x02, 0xAA, 0x86, 0x9A, 0xCC, 0x9C,
    0xAA, 0xEE, 0x9E, 0x56, 0x02, 0x33, 0x02, 0xDD, 0x80, 0x8C, 0x31, 0x33, 0x80, 0x23, 0x03, 0x33,
    0x80, 0x13, 0x06, 0x33, 0x80, 0x23, 0x03, 0x33, 0x80, 0x13, 0x05, 0xDD, 0x02, 0xEE, 0x81, 0xDD,
    0xAE, 0x02, 0xBB, 0x02, 0xAA, 0x81, 0xBB, 0xFF, 0x02, 0x33, 0x80, 0x83, 0x0A, 0xCC, 0x03, 0xDD,
    0x02, 0xEE, 0x02, 0xCC, 0x13, 0x00, 0x81, 0x97, 0xED, 0x06, 0xDD, 0x88, 0x4D, 0x94, 0xA9, 0xAA,
    0xBA, 0x9B, 0x99, 0x49, 0xD4, 0x05, 0xDD, 0x02, 0xEE, 0x82, 0x9B, 0x9C, 0xBB, 0x02, 0xAA, 0x86,
    0x9A, 0xCC, 0x9C, 0xAA, 0xEE, 0x9E, 0x56, 0x02, 0x33, 0x02, 0xDD, 0x80, 0x8C, 0x31, 0x33, 0x82,
    0x32, 0x33, 0x31, 0x0D, 0x33, 0x05, 0xDD, 0x02, 0xEE, 0x81, 0xDD, 0xAE, 0x02, 0xBB, 0x02, 0xAA,
    0x81, 0xBB, 0xFF, 0x02, 0x33, 0x81, 0x63, 0xC8, 0x09, 0xCC, 0x03, 0xDD, 0x02, 0xEE, 0x02, 0xCC,
    0x12, 0x00, 0x81, 0x20, 0x97, 0x07, 0xDD, 0x82, 0x4D, 0x94, 0xA9, 0x02, 0xAA, 0x83, 0x9E, 0x99,
    0x49, 0xD4, 0x06, 0xDD, 0x83, 0xED, 0x9B, 0xEC, 0xAF, 0x02, 0xAA, 0x80, 0x9F, 0x02, 0xCC, 0x02,
    0x99, 0x81, 0x89, 0x55, 0x02, 0x33, 0x82, 0x88, 0xDD, 0x8C, 0x3C, 0x33, 0x80, 0x13, 0x03, 0x33,
    0x80, 0x23, 0x04, 0x88, 0x80, 0xDD, 0x02, 0x99, 0x82, 0xDD, 0xAE, 0xBB, 0x02, 0xAA, 0x83, 0xBA,
    0xFF, 0xEE, 0x11, 0x02, 0x33, 0x80, 0x83, 0x0A, 0xCC, 0x85, 0xDD, 0xDC, 0x9D, 0xEF, 0x99, 0xCC,
    0x12, 0x00, 0x82, 0xD7, 0xED, 0x99, 0x05, 0xDD, 0x88, 0x9D, 0x99, 0xE9, 0xAE, 0xAA, 0x4A, 0x94,
    0x99, 0xD9, 0x07, 0xDD, 0x89, 0xED, 0x9A, 0xED, 0xFE, 0xAA, 0xFA, 0x9F, 0xCC, 0x8C, 0x13, 0x06,
    0x33, 0x81, 0xDD, 0x8C, 0x30, 0x33, 0x80, 0x23, 0x0B, 0x33, 0x80, 0x31, 0x03, 0x33, 0x80, 0x31,
    0x04, 0x33, 0x80, 0xC8, 0x03, 0xDD, 0x8A, 0xBE, 0xAB, 0xEE, 0xAA, 0xBB, 0xFF, 0xDE, 0x33, 0x31,
    0x33, 0x83, 0x0A, 0xCC, 0x85, 0xDD, 0xDC, 0x9D, 0xEF, 0x99, 0xCC, 0x12, 0x00, 0x82, 0xD7, 0xED,
    0x99, 0x05, 0xDD, 0x88, 0x9D, 0x99, 0xE9, 0xAE, 0xAA, 0x4A, 0x94, 0x99, 0xD9, 0x07, 0xDD, 0x8C,
    0xED, 0x9A, 0xED, 0xFE, 0xAA, 0xFA, 0x9F, 0xCC, 0x8C, 0x33, 0x32, 0x33, 0x13, 0x03, 0x33, 0x81,
    0xDD, 0xCC, 0x34, 0x33, 0x80, 0x31, 0x07, 0x33, 0x85, 0x31, 0x33, 0x31, 0x11, 0x33, 0x31, 0x03,
    0x33, 0x80, 0xC8, 0x03, 0xDD, 0x86, 0xBE, 0xAA, 0xEE, 0xAA, 0xBB, 0xFF, 0xDE, 0x02, 0x33, 0x81,
    0x23, 0x83, 0x0A, 0xCC, 0x85, 0xDD, 0xDC, 0x9D, 0xEF, 0x99, 0xCC, 0x12, 0x00, 0x82, 0xD7, 0xED,
    0x99, 0x05, 0xDD, 0x88, 0x9D, 0x99, 0xE9, 0xAE, 0xAA, 0x4A, 0x94, 0x99, 0xD9, 0x07, 0xDD, 0x89,
    0xED, 0x9A, 0xED, 0xFE, 0xAA, 0xFA, 0x9F, 0xCC, 0x8C, 0x31, 0x05, 0x33, 0x82, 0x31, 0xDD, 0x8C,
    0x44, 0x33, 0x81, 0x32, 0xC8, 0x03, 0xDD, 0x86, 0xBE, 0xAB, 0xEE, 0xAA, 0xBB, 0xFF, 0xDE, 0x03,
    0x33, 0x81, 0x63, 0xC8, 0x09, 0xCC, 0x86, 0xDD, 0xDC, 0xDD, 0xEE, 0x99, 0x88, 0x33, 0x11, 0x00,
    0x81, 0xD7, 0xED, 0x06, 0xDD, 0x88, 0x9D, 0x49, 0x99, 0xA9, 0xAA, 0x4A, 0x94, 0x99, 0xD9, 0x07,
    0xDD, 0x83, 0xED, 0x9A, 0xDD, 0xEE, 0x02, 0xAA, 0x82, 0x9E, 0xCC, 0x8C, 0x07, 0x33, 0x81, 0x88,
    0x8C, 0x45, 0x33, 0x03, 0x88, 0x81, 0xDD, 0xAE, 0x02, 0xEE, 0x83, 0xAE, 0xFF, 0xEF, 0xDD, 0x04,
    0x33, 0x80, 0x83, 0x0A, 0xCC, 0x02, 0xDD, 0x02, 0xEE, 0x81, 0x66, 0xCC, 0x11, 0x00, 0x81, 0xE7,
    0xEE, 0x06, 0xDD, 0x88, 0x4D, 0x49, 0x44, 0x94, 0x49, 0x94, 0x99, 0xE9, 0xDE, 0x06, 0xDD, 0x89,
    0xED, 0xFE, 0x9B, 0xDD, 0x9C, 0xAA, 0x9A, 0xCC, 0xD9, 0x8C, 0x06, 0x33, 0x82, 0x32, 0x33, 0x8C,
    0x46, 0x33, 0x82, 0x32, 0x33, 0xD8, 0x03, 0xDD, 0x88, 0xBE, 0xEF, 0xDD, 0xCD, 0x31, 0x13, 0x31,
    0x13, 0x83, 0x0A, 0xCC, 0x02, 0xDD, 0x02, 0xEE, 0x81, 0x66, 0xCC, 0x11, 0x00, 0x81, 0xE7, 0xEE,
    0x06, 0xDD, 0x88, 0x9D, 0x49, 0x44, 0x94, 0x49, 0x94, 0x99, 0xE9, 0xDE, 0x06, 0xDD, 0x8A, 0xED,
    0xFE, 0x9B, 0xDD, 0x9C, 0xAA, 0x9A, 0xCC, 0xD9, 0x8C, 0x31, 0x04, 0x33, 0x83, 0x31, 0x33, 0x23,
    0x8C, 0x46, 0x33, 0x82, 0x32, 0x33, 0xD8, 0x03, 0xDD, 0x85, 0xBE, 0xEF, 0xDD, 0xCD, 0x33, 0x13,
    0x02, 0x33, 0x80, 0x83, 0x0A, 0xCC, 0x02, 0xDD, 0x02, 0xEE, 0x81, 0x66, 0xCC, 0x11, 0x00, 0x81,
    0xE7, 0xEE, 0x06, 0xDD, 0x88, 0x9D, 0x49, 0x44, 0x94, 0x49, 0x94, 0x99, 0xE9, 0xDE, 0x06, 0xDD,
    0x89, 0xED, 0xFE, 0x9B, 0xDD, 0x9C, 0xAA, 0x9A, 0xCC, 0xD9, 0x8C, 0x08, 0x33, 0x80, 0x8C, 0x45,
    0x33, 0x80, 0x31, 0x02, 0x33, 0x80, 0xD8, 0x03, 0xDD, 0x83, 0xBE, 0xEF, 0xDD, 0xCD, 0x03, 0x33,
    0x81, 0x31, 0x63, 0x0A, 0xCC, 0x02, 0xDD, 0x02, 0xEE, 0x82, 0x88, 0xCC, 0x33, 0x0F, 0x00, 0x82,
    0x22, 0xE8, 0xEE, 0x06, 0xDD, 0x80, 0x4D, 0x02, 0x44, 0x85, 0x94, 0x99, 0x49, 0x44, 0xE4, 0xDE,
    0x06, 0xDD, 0x89, 0xED, 0xEE, 0x9A, 0xDD, 0x9C, 0xAA, 0x9A, 0xCC, 0xD9, 0x6C, 0x08, 0x33, 0x80,
    0x88, 0x45, 0x33, 0x80, 0x13, 0x02, 0x33, 0x80, 0xD8, 0x03, 0xDD, 0x83, 0xA9, 0xEE, 0xDD, 0x9D,
    0x06, 0x33, 0x80, 0x63, 0x08, 0xCC, 0x05, 0xEE, 0x81, 0x65, 0xDD, 0x0F, 0x00, 0x87, 0xD7, 0xED,
    0x9E, 0xDD, 0x4D, 0xD4, 0xDD, 0x4D, 0x07, 0x44, 0x80, 0xD4, 0x08, 0xDD, 0x88, 0x9D, 0x8E, 0x83,
    0xDD, 0xED, 0xAA, 0x9E, 0xCC, 0x8C, 0x4F, 0x33, 0x80, 0x31, 0x03, 0x33, 0x80, 0x23, 0x02, 0x33,
    0x83, 0xD8, 0x68, 0xC8, 0xA9, 0x02, 0x33, 0x80, 0x31, 0x03, 0x33, 0x80, 0x63, 0x08, 0xCC, 0x05,
    0xEE, 0x81, 0x66, 0xDD, 0x0F, 0x00, 0x87, 0xD7, 0xED, 0x9E, 0xDD, 0x4D, 0xD4, 0xDD, 0x4D, 0x07,
    0x44, 0x80, 0xD4, 0x08, 0xDD, 0x89, 0xED, 0x8E, 0x83, 0xDD, 0xED, 0xEA, 0x9E, 0xCC, 0x8C, 0x13,
    0x05, 0x33, 0x81, 0x32, 0x13, 0x4E, 0x33, 0x83, 0xD8, 0x68, 0xC8, 0xA9, 0x06, 0x33, 0x80, 0x63,
    0x08, 0xCC, 0x05, 0xEE, 0x81, 0x65, 0xDD, 0x0F, 0x00, 0x87, 0xD7, 0xED, 0x9E, 0xDD, 0x4D, 0xD4,
    0xDD, 0x4D, 0x07, 0x44, 0x80, 0xD4, 0x08, 0xDD, 0x8A, 0xED, 0x8E, 0x83, 0xDD, 0xED, 0xEA, 0x9E,
    0xCC, 0x8C, 0x33, 0x31, 0x32, 0x33, 0x86, 0x23, 0x13, 0x33, 0x31, 0x33, 0x13, 0x11, 0x06, 0x33,
    0x82, 0x13, 0x33, 0x23, 0x12, 0x33, 0x83, 0xD8, 0x68, 0xC8, 0xA9, 0x06, 0x33, 0x80, 0x63, 0x08,
    0xCC, 0x05, 0xEE, 0x81, 0x88, 0xDD, 0x0F, 0x00, 0x87, 0xD7, 0xED, 0x9E, 0xDD, 0x4D, 0xD4, 0xDD,
    0x48, 0x07, 0x44, 0x80, 0xD4, 0x08, 0xDD, 0x88, 0x9D, 0x89, 0x81, 0xDD, 0xED, 0xEA, 0x9E, 0xCC,
    0x8C, 0x36, 0x33, 0x80, 0x31, 0x08, 0x33, 0x80, 0x31, 0x16, 0x33, 0x83, 0xD8, 0x68, 0xC8, 0xA9,
    0x07, 0x33, 0x80, 0x63, 0x08, 0xCC, 0x80, 0xDC, 0x04, 0xEE, 0x80, 0x66, 0x0F, 0x00, 0x84, 0xD7,
    0xED, 0xD9, 0xDD, 0x4D, 0x04, 0x44, 0x80, 0xD4, 0x0D, 0xDD, 0x89, 0x9D, 0x9E, 0x7C, 0x00, 0x81,
    0xED, 0xEF, 0x9E, 0xCC, 0x8C, 0x3E, 0x33, 0x80, 0x31, 0x03, 0x33, 0x82, 0x23, 0x33, 0x31, 0x11,
    0x33, 0x81, 0x32, 0xC8, 0x02, 0xDD, 0x07, 0x33, 0x80, 0x63, 0x08, 0xCC, 0x80, 0xDC, 0x04, 0xEE,
    0x80, 0x66, 0x0F, 0x00, 0x81, 0xD7, 0xED, 0x02, 0xDD, 0x80, 0x4D, 0x04, 0x44, 0x80, 0xD4, 0x0D,
    0xDD, 0x89, 0xED, 0xCE, 0x7C, 0x00, 0x80, 0xED, 0xEF, 0x9E, 0xCC, 0x8C, 0x37, 0x33, 0x80, 0x23,
    0x1E, 0x33, 0x81, 0x31, 0xC8, 0x02, 0xDD, 0x06, 0x33, 0x81, 0x32, 0x61, 0x08, 0xCC, 0x80, 0xDC,
    0x04, 0xEE, 0x80, 0x66, 0x0F, 0x00, 0x81, 0xD7, 0xED, 0x02, 0xDD, 0x80, 0x4D, 0x04, 0x44, 0x80,
    0xD4, 0x0D, 0xDD, 0x89, 0xED, 0xCE, 0x7C, 0x00, 0x80, 0xED, 0xEF, 0x9E, 0xCC, 0x8C, 0x39, 0x33,
    0x80, 0x23, 0x1D, 0x33, 0x80, 0xC8, 0x02, 0xDD, 0x04, 0x33, 0x83, 0x31, 0x33, 0x31, 0x63, 0x08,
    0xCC, 0x80, 0xDC, 0x04, 0xEE, 0x82, 0x66, 0x00, 0x11, 0x0D, 0x00, 0x81, 0xD7, 0xED, 0x02, 0xDD,
    0x80, 0x4D, 0x04, 0x44, 0x80, 0xD4, 0x0D, 0xDD, 0x89, 0x9D, 0xCE, 0x7C, 0x00, 0x80, 0xED, 0xEF,
    0x9E, 0xCC, 0x8C, 0x32, 0x33, 0x82, 0x13, 0x31, 0x23, 0x0A, 0x33, 0x80, 0x23, 0x17, 0x33, 0x80,
    0xC8, 0x02, 0xDD, 0x05, 0x33, 0x80, 0x31, 0x02, 0x33, 0x80, 0x62, 0x08, 0xCC, 0x80, 0xDC, 0x04,
    0xEE, 0x81, 0x21, 0xC8, 0x0D, 0x00, 0x84, 0xD7, 0xED, 0xD9, 0xDD, 0x4D, 0x0A, 0x44, 0x80, 0xD4,
    0x06, 0xDD, 0x89, 0xDC, 0x9E, 0x79, 0x01, 0x00, 0x60, 0xDC, 0xED, 0x9E, 0x8C, 0x33, 0x33, 0x82,
    0x03, 0x10, 0x13, 0x04, 0x33, 0x80, 0x83, 0x05, 0xDD, 0x06, 0xCC, 0x80, 0x8C, 0x10, 0x33, 0x83,
    0x13, 0x33, 0xC8, 0xDD, 0x05, 0x33, 0x80, 0x23, 0x02, 0x33, 0x80, 0x63, 0x08, 0xCC, 0x80, 0xDC,
    0x04, 0xEE, 0x81, 0x33, 0xCC, 0x0D, 0x00, 0x84, 0xD7, 0xED, 0xD9, 0xDD, 0x4D, 0x0A, 0x44, 0x80,
    0xD4, 0x06, 0xDD, 0x82, 0x9C, 0x9E, 0x79, 0x02, 0x00, 0x84, 0x60, 0xDC, 0xED, 0x9E, 0x8C, 0x02,
    0x33, 0x80, 0x12, 0x30, 0x33, 0x81, 0x03, 0x10, 0x03, 0x33, 0x82, 0x13, 0x33, 0x83, 0x05, 0xDD,
    0x06, 0xCC, 0x80, 0x8C, 0x12, 0x33, 0x81, 0xC8, 0xDD, 0x08, 0x33, 0x80, 0x63, 0x08, 0xCC, 0x80,
    0xDC, 0x04, 0xEE, 0x81, 0x33, 0xCC, 0x0D, 0x00, 0x84, 0xD7, 0xED, 0xD9, 0xDD, 0x4D, 0x0A, 0x44,
    0x80, 0xD4, 0x06, 0xDD, 0x82, 0x9C, 0x9E, 0x79, 0x02, 0x00, 0x84, 0x60, 0xDC, 0xED, 0x9E, 0x8C,
    0x30, 0x33, 0x80, 0x23, 0x02, 0x33, 0x84, 0x03, 0x10, 0x33, 0x13, 0x33, 0x02, 0x31, 0x80, 0x83,
    0x05, 0xDD, 0x06, 0xCC, 0x80, 0x8C, 0x03, 0x33, 0x84, 0x13, 0x21, 0x31, 0x33, 0x13, 0x0A, 0x33,
    0x81, 0xC8, 0xDD, 0x08, 0x33, 0x80, 0x53, 0x08, 0xCC, 0x80, 0xDC, 0x04, 0xEE, 0x81, 0x33, 0xCC,
    0x0D, 0x00, 0x84, 0xD7, 0xED, 0xD9, 0xDD, 0x4D, 0x0A, 0x44, 0x80, 0xD4, 0x06, 0xDD, 0x82, 0x9D,
    0x99, 0x79, 0x02, 0x00, 0x85, 0x60, 0xDC, 0xED, 0x9E, 0x8C, 0x11, 0x30, 0x33, 0x83, 0x23, 0x21,
    0x03, 0x10, 0x03, 0x33, 0x82, 0x23, 0x33, 0x83, 0x05, 0xDD, 0x06, 0xCC, 0x84, 0x8C, 0x22, 0x32,
    0x33, 0x23, 0x02, 0x33, 0x80, 0x32, 0x0A, 0x33, 0x82, 0x31, 0xC8, 0xDD, 0x0A, 0x33, 0x80, 0x61,
    0x09, 0xCC, 0x84, 0xFF, 0xEE, 0x99, 0xCC, 0x23, 0x0C, 0x00, 0x84, 0x87, 0xED, 0xEE, 0xDD, 0x4D,
    0x0A, 0x44, 0x80, 0xD4, 0x06, 0xDD, 0x81, 0x7D, 0x03, 0x03, 0x00, 0x86, 0x60, 0xDC, 0xED, 0x9E,
    0x8C, 0x33, 0x31, 0x2F, 0x33, 0x87, 0x12, 0x20, 0x23, 0x11, 0x32, 0x13, 0x33, 0x83, 0x04, 0xDD,
    0x03, 0xCC, 0x81, 0x8D, 0x52, 0x05, 0x66, 0x84, 0x55, 0x65, 0xDD, 0x88, 0x66, 0x0D, 0x33, 0x81,
    0x23, 0xC8, 0x08, 0x33, 0x82, 0x31, 0x11, 0x53, 0x09, 0xCC, 0x80, 0xFF, 0x02, 0xEE, 0x81, 0xC9,
    0x27, 0x0C, 0x00, 0x84, 0x87, 0xED, 0xEE, 0xDD, 0x4D, 0x0A, 0x44, 0x80, 0xD4, 0x05, 0xDD, 0x81,
    0xED, 0x7E, 0x04, 0x00, 0x84, 0x60, 0xDC, 0xED, 0x9E, 0x8C, 0x31, 0x33, 0x81, 0x03, 0x20, 0x03,
    0x33, 0x82, 0x23, 0x12, 0x83, 0x04, 0xDD, 0x03, 0xCC, 0x81, 0x8D, 0x33, 0x07, 0x66, 0x82, 0xDD,
    0xCC, 0x88, 0x0E, 0x33, 0x80, 0xC8, 0x0A, 0x33, 0x80, 0x53, 0x09, 0xCC, 0x80, 0xFF, 0x02, 0xEE,
    0x81, 0xC9, 0x37, 0x0C, 0x00, 0x84, 0x87, 0xED, 0xEE, 0xDD, 0x4D, 0x0A, 0x44, 0x80, 0xD4, 0x05,
    0xDD, 0x81, 0xED, 0x7E, 0x04, 0x00, 0x84, 0x60, 0xDC, 0xED, 0x9E, 0x8C, 0x30, 0x33, 0x82, 0x13,
    0x03, 0x20, 0x02, 0x33, 0x02, 0x31, 0x81, 0x33, 0x83, 0x04, 0xDD, 0x03, 0xCC, 0x81, 0x8D, 0x33,
    0x06, 0x66, 0x85, 0x65, 0xDD, 0xCC, 0x88, 0x33, 0x31, 0x0C, 0x33, 0x80, 0xC8, 0x09, 0x33, 0x81,
    0x13, 0x53, 0x09, 0xCC, 0x80, 0xFF, 0x02, 0xEE, 0x81, 0xC9, 0x17, 0x0C, 0x00, 0x84, 0x87, 0xED,
    0xEE, 0xDD, 0x4D, 0x0A, 0x44, 0x80, 0xD4, 0x03, 0xDD, 0x83, 0xD8, 0xDD, 0xED, 0x7E, 0x04, 0x00,
    0x86, 0x60, 0xDC, 0xED, 0x9E, 0x8C, 0x33, 0x31, 0x2D, 0x33, 0x84, 0x31, 0x32, 0x03, 0x20, 0x13,
    0x04, 0x33, 0x80, 0x83, 0x04, 0xDD, 0x03, 0xCC, 0x82, 0x8D, 0x31, 0x56, 0x06, 0x66, 0x83, 0xDD,
    0xCC, 0x88, 0x13, 0x0C, 0x33, 0x81, 0x31, 0xC8, 0x0B, 0x33, 0x81, 0x31, 0x63, 0x08, 0xCC, 0x85,
    0xDD, 0xFF, 0xEE, 0x99, 0x13, 0x12, 0x0A, 0x00, 0x85, 0x20, 0xE8, 0xEE, 0xD9, 0xDD, 0x4D, 0x0A,
    0x44, 0x85, 0x84, 0x38, 0x00, 0x70, 0x88, 0x7D, 0x05, 0x00, 0x84, 0x60, 0xDC, 0xDD, 0x8C, 0x31,
    0x2F, 0x33, 0x87, 0x03, 0x10, 0x13, 0x32, 0x33, 0x31, 0x63, 0x88, 0x04, 0xDD, 0x84, 0x8D, 0x53,
    0x33, 0x23, 0x81, 0x0D, 0xCC, 0x81, 0x55, 0x32, 0x09, 0x33, 0x82, 0xC8, 0xA9, 0xAA, 0x08, 0x33,
    0x81, 0x12, 0x13, 0x02, 0x33, 0x80, 0x53, 0x08, 0xCC, 0x85, 0xDD, 0xFF, 0xEE, 0x99, 0x37, 0x33,
    0x0B, 0x00, 0x84, 0xE7, 0xEE, 0xD9, 0xDD, 0x4D, 0x0A, 0x44, 0x85, 0x74, 0x07, 0x00, 0x70, 0x87,
    0x38, 0x05, 0x00, 0x85, 0x60, 0xDC, 0xCD, 0x8C, 0x23, 0x22, 0x2E, 0x33, 0x81, 0x03, 0x20, 0x04,
    0x33, 0x81, 0x83, 0xD8, 0x04, 0xDD, 0x84, 0x8D, 0x33, 0x23, 0x33, 0x63, 0x0D, 0xCC, 0x81, 0x65,
    0x31, 0x09, 0x33, 0x82, 0xC8, 0xA9, 0xBB, 0x0C, 0x33, 0x80, 0x53, 0x08, 0xCC, 0x85, 0xDD, 0xFF,
    0xEE, 0x99, 0x37, 0x33, 0x0B, 0x00, 0x84, 0xE7, 0xEE, 0xD9, 0xDD, 0x4D, 0x0A, 0x44, 0x85, 0x74,
    0x07, 0x00, 0x70, 0x87, 0x3D, 0x05, 0x00, 0x83, 0x60, 0xDC, 0xCD, 0x8C, 0x2E, 0x33, 0x83, 0x13,
    0x21, 0x03, 0x10, 0x02, 0x33, 0x83, 0x32, 0x21, 0x83, 0xD8, 0x04, 0xDD, 0x84, 0x8D, 0x23, 0x13,
    0x33, 0x63, 0x0D, 0xCC, 0x81, 0x66, 0x31, 0x04, 0x33, 0x80, 0x23, 0x02, 0x33, 0x84, 0x31, 0x33,
    0xC8, 0xA9, 0xBB, 0x0C, 0x33, 0x80, 0x53, 0x08, 0xCC, 0x85, 0xDD, 0xFF, 0xEE, 0x99, 0x37, 0x33,
    0x0B, 0x00, 0x84, 0xE7, 0xEE, 0xD9, 0xDD, 0x4D, 0x0A, 0x44, 0x85, 0x74, 0x07, 0x00, 0x70, 0x87,
    0x08, 0x05, 0x00, 0x83, 0x60, 0xDC, 0xCD, 0x8C, 0x2C, 0x33, 0x80, 0x23, 0x03, 0x33, 0x83, 0x01,
    0x10, 0x33, 0x31, 0x02, 0x33, 0x81, 0x83, 0xD8, 0x04, 0xDD, 0x80, 0x8D, 0x02, 0x33, 0x81, 0x32,
    0x61, 0x0D, 0xCC, 0x81, 0x66, 0x31, 0x04, 0x33, 0x02, 0x31, 0x80, 0x33, 0x02, 0x13, 0x82, 0xC8,
    0xA9, 0xBB, 0x0D, 0x33, 0x02, 0x55, 0x07, 0xCC, 0x03, 0xEE, 0x83, 0x99, 0xCC, 0x13, 0x86, 0x09,
    0x00, 0x85, 0x73, 0xE8, 0xEE, 0xD9, 0x8D, 0x48, 0x07, 0x44, 0x82, 0x74, 0x37, 0x03, 0x0A, 0x00,
    0x83, 0x60, 0xDC, 0xDE, 0x8C, 0x2E, 0x33, 0x83, 0x03, 0x30, 0x13, 0x21, 0x03, 0x33, 0x81, 0x83,
    0xD8, 0x02, 0xDD, 0x83, 0x8D, 0x68, 0x55, 0x85, 0x03, 0x88, 0x80, 0xC8, 0x0E, 0xCC, 0x02, 0x88,
    0x80, 0x13, 0x06, 0x33, 0x83, 0x99, 0xAA, 0xBA, 0xBB, 0x0E, 0x33, 0x80, 0x13, 0x07, 0xCC, 0x04,
    0xEE, 0x83, 0x99, 0x37, 0xC8, 0x01, 0x09, 0x00, 0x84, 0xE7, 0xEE, 0xD9, 0xDD, 0x48, 0x07, 0x44,
    0x82, 0x84, 0x38, 0x03, 0x0A, 0x00, 0x83, 0x60, 0xDC, 0xDE, 0x8C, 0x2E, 0x33, 0x81, 0x03, 0x30,
    0x05, 0x33, 0x80, 0x83, 0x03, 0xDD, 0x83, 0x8D, 0x36, 0x31, 0x83, 0x14, 0xCC, 0x03, 0x33, 0x81,
    0x31, 0x23, 0x02, 0x33, 0x80, 0xA9, 0x03, 0xBB, 0x0C, 0x33, 0x82, 0x32, 0x33, 0x13, 0x07, 0xCC,
    0x04, 0xEE, 0x83, 0x99, 0x37, 0xC8, 0x01, 0x09, 0x00, 0x84, 0xE7, 0xEE, 0xD9, 0xDD, 0x48, 0x07,
    0x44, 0x82, 0x84, 0x38, 0x02, 0x0A, 0x00, 0x83, 0x60, 0xDC, 0xDE, 0x8C, 0x2E, 0x33, 0x83, 0x03,
    0x30, 0x33, 0x31, 0x03, 0x33, 0x80, 0x83, 0x03, 0xDD, 0x83, 0x8D, 0x36, 0x33, 0x83, 0x14, 0xCC,
    0x07, 0x33, 0x80, 0xA9, 0x03, 0xBB, 0x0D, 0x33, 0x81, 0x31, 0x13, 0x07, 0xCC, 0x04, 0xEE, 0x83,
    0x99, 0x37, 0xC8, 0x01, 0x09, 0x00, 0x84, 0xE7, 0xEE, 0xD9, 0xDD, 0x48, 0x07, 0x44, 0x82, 0x84,
    0x38, 0x03, 0x0A, 0x00, 0x83, 0x60, 0xDC, 0xDE, 0x8C, 0x2C, 0x33, 0x83, 0x32, 0x31, 0x03, 0x30,
    0x05, 0x33, 0x80, 0x83, 0x03, 0xDD, 0x83, 0x8D, 0x36, 0x33, 0x83, 0x14, 0xCC, 0x02, 0x33, 0x85,
    0x13, 0x33, 0x23, 0x32, 0x33, 0xA9, 0x03, 0xBB, 0x0F, 0x33, 0x82, 0x55, 0x65, 0x86, 0x06, 0xCC,
    0x81, 0xED, 0xEE, 0x02, 0x99, 0x81, 0xCC, 0x17, 0x09, 0x00, 0x84, 0x70, 0xE8, 0x9E, 0xEE, 0x8D,
    0x07, 0x88, 0x82, 0xD8, 0x7D, 0x07, 0x0A, 0x00, 0x83, 0x60, 0xDC, 0x8E, 0x55, 0x2D, 0x33, 0x82,
    0x03, 0x10, 0x31, 0x02, 0x33, 0x84, 0x31, 0x33, 0x81, 0xD8, 0x8D, 0x02, 0x66, 0x83, 0x86, 0x8C,
    0x88, 0xC8, 0x05, 0xCC, 0x03, 0x99, 0x80, 0xEE, 0x0A, 0x99, 0x80, 0xDD, 0x02, 0x88, 0x85, 0x55,
    0x33, 0x21, 0x98, 0x99, 0xBA, 0x03, 0xBB, 0x0D, 0x33, 0x80, 0x13, 0x02, 0x33, 0x81, 0x13, 0x65,
    0x06, 0xCC, 0x80, 0xDD, 0x03, 0xEE, 0x82, 0xC9, 0x35, 0x01, 0x09, 0x00, 0x80, 0xD7, 0x02, 0xEE,
    0x80, 0xC9, 0x06, 0xDD, 0x83, 0xCD, 0xDC, 0x7D, 0x07, 0x0A, 0x00, 0x82, 0x60, 0xDC, 0x8E, 0x2E,
    0x33, 0x83, 0x03, 0x30, 0x33, 0x23, 0x03, 0x33, 0x82, 0x83, 0xDC, 0x6D, 0x02, 0x33, 0x80, 0x83,
    0x07, 0xCC, 0x80, 0x9C, 0x0C, 0xAA, 0x82, 0x99, 0xAA, 0xD9, 0x02, 0xCC, 0x84, 0x66, 0x33, 0x13,
    0x99, 0xAA, 0x04, 0xBB, 0x0A, 0x33, 0x80, 0x21, 0x05, 0x33, 0x81, 0x13, 0x65, 0x06, 0xCC, 0x80,
    0xDD, 0x03, 0xEE, 0x82, 0xC9, 0x35, 0x01, 0x09, 0x00, 0x80, 0xD7, 0x02, 0xEE, 0x80, 0xC9, 0x06,
    0xDD, 0x83, 0xCD, 0xDC, 0x7D, 0x07, 0x0A, 0x00, 0x82, 0x60, 0xDC, 0x8E, 0x2B, 0x33, 0x80, 0x31,
    0x02, 0x33, 0x81, 0x03, 0x10, 0x05, 0x33, 0x82, 0x83, 0xDC, 0x6D, 0x02, 0x33, 0x80, 0x83, 0x07,
    0xCC, 0x80, 0x9C, 0x0C, 0xAA, 0x82, 0x99, 0xAA, 0xD9, 0x02, 0xCC, 0x80, 0x66, 0x02, 0x33, 0x81,
    0x99, 0xAA, 0x04, 0xBB, 0x04, 0x33, 0x80, 0x31, 0x02, 0x33, 0x80, 0x13, 0x08, 0x33, 0x81, 0x13,
    0x66, 0x06, 0xCC, 0x80, 0xDD, 0x03, 0xEE, 0x82, 0xC9, 0x35, 0x01, 0x09, 0x00, 0x80, 0xD7, 0x02,
    0xEE, 0x80, 0xC9, 0x06, 0xDD, 0x83, 0xCD, 0xDC, 0x7D, 0x07, 0x0A, 0x00, 0x82, 0x80, 0xDC, 0x8E,
    0x2A, 0x33, 0x80, 0x13, 0x02, 0x33, 0x82, 0x21, 0x03, 0x30, 0x05, 0x33, 0x85, 0x83, 0xDC, 0x6D,
    0x11, 0x31, 0x83, 0x07, 0xCC, 0x80, 0x9C, 0x0C, 0xAA, 0x82, 0x99, 0xAA, 0xD9, 0x02, 0xCC, 0x84,
    0x66, 0x32, 0x33, 0x99, 0xAA, 0x04, 0xBB, 0x04, 0x33, 0x80, 0x32, 0x0B, 0x33, 0x81, 0x13, 0x66,
    0x02, 0x88, 0x04, 0xCC, 0x80, 0xDC, 0x02, 0xDD, 0x80, 0xEE, 0x02, 0x99, 0x80, 0x88, 0x02, 0x11,
    0x81, 0x85, 0x03, 0x05, 0x00, 0x84, 0x70, 0x77, 0xD8, 0x9D, 0xD9, 0x06, 0xDD, 0x81, 0x7D, 0x37,
    0x0A, 0x00, 0x84, 0x70, 0xD8, 0xED, 0x8E, 0x13, 0x28, 0x33, 0x80, 0x13, 0x02, 0x33, 0x83, 0x03,
    0x00, 0x10, 0x31, 0x05, 0x33, 0x85, 0x53, 0x66, 0x36, 0x63, 0x88, 0xC8, 0x04, 0xCC, 0x03, 0x99,
    0x80, 0xA9, 0x04, 0xBB, 0x83, 0xAA, 0xBB, 0xAA, 0xBB, 0x06, 0xAA, 0x82, 0xEE, 0x99, 0xCC, 0x02,
    0x88, 0x82, 0x99, 0xA9, 0xBA, 0x02, 0xBB, 0x02, 0xFF, 0x0B, 0x33, 0x80, 0x21, 0x04, 0x33, 0x80,
    0x12, 0x03, 0x66, 0x06, 0xCC, 0x80, 0xDD, 0x03, 0xEE, 0x84, 0xC9, 0x35, 0x32, 0xC8, 0x03, 0x07,
    0x00, 0x81, 0xD7, 0xED, 0x07, 0xEE, 0x80, 0x0E, 0x0B, 0x00, 0x83, 0x80, 0xDD, 0xEE, 0x8E, 0x2B,
    0x33, 0x83, 0x31, 0x03, 0x00, 0x30, 0x09, 0x33, 0x80, 0x83, 0x05, 0xCC, 0x80, 0x9C, 0x02, 0xAA,
    0x80, 0xBA, 0x0D, 0xBB, 0x04, 0xAA, 0x03, 0xCC, 0x80, 0xBE, 0x04, 0xBB, 0x02, 0xFF, 0x08, 0x33,
    0x80, 0x31, 0x07, 0x33, 0x80, 0x13, 0x03, 0x66, 0x06, 0xCC, 0x80, 0xDD, 0x03, 0xEE, 0x84, 0xC9,
    0x25, 0x31, 0xC8, 0x03, 0x07, 0x00, 0x81, 0xD7, 0xED, 0x07, 0xEE, 0x80, 0x0E, 0x0B, 0x00, 0x83,
    0x80, 0xDD, 0xEE, 0x8E, 0x2A, 0x33, 0x84, 0x23, 0x33, 0x03, 0x00, 0x10, 0x06, 0x33, 0x80, 0x13,
    0x02, 0x33, 0x80, 0x83, 0x05, 0xCC, 0x80, 0x9C, 0x02, 0xAA, 0x80, 0xBA, 0x0D, 0xBB, 0x04, 0xAA,
    0x03, 0xCC, 0x80, 0xBE, 0x04, 0xBB, 0x02, 0xFF, 0x07, 0x33, 0x80, 0x31, 0x08, 0x33, 0x80, 0x13,
    0x03, 0x66, 0x06, 0xCC, 0x80, 0xDD, 0x03, 0xEE, 0x84, 0xC9, 0x35, 0x33, 0xC8, 0x03, 0x07, 0x00,
    0x81, 0xD7, 0xED, 0x07, 0xEE, 0x80, 0x0E, 0x0B, 0x00, 0x83, 0x80, 0xDD, 0xEE, 0x8E, 0x2C, 0x33,
    0x82, 0x01, 0x00, 0x30, 0x09, 0x33, 0x80, 0x83, 0x05, 0xCC, 0x80, 0x9C, 0x02, 0xAA, 0x80, 0xBA,
    0x0D, 0xBB, 0x04, 0xAA, 0x03, 0xCC, 0x80, 0xBE, 0x04, 0xBB, 0x02, 0xFF, 0x05, 0x33, 0x81, 0x35,
    0x33, 0x03, 0x55, 0x81, 0x25, 0x13, 0x05, 0x55, 0x03, 0x66, 0x03, 0x88, 0x04, 0xCC, 0x03, 0xDD,
    0x84, 0xCC, 0x88, 0xD8, 0x88, 0x05, 0x02, 0x11, 0x05, 0x00, 0x80, 0x70, 0x08, 0x77, 0x80, 0x07,
    0x0A, 0x00, 0x81, 0x10, 0x71, 0x02, 0x88, 0x81, 0x8D, 0x78, 0x2A, 0x33, 0x80, 0x01, 0x02, 0x00,
    0x80, 0x30, 0x07, 0x33, 0x82, 0x53, 0x88, 0xC8, 0x02, 0xCC, 0x80, 0x9C, 0x03, 0x99, 0x81, 0xEA,
    0xE9, 0x08, 0xEE, 0x80, 0xAB, 0x03, 0x99, 0x04, 0xBB, 0x02, 0xAA, 0x02, 0x99, 0x81, 0xCD, 0xBA,
    0x02, 0xBB, 0x83, 0xFF, 0x9A, 0xFE, 0xFF, 0x04, 0x33, 0x82, 0x51, 0x56, 0x31, 0x03, 0x66, 0x81,
    0x56, 0x33, 0x06, 0x66, 0x80, 0x56, 0x04, 0x66, 0x09, 0xCC, 0x85, 0xED, 0x8D, 0x35, 0x33, 0x63,
    0x01, 0x17, 0x00, 0x81, 0x10, 0x31, 0x02, 0x33, 0x82, 0x63, 0xC8, 0x89, 0x28, 0x33, 0x86, 0x31,
    0x33, 0x01, 0x00, 0x30, 0x13, 0x32, 0x05, 0x33, 0x81, 0x31, 0x83, 0x04, 0xCC, 0x80, 0x9C, 0x02,
    0xAA, 0x82, 0xBA, 0x9B, 0xDC, 0x08, 0xEE, 0x80, 0xAB, 0x03, 0xDD, 0x04, 0xBB, 0x04, 0xAA, 0x81,
    0x99, 0xBA, 0x02, 0xBB, 0x83, 0xFF, 0x9E, 0xFE, 0xAF, 0x04, 0x33, 0x82, 0x53, 0x56, 0x23, 0x03,
    0x66, 0x81, 0x56, 0x33, 0x0B, 0x66, 0x09, 0xCC, 0x85, 0xED, 0x8D, 0x35, 0x33, 0x53, 0x01, 0x17,
    0x00, 0x86, 0x10, 0x11, 0x32, 0x13, 0x63, 0xC8, 0x89, 0x03, 0x33, 0x80, 0x23, 0x26, 0x33, 0x85,
    0x01, 0x00, 0x30, 0x31, 0x32, 0x23, 0x04, 0x33, 0x81, 0x13, 0x83, 0x04, 0xCC, 0x80, 0x9C, 0x02,
    0xAA, 0x82, 0xBA, 0x9B, 0xDC, 0x08, 0xEE, 0x80, 0xAB, 0x03, 0xDD, 0x04, 0xBB, 0x04, 0xAA, 0x81,
    0x99, 0xBA, 0x02, 0xBB, 0x83, 0xFF, 0x9E, 0xFE, 0xAF, 0x04, 0x33, 0x82, 0x53, 0x56, 0x33, 0x03,
    0x66, 0x81, 0x56, 0x33, 0x0B, 0x66, 0x09, 0xCC, 0x85, 0xED, 0x8D, 0x25, 0x33, 0x63, 0x01, 0x17,
    0x00, 0x86, 0x10, 0x33, 0x32, 0x33, 0x63, 0xC8, 0x89, 0x28, 0x33, 0x85, 0x13, 0x33, 0x01, 0x00,
    0x30, 0x23, 0x02, 0x33, 0x80, 0x32, 0x04, 0x33, 0x80, 0x82, 0x04, 0xCC, 0x80, 0x9C, 0x02, 0xAA,
    0x82, 0xBA, 0x9B, 0xDC, 0x08, 0xEE, 0x80, 0xAB, 0x03, 0xDD, 0x04, 0xBB, 0x04, 0xAA, 0x81, 0x99,
    0xBA, 0x02, 0xBB, 0x83, 0xFF, 0x9E, 0xFE, 0xAF, 0x04, 0x22, 0x82, 0x52, 0x56, 0x52, 0x03, 0x66,
    0x81, 0x56, 0x52, 0x0B, 0x66, 0x04, 0x88, 0x05, 0xCC, 0x81, 0xDC, 0x8D, 0x03, 0x88, 0x85, 0x07,
    0x00, 0x10, 0x01, 0x51, 0x01, 0x12, 0x00, 0x80, 0x10, 0x03, 0x33, 0x83, 0x53, 0x85, 0x78, 0x32,
    0x27, 0x33, 0x81, 0x32, 0x01, 0x02, 0x00, 0x80, 0x30, 0x05, 0x33, 0x88, 0x13, 0x31, 0x63, 0xC6,
    0xCC, 0xDC, 0x9D, 0xD9, 0x9C, 0x03, 0xEE, 0x80, 0x9E, 0x04, 0x99, 0x04, 0xDD, 0x82, 0xEE, 0x99,
    0xEE, 0x02, 0xDD, 0x80, 0xEE, 0x07, 0xBB, 0x02, 0x99, 0x85, 0xBA, 0xBB, 0xFF, 0xEE, 0xFE, 0xFF,
    0x1B, 0x66, 0x06, 0xCC, 0x89, 0xDC, 0xE9, 0xEE, 0xC9, 0x38, 0x13, 0x33, 0x32, 0xC5, 0x06, 0x0E,
    0x00, 0x80, 0x10, 0x02, 0x33, 0x80, 0x31, 0x03, 0x33, 0x84, 0x31, 0x13, 0x23, 0x33, 0x56, 0x27,
    0x33, 0x81, 0x31, 0x01, 0x02, 0x00, 0x80, 0x30, 0x07, 0x33, 0x80, 0x83, 0x02, 0xCC, 0x83, 0x9C,
    0xEE, 0x9F, 0xD9, 0x03, 0xEE, 0x80, 0x9E, 0x04, 0x99, 0x04, 0xDD, 0x82, 0xDE, 0x9C, 0xEF, 0x03,
    0xDD, 0x07, 0xBB, 0x02, 0x99, 0x80, 0xBA, 0x02, 0xBB, 0x03, 0xFF, 0x1A, 0x66, 0x80, 0x56, 0x06,
    0xCC, 0x84, 0xDC, 0xE9, 0xEE, 0xC9, 0x38, 0x03, 0x33, 0x81, 0xC5, 0x06, 0x0E, 0x00, 0x86, 0x20,
    0x33, 0x31, 0x11, 0x31, 0x33, 0x13, 0x04, 0x33, 0x80, 0x56, 0x27, 0x33, 0x81, 0x13, 0x01, 0x02,
    0x00, 0x88, 0x30, 0x33, 0x31, 0x33, 0x31, 0x13, 0x33, 0x12, 0x81, 0x02, 0xCC, 0x83, 0x9C, 0xEE,
    0x9F, 0xD9, 0x03, 0xEE, 0x80, 0x9E, 0x04, 0x99, 0x04, 0xDD, 0x82, 0xDE, 0x9C, 0xEF, 0x03, 0xDD,
    0x07, 0xBB, 0x02, 0x99, 0x80, 0xBA, 0x02, 0xBB, 0x03, 0xFF, 0x09, 0x66, 0x82, 0x56, 0x66, 0x55,
    0x0E, 0x66, 0x80, 0x56, 0x06, 0xCC, 0x84, 0xDC, 0xE9, 0xEE, 0xC9, 0x28, 0x02, 0x23, 0x82, 0x33,
    0xC5, 0x06, 0x0E, 0x00, 0x80, 0x20, 0x08, 0x33, 0x82, 0x23, 0x33, 0x56, 0x28, 0x33, 0x80, 0x01,
    0x02, 0x00, 0x80, 0x30, 0x05, 0x33, 0x82, 0x32, 0x33, 0x83, 0x02, 0xCC, 0x83, 0x9C, 0xEE, 0x9F,
    0xD9, 0x03, 0xEE, 0x80, 0x9E, 0x04, 0x99, 0x04, 0xDD, 0x82, 0xDE, 0x9C, 0xEF, 0x03, 0xDD, 0x07,
    0xBB, 0x02, 0x99, 0x80, 0xBA, 0x02, 0xBB, 0x03, 0xFF, 0x06, 0x66, 0x80, 0x65, 0x0D, 0x66, 0x80,
    0x55, 0x02, 0x66, 0x80, 0x55, 0x03, 0x66, 0x06, 0x88, 0x80, 0xCC, 0x02, 0xDD, 0x82, 0xCD, 0x68,
    0x66, 0x02, 0x88, 0x84, 0xC8, 0x08, 0x00, 0x10, 0x01, 0x05, 0x00, 0x81, 0x10, 0x01, 0x02, 0x00,
    0x83, 0x10, 0x11, 0x51, 0x35, 0x02, 0x33, 0x02, 0x23, 0x85, 0x33, 0x32, 0x33, 0x31, 0x33, 0x35,
    0x27, 0x33, 0x85, 0x32, 0x01, 0x00, 0x10, 0x31, 0x13, 0x02, 0x33, 0x89, 0x23, 0x33, 0x53, 0x65,
    0xC6, 0xDC, 0xCC, 0xDC, 0xE9, 0xEF, 0x04, 0xDD, 0x05, 0x99, 0x05, 0xDD, 0x81, 0x9D, 0xEF, 0x03,
    0xDD, 0x80, 0xAA, 0x06, 0xBB, 0x82, 0x9E, 0x99, 0xBA, 0x02, 0xBB, 0x03, 0xFF, 0x0B, 0x66, 0x80,
    0x56, 0x09, 0x66, 0x02, 0x56, 0x0A, 0x66, 0x80, 0xC8, 0x05, 0xCC, 0x83, 0xDD, 0x99, 0xC9, 0x38,
    0x05, 0x33, 0x80, 0x23, 0x03, 0x33, 0x80, 0x31, 0x03, 0x33, 0x83, 0x23, 0x63, 0x58, 0x13, 0x08,
    0x33, 0x80, 0x31, 0x02, 0x33, 0x80, 0x32, 0x25, 0x33, 0x83, 0x01, 0x60, 0x36, 0x31, 0x02, 0x33,
    0x80, 0x11, 0x02, 0x33, 0x87, 0xC3, 0xCC, 0x9C, 0xD9, 0xDD, 0xCC, 0x9C, 0xEF, 0x03, 0xDD, 0x80,
    0x88, 0x05, 0x99, 0x06, 0xDD, 0x84, 0xEF, 0xDD, 0xCC, 0xDD, 0x99, 0x05, 0xBB, 0x02, 0xAA, 0x04,
    0xBB, 0x03, 0xFF, 0x21, 0x66, 0x80, 0xC8, 0x05, 0xCC, 0x87, 0xDD, 0x99, 0xC9, 0x38, 0x33, 0x32,
    0x33, 0x13, 0x02, 0x33, 0x80, 0x13, 0x06, 0x33, 0x82, 0x32, 0x61, 0x58, 0x2E, 0x33, 0x81, 0x23,
    0x32, 0x02, 0x33, 0x82, 0x02, 0x60, 0x36, 0x04, 0x33, 0x89, 0x13, 0x11, 0xC3, 0xCC, 0x9C, 0xD9,
    0xDD, 0xCC, 0x9C, 0xEF, 0x03, 0xDD, 0x80, 0x88, 0x05, 0x99, 0x06, 0xDD, 0x84, 0xEF, 0xDD, 0xCC,
    0xDD, 0x99, 0x05, 0xBB, 0x02, 0xAA, 0x04, 0xBB, 0x03, 0xFF, 0x21, 0x66, 0x80, 0xC8, 0x05, 0xCC,
    0x83, 0xDD, 0x99, 0xC9, 0x38, 0x05, 0x33, 0x83, 0x32, 0x13, 0x31, 0x32, 0x05, 0x33, 0x81, 0x63,
    0x58, 0x2E, 0x33, 0x81, 0x13, 0x23, 0x02, 0x33, 0x82, 0x01, 0x60, 0x36, 0x05, 0x33, 0x88, 0x23,
    0xC3, 0xCC, 0x9C, 0xD9, 0xDD, 0xCC, 0x9C, 0xEF, 0x03, 0xDD, 0x80, 0x88, 0x05, 0x99, 0x06, 0xDD,
    0x84, 0xEF, 0xDD, 0xCC, 0xDD, 0x99, 0x05, 0xBB, 0x02, 0xAA, 0x04, 0xBB, 0x03, 0xFF, 0x21, 0x66,
    0x80, 0x86, 0x08, 0x88, 0x82, 0x35, 0x83, 0x35, 0x03, 0x33, 0x80, 0x23, 0x08, 0x33, 0x81, 0x53,
    0x36, 0x2D, 0x33, 0x80, 0x23, 0x02, 0x33, 0x84, 0x23, 0x02, 0x00, 0x20, 0x35, 0x05, 0x33, 0x83,
    0x63, 0xC6, 0xCC, 0x8C, 0x02, 0x88, 0x82, 0xD8, 0xED, 0xDE, 0x02, 0xDD, 0x81, 0x44, 0x97, 0x05,
    0x99, 0x06, 0xDD, 0x84, 0xEE, 0x88, 0xCC, 0xDD, 0xCC, 0x06, 0xBB, 0x80, 0xAA, 0x02, 0xBB, 0x80,
    0x9E, 0x04, 0xEE, 0x23, 0x66, 0x81, 0x33, 0x63, 0x03, 0x66, 0x84, 0x15, 0x13, 0x33, 0xC5, 0x38,
    0x0B, 0x33, 0x80, 0x31, 0x2F, 0x33, 0x81, 0x23, 0x13, 0x02, 0x33, 0x82, 0x01, 0x00, 0x30, 0x06,
    0x33, 0x87, 0xC3, 0x9C, 0xC9, 0x5C, 0x03, 0x50, 0xD8, 0xDE, 0x02, 0xDD, 0x84, 0x4D, 0x44, 0x94,
    0xE9, 0x9F, 0x03, 0x99, 0x05, 0xDD, 0x85, 0xDC, 0xDE, 0x00, 0xCC, 0xDD, 0xCC, 0x02, 0xBB, 0x80,
    0xAA, 0x03, 0xBB, 0x87, 0xAB, 0xAA, 0xBB, 0xCD, 0xDD, 0xEE, 0xC9, 0xE9, 0x21, 0x66, 0x84, 0x65,
    0x66, 0x33, 0x62, 0x56, 0x02, 0x66, 0x80, 0x35, 0x02, 0x33, 0x81, 0xC5, 0x38, 0x04, 0x33, 0x80,
    0x32, 0x37, 0x33, 0x80, 0x13, 0x02, 0x33, 0x82, 0x01, 0x00, 0x30, 0x05, 0x33, 0x88, 0x32, 0xC3,
    0x9C, 0xC9, 0x5C, 0x03, 0x50, 0xD8, 0xDE, 0x02, 0xDD, 0x84, 0x4D, 0x44, 0x94, 0xE9, 0x9F, 0x03,
    0x99, 0x05, 0xDD, 0x85, 0xDC, 0xDE, 0x00, 0xCC, 0xDD, 0xCC, 0x02, 0xBB, 0x80, 0xAA, 0x03, 0xBB,
    0x02, 0xAA, 0x85, 0xBB, 0xCD, 0xDD, 0xEE, 0xC9, 0xE9, 0x23, 0x66, 0x81, 0x33, 0x63, 0x03, 0x66,
    0x80, 0x35, 0x02, 0x33, 0x81, 0xC5, 0x38, 0x04, 0x33, 0x81, 0x13, 0x31, 0x06, 0x33, 0x80, 0x31,
    0x32, 0x33, 0x82, 0x01, 0x00, 0x30, 0x06, 0x33, 0x87, 0xC3, 0x9C, 0xC9, 0x5C, 0x03, 0x50, 0xD8,
    0xDE, 0x02, 0xDD, 0x84, 0x4D, 0x44, 0x94, 0xE9, 0x9F, 0x03, 0x99, 0x05, 0xDD, 0x85, 0xDC, 0xDE,
    0x00, 0xCC, 0xDD, 0xCC, 0x02, 0xBB, 0x80, 0xAA, 0x03, 0xBB, 0x02, 0xAA, 0x85, 0xBB, 0xCD, 0xDD,
    0xEE, 0xC9, 0xE9, 0x23, 0x66, 0x81, 0x35, 0x65, 0x02, 0x66, 0x81, 0x86, 0x35, 0x02, 0x33, 0x81,
    0x85, 0x38, 0x03, 0x33, 0x81, 0x53, 0x35, 0x07, 0x33, 0x80, 0x23, 0x2F, 0x33, 0x85, 0x31, 0x33,
    0x13, 0x01, 0x10, 0x31, 0x05, 0x33, 0x87, 0x73, 0xC7, 0x8C, 0x88, 0x28, 0x01, 0x10, 0x81, 0x03,
    0xDD, 0x85, 0x9D, 0x94, 0x99, 0xE9, 0x9F, 0x44, 0x02, 0x99, 0x05, 0xDD, 0x87, 0x99, 0x8D, 0x00,
    0x88, 0xDD, 0xCC, 0xFF, 0xBB, 0x02, 0xAA, 0x02, 0xBB, 0x87, 0xAB, 0xAA, 0xBB, 0xD9, 0xE9, 0xEE,
    0x99, 0xEE, 0x22, 0x66, 0x80, 0x56, 0x03, 0x66, 0x82, 0x56, 0xC8, 0x38, 0x02, 0x33, 0x80, 0x31,
    0x02, 0x33, 0x84, 0x32, 0x33, 0x83, 0x18, 0x13, 0x06, 0x33, 0x81, 0x13, 0x31, 0x30, 0x33, 0x83,
    0x02, 0x00, 0xC0, 0x3C, 0x05, 0x33, 0x82, 0xD3, 0xCD, 0x2C, 0x04, 0x00, 0x81, 0x70, 0xD8, 0x02,
    0xDD, 0x87, 0x9D, 0x94, 0xEE, 0xFF, 0x9F, 0x44, 0x49, 0x44, 0x05, 0xDD, 0x80, 0x9E, 0x03, 0x00,
    0x85, 0xDD, 0x99, 0xFF, 0xBB, 0xAA, 0xEE, 0x08, 0xBB, 0x02, 0xFF, 0x05, 0x66, 0x82, 0x65, 0x66,
    0x56, 0x1F, 0x66, 0x83, 0xC8, 0x38, 0x33, 0x13, 0x05, 0x33, 0x81, 0x83, 0x38, 0x39, 0x33, 0x84,
    0x02, 0x00, 0xC0, 0x3C, 0x31, 0x04, 0x33, 0x82, 0xD3, 0xCD, 0x2C, 0x04, 0x00, 0x81, 0x70, 0xD8,
    0x02, 0xDD, 0x87, 0x9D, 0x94, 0xEE, 0xFF, 0x9F, 0x44, 0x49, 0x44, 0x05, 0xDD, 0x80, 0x9E, 0x03,
    0x00, 0x85, 0xDD, 0x99, 0xFF, 0xBB, 0xAA, 0xEE, 0x08, 0xBB, 0x02, 0xFF, 0x04, 0x66, 0x80, 0x65,
    0x02, 0x66, 0x80, 0x65, 0x1C, 0x66, 0x80, 0x65, 0x02, 0x66, 0x81, 0xC8, 0x38, 0x07, 0x33, 0x81,
    0x83, 0x38, 0x39, 0x33, 0x85, 0x02, 0x00, 0xC0, 0x3C, 0x23, 0x32, 0x03, 0x33, 0x82, 0xD3, 0xCD,
    0x2C, 0x04, 0x00, 0x81, 0x70, 0xD8, 0x02, 0xDD, 0x87, 0x9D, 0x94, 0xEE, 0xFF, 0x9F, 0x44, 0x49,
    0x44, 0x05, 0xDD, 0x80, 0x9E, 0x03, 0x00, 0x85, 0xDD, 0x99, 0xFF, 0xBB, 0xAA, 0xEE, 0x08, 0xBB,
    0x02, 0xFF, 0x05, 0x66, 0x80, 0x65, 0x1E, 0x66, 0x80, 0x55, 0x02, 0x66, 0x81, 0x88, 0x38, 0x07,
    0x33, 0x81, 0x62, 0x36, 0x39, 0x33, 0x83, 0x01, 0x00, 0x80, 0x28, 0x03, 0x33, 0x84, 0x53, 0x55,
    0x85, 0x88, 0x08, 0x02, 0x00, 0x83, 0x30, 0x33, 0x83, 0xD8, 0x02, 0xDD, 0x81, 0x4D, 0x94, 0x02,
    0x99, 0x80, 0x9E, 0x02, 0x44, 0x80, 0x94, 0x05, 0xDD, 0x80, 0x9E, 0x03, 0x00, 0x83, 0xDD, 0x99,
    0xEE, 0xAA, 0x02, 0xEE, 0x08, 0xBB, 0x02, 0xFF, 0x80, 0x66, 0x02, 0x88, 0x82, 0x68, 0x66, 0x65,
    0x1E, 0x66, 0x80, 0x56, 0x03, 0x65, 0x80, 0x35, 0x09, 0x33, 0x80, 0x31, 0x38, 0x33, 0x82, 0x01,
    0x00, 0x30, 0x02, 0x33, 0x84, 0x23, 0x13, 0xC3, 0xCC, 0x2C, 0x04, 0x00, 0x80, 0x80, 0x04, 0xDD,
    0x80, 0x8D, 0x07, 0x44, 0x05, 0xDD, 0x81, 0xDC, 0x9E, 0x03, 0x00, 0x84, 0xCC, 0xFF, 0xEE, 0x99,
    0xCC, 0x02, 0xAA, 0x07, 0xBB, 0x02, 0xFF, 0x80, 0x66, 0x02, 0x88, 0x80, 0x68, 0x24, 0x66, 0x80,
    0x35, 0x07, 0x33, 0x82, 0x32, 0x33, 0x23, 0x37, 0x33, 0x84, 0x11, 0x01, 0x00, 0x30, 0x31, 0x02,
    0x33, 0x83, 0x23, 0xC3, 0xCC, 0x3C, 0x04, 0x00, 0x80, 0x80, 0x04, 0xDD, 0x80, 0x8D, 0x07, 0x44,
    0x05, 0xDD, 0x81, 0xDC, 0x9E, 0x03, 0x00, 0x84, 0xCC, 0xFF, 0xEE, 0x99, 0xCC, 0x02, 0xAA, 0x07,
    0xBB, 0x02, 0xFF, 0x80, 0x66, 0x02, 0x88, 0x80, 0x68, 0x24, 0x66, 0x80, 0x35, 0x07, 0x33, 0x80,
    0x13, 0x38, 0x33, 0x84, 0x13, 0x31, 0x01, 0x00, 0x30, 0x04, 0x33, 0x82, 0xC3, 0xCC, 0x2C, 0x04,
    0x00, 0x80, 0x80, 0x04, 0xDD, 0x80, 0x8D, 0x07, 0x44, 0x05, 0xDD, 0x81, 0xDC, 0x9E, 0x03, 0x00,
    0x84, 0xCC, 0xFF, 0xEE, 0x99, 0xCC, 0x02, 0xAA, 0x07, 0xBB, 0x02, 0xFF, 0x05, 0x88, 0x80, 0x65,
    0x21, 0x66, 0x81, 0x56, 0x35, 0x3F, 0x33, 0x80, 0x13, 0x02, 0x33, 0x82, 0x01, 0x00, 0x30, 0x02,
    0x33, 0x84, 0x31, 0x73, 0xC7, 0x8C, 0x28, 0x04, 0x00, 0x80, 0x80, 0x04, 0xDD, 0x81, 0x8D, 0x47,
    0x05, 0x44, 0x80, 0x84, 0x06, 0xDD, 0x80, 0x99, 0x03, 0x00, 0x80, 0xCC, 0x02, 0xEE, 0x81, 0x99,
    0xDD, 0x02, 0xAA, 0x07, 0xBB, 0x81, 0xEF, 0xFF, 0x04, 0xEE, 0x82, 0x9E, 0x99, 0x8C, 0x1F, 0x66,
    0x81, 0xC8, 0x38, 0x0B, 0x33, 0x80, 0x32, 0x37, 0x33, 0x88, 0x02, 0x00, 0x30, 0x33, 0x23, 0x33,
    0xE3, 0xCE, 0x0C, 0x05, 0x00, 0x86, 0xD0, 0xDE, 0xDC, 0x4D, 0x44, 0x84, 0x4D, 0x04, 0x44, 0x07,
    0xDD, 0x80, 0x9E, 0x04, 0x00, 0x02, 0xCC, 0x81, 0xDD, 0xFE, 0x02, 0xBB, 0x80, 0x99, 0x07, 0xBB,
    0x81, 0x9E, 0xFE, 0x04, 0xEE, 0x82, 0x9E, 0x99, 0x8C, 0x1F, 0x66, 0x81, 0xC8, 0x38, 0x43, 0x33,
    0x82, 0x01, 0x00, 0x30, 0x03, 0x33, 0x82, 0xE3, 0xCE, 0x0C, 0x05, 0x00, 0x86, 0xD0, 0xDE, 0xDC,
    0x4D, 0x44, 0x84, 0x4D, 0x04, 0x44, 0x07, 0xDD, 0x80, 0x9E, 0x04, 0x00, 0x02, 0xCC, 0x81, 0xDD,
    0xFE, 0x02, 0xBB, 0x80, 0x99, 0x07, 0xBB, 0x80, 0x9E, 0x05, 0xEE, 0x83, 0x9E, 0x99, 0x8C, 0x56,
    0x03, 0x66, 0x80, 0x65, 0x02, 0x66, 0x80, 0x56, 0x17, 0x66, 0x81, 0xC8, 0x38, 0x43, 0x33, 0x88,
    0x01, 0x00, 0x30, 0x31, 0x33, 0x23, 0xE3, 0xCE, 0x0C, 0x05, 0x00, 0x86, 0xD0, 0xDE, 0xDC, 0x4D,
    0x44, 0x84, 0x4D, 0x04, 0x44, 0x07, 0xDD, 0x80, 0x9E, 0x04, 0x00, 0x02, 0xCC, 0x81, 0xDD, 0xFE,
    0x02, 0xBB, 0x80, 0x99, 0x07, 0xBB, 0x82, 0x9E, 0xEE, 0xE9, 0x03, 0xEE, 0x83, 0x9E, 0x99, 0x8D,
    0x68, 0x04, 0x66, 0x83, 0x56, 0x65, 0x66, 0x55, 0x16, 0x66, 0x81, 0xC8, 0x38, 0x43, 0x33, 0x88,
    0x01, 0x00, 0x20, 0x33, 0x12, 0x21, 0xD3, 0x8D, 0x08, 0x05, 0x00, 0x86, 0xD3, 0xDE, 0xDC, 0x4D,
    0x44, 0x74, 0x4D, 0x04, 0x44, 0x07, 0xDD, 0x80, 0x99, 0x03, 0x00, 0x80, 0x33, 0x02, 0xCC, 0x84,
    0xDD, 0xFE, 0xBF, 0xBB, 0x9E, 0x02, 0xBB, 0x81, 0xAA, 0xBA, 0x03, 0xBB, 0x02, 0xEE, 0x84, 0xD8,
    0xDD, 0xEE, 0xAA, 0xEA, 0x02, 0xEE, 0x83, 0xDE, 0x8C, 0x66, 0x68, 0x1A, 0x66, 0x82, 0x56, 0x86,
    0x16, 0x43, 0x33, 0x87, 0x01, 0x00, 0x10, 0x33, 0xC3, 0x8C, 0xC8, 0x0C, 0x05, 0x00, 0x83, 0x80,
    0xDC, 0xDE, 0x7C, 0x04, 0x44, 0x82, 0x87, 0xCC, 0x7D, 0x02, 0x44, 0x05, 0xDD, 0x80, 0xDE, 0x04,
    0x00, 0x04, 0xCC, 0x81, 0xFE, 0xFF, 0x04, 0xBB, 0x81, 0xC9, 0xBE, 0x03, 0xBB, 0x02, 0xEE, 0x84,
    0xD8, 0xDD, 0xEE, 0xAA, 0xEA, 0x02, 0xEE, 0x86, 0xDE, 0x8C, 0x66, 0x68, 0x65, 0x66, 0x65, 0x16,
    0x66, 0x83, 0x65, 0x66, 0x86, 0x36, 0x43, 0x33, 0x87, 0x01, 0x00, 0x30, 0x33, 0xC3, 0x8C, 0xC8,
    0x0C, 0x05, 0x00, 0x83, 0x80, 0xDC, 0xDE, 0x7C, 0x04, 0x44, 0x82, 0x87, 0xCC, 0x7D, 0x02, 0x44,
    0x05, 0xDD, 0x80, 0xDE, 0x04, 0x00, 0x04, 0xCC, 0x81, 0xFE, 0xFF, 0x04, 0xBB, 0x81, 0xC9, 0xBE,
    0x03, 0xBB, 0x02, 0xEE, 0x84, 0xD8, 0xDD, 0xEE, 0xAA, 0xEA, 0x02, 0xEE, 0x83, 0xDE, 0x8C, 0x66,
    0x68, 0x1B, 0x66, 0x81, 0x86, 0x26, 0x43, 0x33, 0x87, 0x01, 0x00, 0x10, 0x33, 0xC3, 0x8C, 0xC8,
    0x0C, 0x05, 0x00, 0x83, 0x80, 0xDC, 0xDE, 0x7C, 0x04, 0x44, 0x82, 0x87, 0xCC, 0x7D, 0x02, 0x44,
    0x05, 0xDD, 0x80, 0xDE, 0x04, 0x00, 0x04, 0xCC, 0x81, 0xFE, 0xFF, 0x04, 0xBB, 0x81, 0xC9, 0xBE,
    0x03, 0xBB, 0x02, 0xEE, 0x84, 0x88, 0xDD, 0xE9, 0xAA, 0xEA, 0x02, 0xEE, 0x81, 0x9E, 0x8C, 0x02,
    0x88, 0x02, 0x66, 0x82, 0x65, 0x66, 0x65, 0x17, 0x66, 0x80, 0x35, 0x43, 0x33, 0x87, 0x01, 0x00,
    0x30, 0x33, 0xC3, 0x8C, 0x88, 0x08, 0x05, 0x00, 0x83, 0x80, 0xDC, 0xDE, 0x7C, 0x04, 0x44, 0x82,
    0x67, 0x88, 0x78, 0x02, 0x44, 0x06, 0xDD, 0x04, 0x00, 0x03, 0xCC, 0x82, 0xDD, 0xFE, 0xFF, 0x04,
    0xBB, 0x81, 0xC9, 0xBA, 0x03, 0xBB, 0x02, 0xEE, 0x03, 0x88, 0x81, 0xDD, 0xED, 0x02, 0xAA, 0x86,
    0xEA, 0x99, 0x9E, 0xC9, 0xCC, 0x68, 0x65, 0x17, 0x66, 0x81, 0xC8, 0x28, 0x44, 0x33, 0x82, 0x01,
    0x00, 0x30, 0x02, 0x33, 0x02, 0x23, 0x80, 0x03, 0x05, 0x00, 0x83, 0x80, 0xDC, 0xDE, 0x4D, 0x0A,
    0x44, 0x03, 0x88, 0x80, 0x8D, 0x05, 0x00, 0x03, 0xCC, 0x81, 0xEE, 0xBF, 0x0A, 0xBB, 0x81, 0xEF,
    0x9E, 0x03, 0x88, 0x81, 0xDD, 0xED, 0x02, 0xAA, 0x86, 0xEA, 0x99, 0x9E, 0xC9, 0xCC, 0x68, 0x55,
    0x03, 0x66, 0x80, 0x56, 0x13, 0x66, 0x81, 0xC8, 0x18, 0x44, 0x33, 0x82, 0x01, 0x00, 0x30, 0x03,
    0x33, 0x81, 0x31, 0x03, 0x05, 0x00, 0x83, 0x80, 0xDC, 0xDE, 0x4D, 0x0A, 0x44, 0x83, 0x88, 0x87,
    0x88, 0x8D, 0x05, 0x00, 0x03, 0xCC, 0x80, 0xFF, 0x0B, 0xBB, 0x81, 0xEF, 0x9E, 0x03, 0x88, 0x81,
    0xDD, 0xED, 0x02, 0xAA, 0x88, 0xEA, 0x99, 0x9E, 0xC9, 0xCC, 0x68, 0x66, 0x65, 0x56, 0x15, 0x66,
    0x83, 0xC8, 0x38, 0x13, 0x31, 0x02, 0x33, 0x80, 0x31, 0x3F, 0x33, 0x82, 0x01, 0x00, 0x30, 0x04,
    0x33, 0x80, 0x03, 0x05, 0x00, 0x83, 0x80, 0xDC, 0xDE, 0x4D, 0x0A, 0x44, 0x83, 0x88, 0x87, 0x88,
    0x89, 0x05, 0x00, 0x03, 0xCC, 0x80, 0xFF, 0x0B, 0xBB, 0x81, 0xEF, 0x9E, 0x03, 0x88, 0x81, 0xDD,
    0xED, 0x02, 0xAA, 0x85, 0xEA, 0x99, 0x9E, 0xC9, 0xCC, 0x88, 0x18, 0x66, 0x83, 0xC8, 0x38, 0x32,
    0x13, 0x42, 0x33, 0x82, 0x01, 0x00, 0x31, 0x04, 0x33, 0x80, 0x03, 0x05, 0x00, 0x83, 0x80, 0xDC,
    0xDE, 0x4D, 0x0A, 0x44, 0x83, 0x76, 0x77, 0x76, 0x78, 0x04, 0x00, 0x80, 0x11, 0x03, 0xCC, 0x81,
    0xFF, 0xBF, 0x0A, 0xBB, 0x81, 0xEF, 0x9E, 0x06, 0x88, 0x81, 0x9D, 0xEE, 0x02, 0xAA, 0x83, 0xEE,
    0x9E, 0x99, 0xCC, 0x02, 0x88, 0x80, 0x68, 0x13, 0x66, 0x82, 0x65, 0x86, 0x36, 0x02, 0x33, 0x80,
    0x31, 0x41, 0x33, 0x82, 0x01, 0x60, 0x36, 0x03, 0x33, 0x81, 0x31, 0x03, 0x06, 0x00, 0x83, 0xD1,
    0xEE, 0xDE, 0x4D, 0x08, 0x44, 0x80, 0x04, 0x07, 0x00, 0x80, 0x10, 0x03, 0xCC, 0x80, 0xAA, 0x02,
    0xFF, 0x0A, 0xBB, 0x81, 0xEF, 0x8D, 0x06, 0x88, 0x81, 0x9D, 0xEE, 0x02, 0xAA, 0x02, 0xEE, 0x81,
    0x99, 0xCC, 0x03, 0x88, 0x02, 0x66, 0x80, 0x65, 0x11, 0x66, 0x81, 0x86, 0x16, 0x02, 0x32, 0x80,
    0x13, 0x41, 0x33, 0x84, 0x01, 0x80, 0x36, 0x33, 0x23, 0x02, 0x33, 0x80, 0x03, 0x06, 0x00, 0x83,
    0xD0, 0xEE, 0xDE, 0x4D, 0x08, 0x44, 0x80, 0x04, 0x07, 0x00, 0x80, 0x10, 0x03, 0xCC, 0x80, 0xAA,
    0x02, 0xFF, 0x0A, 0xBB, 0x81, 0xEF, 0x8D, 0x06, 0x88, 0x81, 0x9D, 0xEE, 0x02, 0xAA, 0x02, 0xEE,
    0x81, 0x99, 0xCC, 0x03, 0x88, 0x02, 0x66, 0x80, 0x56, 0x11, 0x66, 0x81, 0x86, 0x36, 0x44, 0x33,
    0x87, 0x01, 0x80, 0x36, 0x33, 0x32, 0x33, 0x13, 0x03, 0x06, 0x00, 0x83, 0xD0, 0xEE, 0xDE, 0x4D,
    0x08, 0x44, 0x80, 0x04, 0x07, 0x00, 0x80, 0x10, 0x03, 0xCC, 0x80, 0xAA, 0x02, 0xFF, 0x0A, 0xBB,
    0x81, 0xEF, 0x8D, 0x06, 0x88, 0x81, 0xDD, 0xEE, 0x02, 0xAA, 0x02, 0xEE, 0x81, 0x99, 0xCC, 0x03,
    0x88, 0x81, 0x66, 0x65, 0x12, 0x66, 0x82, 0x86, 0x26, 0x22, 0x43, 0x33, 0x82, 0x01, 0x80, 0x16,
    0x03, 0x33, 0x81, 0x13, 0x03, 0x06, 0x00, 0x83, 0xD0, 0xEE, 0xDE, 0x4D, 0x08, 0x44, 0x80, 0x04,
    0x07, 0x00, 0x80, 0x11, 0x03, 0xCC, 0x80, 0xAA, 0x02, 0xFF, 0x0A, 0xBB, 0x82, 0xEF, 0x8D, 0xC9,
    0x02, 0xCC, 0x80, 0x8C, 0x04, 0x88, 0x80, 0xDD, 0x02, 0xEE, 0x86, 0xAA, 0xEA, 0x99, 0xDD, 0xCC,
    0x88, 0x8C, 0x12, 0x66, 0x84, 0xC8, 0x68, 0x56, 0x55, 0x35, 0x42, 0x33, 0x88, 0x01, 0xC0, 0x38,
    0x33, 0x23, 0x32, 0x33, 0x13, 0x02, 0x05, 0x00, 0x85, 0x80, 0xED, 0xDE, 0xDD, 0xD8, 0x4D, 0x04,
    0x44, 0x81, 0x78, 0x35, 0x07, 0x00, 0x84, 0x10, 0x88, 0xCC, 0xDD, 0xCC, 0x03, 0xFF, 0x0A, 0xBB,
    0x82, 0xFF, 0x89, 0xD9, 0x02, 0xCC, 0x80, 0x8C, 0x04, 0x88, 0x80, 0xDD, 0x02, 0xEE, 0x02, 0xAA,
    0x84, 0x99, 0x9E, 0xCC, 0x88, 0xCC, 0x03, 0x66, 0x81, 0x65, 0x56, 0x0D, 0x66, 0x81, 0xC8, 0x68,
    0x02, 0x66, 0x80, 0x35, 0x03, 0x33, 0x81, 0x13, 0x32, 0x3D, 0x33, 0x84, 0x01, 0xC0, 0x3C, 0x33,
    0x13, 0x03, 0x33, 0x80, 0x01, 0x05, 0x00, 0x85, 0x80, 0x9D, 0xDE, 0xDD, 0xDC, 0x4D, 0x03, 0x44,
    0x82, 0x84, 0x88, 0x16, 0x07, 0x00, 0x80, 0x10, 0x02, 0xCC, 0x81, 0xDD, 0xCC, 0x03, 0xFF, 0x0A,
    0xBB, 0x82, 0xFF, 0x89, 0xD9, 0x02, 0xCC, 0x80, 0x8C, 0x04, 0x88, 0x80, 0xDD, 0x02, 0xEE, 0x02,
    0xAA, 0x84, 0x99, 0x9E, 0xCC, 0x88, 0xCC, 0x12, 0x66, 0x81, 0xC8, 0x68, 0x02, 0x66, 0x81, 0x35,
    0x31, 0x41, 0x33, 0x82, 0x01, 0xC0, 0x3C, 0x02, 0x33, 0x02, 0x23, 0x81, 0x31, 0x03, 0x05, 0x00,
    0x85, 0x80, 0x9D, 0xDE, 0xDD, 0xDC, 0x4D, 0x03, 0x44, 0x82, 0x84, 0x88, 0x16, 0x07, 0x00, 0x80,
    0x10, 0x02, 0xCC, 0x81, 0xDD, 0xCC, 0x03, 0xFF, 0x0A, 0xBB, 0x82, 0xFF, 0x89, 0xD9, 0x02, 0xCC,
    0x80, 0x8C, 0x04, 0x88, 0x80, 0xDD, 0x02, 0xEE, 0x02, 0xAA, 0x84, 0x99, 0x9E, 0xCC, 0x88, 0xCC,
    0x11, 0x66, 0x82, 0x65, 0xC8, 0x68, 0x02, 0x66, 0x82, 0x35, 0x33, 0x23, 0x40, 0x33, 0x82, 0x01,
    0xC0, 0x2C, 0x03, 0x33, 0x82, 0x13, 0x33, 0x03, 0x05, 0x00, 0x85, 0x80, 0x9D, 0xDE, 0xDD, 0xDC,
    0x4D, 0x03, 0x44, 0x82, 0x84, 0x88, 0x16, 0x07, 0x00, 0x80, 0x10, 0x02, 0xCC, 0x81, 0xDD, 0xCC,
    0x03, 0xFF, 0x0A, 0xBB, 0x84, 0xFF, 0x89, 0xEE, 0x9E, 0xC9, 0x07, 0x88, 0x81, 0xDD, 0x9D, 0x03,
    0xAA, 0x81, 0x99, 0xDD, 0x02, 0xCC, 0x80, 0x88, 0x03, 0x66, 0x80, 0x65, 0x0A, 0x66, 0x82, 0x65,
    0x66, 0x86, 0x03, 0x66, 0x03, 0x55, 0x83, 0x35, 0x31, 0x33, 0x31, 0x3C, 0x33, 0x82, 0x01, 0xC0,
    0x3C, 0x04, 0x33, 0x83, 0x13, 0x23, 0x22, 0x01, 0x04, 0x00, 0x81, 0x73, 0xD7, 0x02, 0xEE, 0x80,
    0x9E, 0x02, 0xDD, 0x80, 0x99, 0x02, 0xDD, 0x80, 0x78, 0x05, 0x00, 0x82, 0x10, 0xCC, 0xDD, 0x03,
    0xCC, 0x80, 0x99, 0x03, 0xFF, 0x0A, 0xBB, 0x84, 0xFF, 0xDE, 0xEE, 0x9E, 0xC9, 0x07, 0x88, 0x81,
    0xDC, 0x9D, 0x03, 0xAA, 0x02, 0xEE, 0x82, 0xC9, 0xCC, 0x88, 0x10, 0x66, 0x80, 0x86, 0x06, 0x66,
    0x81, 0x35, 0x31, 0x3E, 0x33, 0x82, 0x01, 0xC0, 0x3C, 0x02, 0x33, 0x80, 0x11, 0x04, 0x33, 0x80,
    0x03, 0x04, 0x00, 0x81, 0x10, 0xD3, 0x02, 0xEE, 0x86, 0x9E, 0xDD, 0x9D, 0xEE, 0xDE, 0xD9, 0x78,
    0x05, 0x00, 0x82, 0x10, 0xCC, 0xDD, 0x03, 0xCC, 0x80, 0xEE, 0x03, 0xFF, 0x0A, 0xBB, 0x84, 0xFF,
    0xDE, 0xEE, 0x9E, 0xC9, 0x07, 0x88, 0x81, 0xDC, 0x9D, 0x03, 0xAA, 0x02, 0xEE, 0x82, 0xC9, 0xCC,
    0x88, 0x10, 0x66, 0x80, 0x86, 0x06, 0x66, 0x83, 0x35, 0x23, 0x33, 0x23, 0x3C, 0x33, 0x82, 0x01,
    0xC0, 0x3C, 0x06, 0x33, 0x81, 0x23, 0x03, 0x04, 0x00, 0x81, 0x10, 0xD3, 0x02, 0xEE, 0x86, 0x9E,
    0xDD, 0x9D, 0xEE, 0xDE, 0xD9, 0x78, 0x05, 0x00, 0x82, 0x10, 0xCC, 0xDD, 0x03, 0xCC, 0x80, 0xEE,
    0x03, 0xFF, 0x0A, 0xBB, 0x84, 0xFF, 0xDE, 0xEE, 0x9E, 0xC9, 0x07, 0x88, 0x81, 0xDC, 0x9D, 0x03,
    0xAA, 0x02, 0xEE, 0x82, 0xC9, 0xCC, 0x88, 0x0C, 0x66, 0x84, 0x56, 0x65, 0x56, 0x66, 0x86, 0x06,
    0x66, 0x80, 0x15, 0x3F, 0x33, 0x82, 0x01, 0xC0, 0x3C, 0x03, 0x33, 0x80, 0x31, 0x03, 0x33, 0x80,
    0x02, 0x04, 0x00, 0x81, 0x10, 0xD3, 0x03, 0xEE, 0x85, 0xDD, 0x9D, 0xEE, 0xDD, 0xD9, 0x78, 0x05,
    0x00, 0x82, 0x10, 0xCC, 0xDD, 0x03, 0xCC, 0x80, 0xEE, 0x03, 0xFF, 0x0A, 0xBB, 0x86, 0xFF, 0xDE,
    0xEA, 0xEE, 0x9E, 0x99, 0x89, 0x07, 0x88, 0x85, 0xD8, 0x9D, 0xEE, 0xAA, 0xEA, 0x99, 0x02, 0xDD,
    0x80, 0xCC, 0x0C, 0x66, 0x81, 0xC8, 0xCC, 0x06, 0x66, 0x86, 0x56, 0x66, 0x35, 0x53, 0x35, 0x33,
    0x23, 0x3B, 0x33, 0x83, 0x01, 0x10, 0x31, 0x13, 0x06, 0x33, 0x82, 0x23, 0x11, 0x01, 0x04, 0x00,
    0x80, 0x73, 0x02, 0x77, 0x83, 0x37, 0x73, 0x77, 0x33, 0x06, 0x00, 0x80, 0x30, 0x02, 0x99, 0x80,
    0xDD, 0x03, 0xCC, 0x04, 0xFF, 0x0A, 0xBB, 0x82, 0xEE, 0xDE, 0xEA, 0x03, 0xEE, 0x80, 0x9E, 0x08,
    0x88, 0x81, 0xDD, 0xEE, 0x02, 0xAA, 0x02, 0xEE, 0x81, 0x99, 0xCC, 0x02, 0x88, 0x05, 0x66, 0x80,
    0x56, 0x03, 0x66, 0x80, 0x86, 0x02, 0xCC, 0x80, 0x68, 0x04, 0x66, 0x80, 0x55, 0x02, 0x66, 0x82,
    0x35, 0x53, 0x35, 0x3A, 0x33, 0x80, 0x13, 0x02, 0x33, 0x82, 0x01, 0x00, 0x30, 0x07, 0x33, 0x82,
    0x13, 0x33, 0x03, 0x11, 0x00, 0x82, 0x30, 0x99, 0xEE, 0x04, 0xCC, 0x02, 0xFF, 0x0C, 0xBB, 0x82,
    0xDE, 0x9D, 0xEA, 0x03, 0xEE, 0x80, 0x9E, 0x08, 0x88, 0x81, 0xDD, 0xEE, 0x02, 0xAA, 0x02, 0xEE,
    0x81, 0x99, 0xCC, 0x02, 0x88, 0x80, 0x56, 0x04, 0x66, 0x81, 0x56, 0x65, 0x02, 0x66, 0x80, 0x86,
    0x02, 0xCC, 0x80, 0x68, 0x04, 0x66, 0x80, 0x56, 0x02, 0x66, 0x84, 0x35, 0x62, 0x35, 0x33, 0x13,
    0x38, 0x33, 0x85, 0x31, 0x22, 0x33, 0x01, 0x00, 0x30, 0x07, 0x33, 0x82, 0x13, 0x33, 0x03, 0x11,
    0x00, 0x82, 0x30, 0x99, 0xEE, 0x04, 0xCC, 0x02, 0xFF, 0x0C, 0xBB, 0x82, 0xDE, 0x99, 0xEA, 0x03,
    0xEE, 0x80, 0x9E, 0x08, 0x88, 0x81, 0xDD, 0xEE, 0x02, 0xAA, 0x02, 0xEE, 0x81, 0x99, 0xCC, 0x02,
    0x88, 0x04, 0x66, 0x80, 0x65, 0x04, 0x66, 0x80, 0x86, 0x02, 0xCC, 0x80, 0x68, 0x04, 0x66, 0x80,
    0x56, 0x02, 0x66, 0x82, 0x35, 0x63, 0x35, 0x04, 0x33, 0x81, 0x13, 0x23, 0x35, 0x33, 0x84, 0x31,
    0x33, 0x01, 0x00, 0x30, 0x07, 0x33, 0x82, 0x13, 0x31, 0x03, 0x11, 0x00, 0x82, 0x30, 0x99, 0xEE,
    0x04, 0xCC, 0x02, 0xFF, 0x0C, 0xBB, 0x83, 0xDE, 0x9D, 0xAB, 0xEA, 0x02, 0xEE, 0x83, 0x9E, 0x99,
    0xD9, 0x8C, 0x06, 0x88, 0x82, 0xD8, 0xDD, 0xEE, 0x02, 0xAA, 0x83, 0xEE, 0x99, 0xDD, 0xCC, 0x06,
    0x66, 0x02, 0x88, 0x02, 0x66, 0x80, 0x86, 0x06, 0x66, 0x80, 0x56, 0x02, 0x66, 0x81, 0x55, 0x65,
    0x03, 0x55, 0x80, 0x35, 0x3A, 0x33, 0x82, 0x01, 0x00, 0x20, 0x09, 0x33, 0x84, 0x81, 0x38, 0x11,
    0x61, 0x06, 0x0C, 0x00, 0x81, 0x98, 0x99, 0x02, 0xEE, 0x80, 0xDD, 0x02, 0xCC, 0x80, 0x99, 0x02,
    0xFF, 0x0C, 0xBB, 0x83, 0x9E, 0xEE, 0xAB, 0xAA, 0x04, 0xEE, 0x81, 0x9E, 0xCC, 0x07, 0x88, 0x81,
    0xDC, 0xED, 0x02, 0xAA, 0x84, 0xEE, 0x99, 0xEE, 0xCC, 0x66, 0x05, 0x88, 0x02, 0xCC, 0x80, 0x56,
    0x02, 0x66, 0x80, 0x65, 0x07, 0x66, 0x80, 0x56, 0x05, 0x66, 0x81, 0x35, 0x13, 0x39, 0x33, 0x82,
    0x01, 0x00, 0x20, 0x09, 0x33, 0x84, 0xC1, 0x5C, 0x33, 0x83, 0x1C, 0x0B, 0x00, 0x81, 0x70, 0x99,
    0x03, 0xEE, 0x80, 0xDD, 0x02, 0xCC, 0x81, 0x99, 0xFF, 0x0D, 0xBB, 0x83, 0x9E, 0xFE, 0xAB, 0xEA,
    0x04, 0xEE, 0x81, 0x9E, 0xCC, 0x07, 0x88, 0x81, 0xDC, 0xED, 0x02, 0xAA, 0x84, 0xEE, 0x99, 0xEE,
    0xCC, 0x66, 0x05, 0x88, 0x02, 0xCC, 0x81, 0x66, 0x56, 0x02, 0x66, 0x80, 0x56, 0x0B, 0x66, 0x83,
    0x65, 0x35, 0x33, 0x13, 0x37, 0x33, 0x83, 0x13, 0x01, 0x00, 0x30, 0x06, 0x33, 0x80, 0x31, 0x02,
    0x33, 0x84, 0xC3, 0x5C, 0x31, 0x83, 0x1C, 0x0B, 0x00, 0x81, 0x70, 0x99, 0x03, 0xEE, 0x80, 0xDD,
    0x02, 0xCC, 0x81, 0x99, 0xFF, 0x0D, 0xBB, 0x83, 0x9E, 0xFE, 0xBB, 0xAA, 0x04, 0xEE, 0x81, 0x9E,
    0xCC, 0x07, 0x88, 0x81, 0xDC, 0xED, 0x02, 0xAA, 0x84, 0xEE, 0x99, 0xEE, 0xCC, 0x56, 0x05, 0x88,
    0x02, 0xCC, 0x11, 0x66, 0x80, 0x15, 0x02, 0x33, 0x80, 0x31, 0x36, 0x33, 0x83, 0x31, 0x01, 0x00,
    0x20, 0x07, 0x33, 0x86, 0x13, 0x33, 0xC3, 0x5C, 0x33, 0x83, 0x1C, 0x0B, 0x00, 0x81, 0x70, 0x99,
    0x03, 0xEE, 0x80, 0xDD, 0x02, 0xCC, 0x81, 0x99, 0xFF, 0x0D, 0xBB, 0x85, 0x9E, 0xFE, 0xBB, 0xAB,
    0xAA, 0xEA, 0x02, 0xEE, 0x83, 0x9A, 0x99, 0xDD, 0xCC, 0x07, 0x88, 0x80, 0x99, 0x02, 0xEE, 0x83,
    0xAA, 0xEE, 0x99, 0xDD, 0x03, 0xCC, 0x02, 0x66, 0x02, 0x88, 0x82, 0x66, 0x65, 0x56, 0x06, 0x66,
    0x02, 0x65, 0x03, 0x66, 0x80, 0x56, 0x02, 0x66, 0x82, 0x55, 0x35, 0x23, 0x38, 0x33, 0x82, 0x11,
    0x00, 0x10, 0x06, 0x33, 0x8C, 0x32, 0x23, 0x33, 0x53, 0x35, 0x33, 0x83, 0x5C, 0x21, 0x11, 0x51,
    0x66, 0x56, 0x02, 0x55, 0x82, 0x65, 0x86, 0x88, 0x02, 0x99, 0x02, 0xEE, 0x02, 0xDD, 0x02, 0xCC,
    0x82, 0x88, 0xAA, 0xFF, 0x0D, 0xBB, 0x81, 0xEE, 0xFE, 0x03, 0xBB, 0x86, 0xEA, 0xEE, 0xFF, 0xAA,
    0xEE, 0x9E, 0xC9, 0x07, 0x88, 0x02, 0xDD, 0x80, 0xFF, 0x02, 0xAA, 0x02, 0xEE, 0x80, 0x99, 0x02,
    0xCC, 0x15, 0x66, 0x81, 0x65, 0x36, 0x05, 0x33, 0x80, 0x31, 0x34, 0x33, 0x83, 0x01, 0x30, 0x33,
    0x32, 0x08, 0x33, 0x86, 0x32, 0x33, 0x83, 0x6C, 0x36, 0x33, 0x83, 0x05, 0xCC, 0x81, 0xDC, 0x99,
    0x04, 0xEE, 0x04, 0xCC, 0x80, 0x66, 0x0F, 0xBB, 0x81, 0xEA, 0xFE, 0x03, 0xBB, 0x86, 0xAA, 0xEE,
    0xFF, 0xAA, 0xEE, 0x9E, 0xC9, 0x07, 0x88, 0x02, 0xDD, 0x80, 0xFF, 0x02, 0xAA, 0x02, 0xEE, 0x80,
    0x99, 0x02, 0xCC, 0x16, 0x66, 0x80, 0x36, 0x3A, 0x33, 0x83, 0x01, 0x30, 0x33, 0x31, 0x09, 0x33,
    0x85, 0x31, 0x83, 0x6C, 0x36, 0x33, 0x83, 0x05, 0xCC, 0x81, 0xDC, 0x99, 0x04, 0xEE, 0x04, 0xCC,
    0x80, 0x65, 0x0F, 0xBB, 0x81, 0xEA, 0xFE, 0x03, 0xBB, 0x86, 0xAA, 0xEE, 0xFF, 0xAA, 0xEE, 0x9E,
    0xC9, 0x07, 0x88, 0x02, 0xDD, 0x80, 0xFF, 0x02, 0xAA, 0x02, 0xEE, 0x80, 0x99, 0x02, 0xCC, 0x15,
    0x66, 0x83, 0x65, 0x36, 0x33, 0x13, 0x38, 0x33, 0x81, 0x01, 0x30, 0x0C, 0x33, 0x84, 0x83, 0x6C,
    0x36, 0x13, 0x83, 0x05, 0xCC, 0x81, 0xDC, 0x99, 0x04, 0xEE, 0x04, 0xCC, 0x80, 0x66, 0x0F, 0xBB,
    0x81, 0xEA, 0xFE, 0x03, 0xBB, 0x88, 0xAB, 0xEA, 0xEE, 0xAE, 0xAA, 0xEE, 0x99, 0x9D, 0xC9, 0x07,
    0x88, 0x80, 0xDD, 0x02, 0x99, 0x02, 0xDD, 0x80, 0xCC, 0x02, 0x88, 0x16, 0x66, 0x81, 0x56, 0x35,
    0x03, 0x33, 0x80, 0x22, 0x35, 0x33, 0x81, 0x01, 0x30, 0x0C, 0x33, 0x84, 0x53, 0x56, 0x23, 0x63,
    0x88, 0x04, 0xCC, 0x81, 0xC9, 0xCC, 0x02, 0xDD, 0x83, 0x9D, 0x9E, 0xDD, 0xCC, 0x02, 0x66, 0x02,
    0x88, 0x0E, 0xBB, 0x82, 0xEA, 0xEE, 0xFE, 0x04, 0xBB, 0x82, 0xAA, 0xEE, 0xAE, 0x02, 0xAA, 0x02,
    0xEE, 0x80, 0x9A, 0x08, 0x88, 0x81, 0xCC, 0xDD, 0x03, 0x88, 0x02, 0x66, 0x80, 0x65, 0x16, 0x66,
    0x80, 0x36, 0x03, 0x33, 0x81, 0x22, 0x32, 0x34, 0x33, 0x81, 0x01, 0x30, 0x0F, 0x33, 0x80, 0x83,
    0x04, 0xCC, 0x81, 0xDC, 0xDE, 0x03, 0xCC, 0x81, 0xDC, 0x9E, 0x02, 0xCC, 0x02, 0x13, 0x81, 0x55,
    0x99, 0x06, 0xBB, 0x80, 0xAA, 0x07, 0xBB, 0x02, 0xEE, 0x80, 0xFE, 0x04, 0xBB, 0x82, 0xEA, 0xEE,
    0xAE, 0x02, 0xAA, 0x02, 0xEE, 0x80, 0x9A, 0x08, 0x88, 0x81, 0xCC, 0xDD, 0x03, 0x88, 0x19, 0x66,
    0x80, 0x36, 0x39, 0x33, 0x83, 0x01, 0x10, 0x33, 0x11, 0x09, 0x33, 0x80, 0x23, 0x03, 0x33, 0x80,
    0x83, 0x04, 0xCC, 0x81, 0xDC, 0xDE, 0x03, 0xCC, 0x81, 0xDC, 0x9E, 0x02, 0xCC, 0x83, 0x33, 0x23,
    0x56, 0x99, 0x06, 0xBB, 0x80, 0xAA, 0x07, 0xBB, 0x02, 0xEE, 0x80, 0xFE, 0x04, 0xBB, 0x82, 0xEA,
    0xEE, 0xAE, 0x02, 0xAA, 0x02, 0xEE, 0x80, 0x9A, 0x08, 0x88, 0x81, 0xCC, 0xDD, 0x03, 0x88, 0x81,
    0x66, 0x65, 0x17, 0x66, 0x80, 0x36, 0x39, 0x33, 0x81, 0x01, 0x30, 0x0C, 0x33, 0x83, 0x31, 0x33,
    0x13, 0x83, 0x04, 0xCC, 0x81, 0xDC, 0xDE, 0x03, 0xCC, 0x81, 0xDC, 0x9E, 0x02, 0xCC, 0x83, 0x33,
    0x13, 0x56, 0x99, 0x06, 0xBB, 0x80, 0xAA, 0x07, 0xBB, 0x02, 0xEE, 0x80, 0xFE, 0x04, 0xBB, 0x80,
    0xAB, 0x03, 0xAA, 0x83, 0xAF, 0xAA, 0xEE, 0x99, 0x02, 0xDD, 0x80, 0x8C, 0x09, 0x88, 0x83, 0x66,
    0x56, 0x66, 0x65, 0x15, 0x66, 0x86, 0x56, 0x36, 0x23, 0x32, 0x35, 0x33, 0x31, 0x34, 0x33, 0x82,
    0x01, 0x00, 0x30, 0x0B, 0x33, 0x80, 0x32, 0x02, 0x33, 0x80, 0x53, 0x02, 0x66, 0x80, 0x86, 0x02,
    0x88, 0x80, 0x8D, 0x04, 0x88, 0x86, 0xDD, 0xCC, 0x88, 0x22, 0x52, 0x86, 0x99, 0x06, 0xBB, 0x80,
    0xAA, 0x07, 0xBB, 0x84, 0xEE, 0xAE, 0xFE, 0xAB, 0xBA, 0x04, 0xBB, 0x82, 0xAA, 0xEE, 0xFF, 0x02,
    0xAA, 0x02, 0xEE, 0x81, 0x9E, 0xCC, 0x09, 0x88, 0x1A, 0x66, 0x83, 0x36, 0x61, 0x66, 0x36, 0x36,
    0x33, 0x82, 0x01, 0x00, 0x30, 0x0D, 0x33, 0x80, 0x13, 0x03, 0x33, 0x80, 0x53, 0x07, 0x66, 0x81,
    0x86, 0xCC, 0x02, 0x66, 0x81, 0x65, 0x86, 0x07, 0xBB, 0x80, 0xAA, 0x07, 0xBB, 0x84, 0xEA, 0xAA,
    0xEF, 0xAB, 0xBA, 0x04, 0xBB, 0x82, 0xAA, 0xEE, 0xFF, 0x02, 0xAA, 0x02, 0xEE, 0x81, 0x9E, 0xCC,
    0x09, 0x88, 0x1A, 0x66, 0x83, 0x36, 0x63, 0x66, 0x36, 0x36, 0x33, 0x82, 0x01, 0x00, 0x10, 0x11,
    0x33, 0x80, 0x53, 0x07, 0x66, 0x85, 0x86, 0xCC, 0x66, 0x56, 0x66, 0x86, 0x07, 0xBB, 0x80, 0xAA,
    0x07, 0xBB, 0x84, 0xEA, 0xAA, 0xEF, 0xAB, 0xBA, 0x04, 0xBB, 0x82, 0xAA, 0xEE, 0xFF, 0x02, 0xAA,
    0x02, 0xEE, 0x81, 0x9E, 0xCC, 0x09, 0x88, 0x80, 0x56, 0x19, 0x66, 0x83, 0x36, 0x63, 0x66, 0x36,
    0x36, 0x33, 0x82, 0x01, 0x00, 0x30, 0x10, 0x33, 0x81, 0x23, 0x53, 0x07, 0x66, 0x81, 0x86, 0xCC,
    0x03, 0x66, 0x80, 0x86, 0x07, 0xBB, 0x80, 0xAA, 0x07, 0xBB, 0x84, 0xEA, 0xAA, 0xEF, 0xAB, 0xBA,
    0x04, 0xBB, 0x80, 0xAB, 0x02, 0xAA, 0x87, 0xEE, 0xAE, 0xEA, 0xEE, 0x9E, 0x99, 0xDD, 0xCC, 0x07,
    0x88, 0x02, 0x66, 0x80, 0x56, 0x17, 0x66, 0x83, 0x36, 0x62, 0x56, 0x35, 0x35, 0x33, 0x83, 0x31,
    0x01, 0x00, 0x30, 0x0F, 0x33, 0x82, 0x31, 0x23, 0x53, 0x08, 0x66, 0x81, 0x88, 0x56, 0x02, 0x66,
    0x80, 0x88, 0x07, 0xBB, 0x80, 0xAA, 0x06, 0xBB, 0x83, 0xAA, 0xEA, 0xAA, 0xEE, 0x03, 0xAA, 0x80,
    0xBA, 0x04, 0xBB, 0x83, 0x9A, 0x99, 0xEE, 0xBB, 0x02, 0xAA, 0x02, 0xEE, 0x80, 0x99, 0x08, 0x88,
    0x80, 0x56, 0x1A, 0x66, 0x80, 0x36, 0x38, 0x33, 0x81, 0x01, 0x30, 0x0D, 0x33, 0x84, 0x31, 0x33,
    0x53, 0x36, 0x53, 0x09, 0x66, 0x80, 0x56, 0x02, 0x66, 0x80, 0xCC, 0x07, 0xBB, 0x80, 0xAA, 0x06,
    0xBB, 0x83, 0xEE, 0xAE, 0xAA, 0xEE, 0x03, 0xAA, 0x80, 0xBA, 0x04, 0xBB, 0x83, 0x9A, 0x99, 0xEE,
    0xBB, 0x02, 0xAA, 0x02, 0xEE, 0x80, 0x99, 0x08, 0x88, 0x1B, 0x66, 0x81, 0x16, 0x31, 0x36, 0x33,
    0x83, 0x32, 0x01, 0x30, 0x13, 0x0E, 0x33, 0x82, 0x52, 0x16, 0x53, 0x0C, 0x66, 0x80, 0xCC, 0x07,
    0xBB, 0x80, 0xAA, 0x06, 0xBB, 0x83, 0xEE, 0xAE, 0xAA, 0xEE, 0x03, 0xAA, 0x80, 0xBA, 0x04, 0xBB,
    0x83, 0x9A, 0x99, 0xEE, 0xBB, 0x02, 0xAA, 0x02, 0xEE, 0x80, 0x99, 0x08, 0x88, 0x1B, 0x66, 0x80,
    0x36, 0x35, 0x33, 0x80, 0x13, 0x02, 0x33, 0x82, 0x01, 0x10, 0x23, 0x0E, 0x33, 0x82, 0x53, 0x36,
    0x53, 0x0C, 0x66, 0x80, 0xCC, 0x07, 0xBB, 0x80, 0xAA, 0x06, 0xBB, 0x87, 0xEE, 0xAE, 0xAA, 0xEE,
    0xBB, 0xAB, 0xAA, 0xBA, 0x04, 0xBB, 0x80, 0xAA, 0x02, 0xEE, 0x82, 0xAA, 0xAE, 0xAA, 0x02, 0xEE,
    0x81, 0x99, 0x8D, 0x07, 0x88, 0x05, 0x66, 0x80, 0x56, 0x13, 0x66, 0x82, 0x56, 0x66, 0x36, 0x34,
    0x33, 0x86, 0x23, 0x33, 0x32, 0x33, 0x01, 0x10, 0x31, 0x0D, 0x33, 0x83, 0x31, 0x53, 0x35, 0x53,
    0x07, 0x66, 0x80, 0x65, 0x04, 0x66, 0x80, 0x9C, 0x07, 0xBB, 0x80, 0xAA, 0x05, 0xBB, 0x81, 0xFF,
    0xEE, 0x02, 0xAA, 0x80, 0xEE, 0x02, 0xBB, 0x02, 0xAA, 0x80, 0xBA, 0x04, 0xBB, 0x84, 0xAB, 0x9A,
    0x99, 0xEE, 0xFF, 0x02, 0xAA, 0x82, 0xEE, 0x9E, 0xCC, 0x06, 0x88, 0x80, 0x66, 0x02, 0x88, 0x81,
    0x66, 0x86, 0x17, 0x66, 0x80, 0x36, 0x34, 0x33, 0x81, 0x53, 0x55, 0x02, 0x66, 0x81, 0x05, 0x30,
    0x0C, 0x33, 0x85, 0x53, 0x66, 0x65, 0x35, 0x53, 0x56, 0x0A, 0x66, 0x81, 0x56, 0x99, 0x07, 0xBB,
    0x80, 0xAA, 0x05, 0xBB, 0x81, 0xFF, 0xEE, 0x02, 0xAA, 0x80, 0xFF, 0x02, 0xBB, 0x02, 0xAA, 0x80,
    0xBA, 0x04, 0xBB, 0x84, 0xAB, 0x9A, 0x99, 0xEE, 0xFF, 0x02, 0xAA, 0x82, 0xEE, 0x9E, 0xCC, 0x06,
    0x88, 0x80, 0x66, 0x02, 0x88, 0x81, 0x66, 0x86, 0x16, 0x66, 0x83, 0x56, 0x16, 0x33, 0x31, 0x32,
    0x33, 0x80, 0x63, 0x03, 0x66, 0x84, 0x05, 0x30, 0x23, 0x33, 0x13, 0x09, 0x33, 0x80, 0x53, 0x02,
    0x66, 0x81, 0x16, 0x53, 0x02, 0x66, 0x80, 0x56, 0x08, 0x66, 0x81, 0x56, 0x99, 0x07, 0xBB, 0x80,
    0xAA, 0x05, 0xBB, 0x81, 0xFF, 0xEE, 0x02, 0xAA, 0x80, 0xFF, 0x02, 0xBB, 0x02, 0xAA, 0x80, 0xBA,
    0x04, 0xBB, 0x84, 0xAB, 0x9A, 0x99, 0xEE, 0xFF, 0x02, 0xAA, 0x82, 0xEE, 0x9E, 0xCC, 0x06, 0x88,
    0x80, 0x66, 0x02, 0x88, 0x81, 0x66, 0x86, 0x17, 0x66, 0x80, 0x36, 0x34, 0x33, 0x80, 0x63, 0x03,
    0x66, 0x82, 0x05, 0x30, 0x31, 0x0B, 0x33, 0x80, 0x53, 0x02, 0x66, 0x81, 0x36, 0x51, 0x0B, 0x66,
    0x81, 0x56, 0x99, 0x07, 0xBB, 0x80, 0xAA, 0x05, 0xBB, 0x81, 0xFF, 0xEE, 0x02, 0xAA, 0x80, 0xFF,
    0x02, 0xBB, 0x02, 0xAA, 0x80, 0xBA, 0x03, 0xBB, 0x80, 0xAB, 0x02, 0xAA, 0x80, 0x99, 0x03, 0xEE,
    0x83, 0xAF, 0xEE, 0x99, 0xCC, 0x06, 0x88, 0x80, 0x66, 0x02, 0x88, 0x81, 0x66, 0x86, 0x17, 0x66,
    0x81, 0x36, 0x32, 0x31, 0x33, 0x82, 0x31, 0x33, 0x62, 0x02, 0x66, 0x83, 0x56, 0x05, 0x10, 0x31,
    0x02, 0x33, 0x80, 0x32, 0x06, 0x33, 0x82, 0x31, 0x33, 0x53, 0x02, 0x66, 0x81, 0x56, 0x53, 0x0B,
    0x66, 0x81, 0x86, 0x99, 0x07, 0xBB, 0x80, 0xAB, 0x05, 0xBB, 0x82, 0xEF, 0xEE, 0xFA, 0x02, 0xFF,
    0x80, 0xBA, 0x02, 0xBB, 0x81, 0xAA, 0xBA, 0x02, 0xBB, 0x02, 0xAA, 0x88, 0xEE, 0xFF, 0xBB, 0x9A,
    0xCC, 0xDD, 0xFF, 0xAA, 0x99, 0x0D, 0x88, 0x16, 0x66, 0x81, 0x65, 0x16, 0x32, 0x33, 0x80, 0x63,
    0x04, 0x66, 0x85, 0x35, 0x01, 0x60, 0x36, 0x33, 0x23, 0x06, 0x33, 0x80, 0x53, 0x03, 0x66, 0x80,
    0x56, 0x04, 0x66, 0x80, 0x56, 0x08, 0x66, 0x80, 0x86, 0x0E, 0xBB, 0x81, 0xEE, 0xFE, 0x03, 0xFF,
    0x80, 0xBA, 0x02, 0xBB, 0x81, 0xAA, 0xBA, 0x02, 0xBB, 0x02, 0xAA, 0x88, 0xEE, 0xFF, 0xBB, 0x9A,
    0xCC, 0xDD, 0xFF, 0xAA, 0x99, 0x0D, 0x88, 0x17, 0x66, 0x80, 0x16, 0x31, 0x33, 0x81, 0x31, 0x63,
    0x03, 0x56, 0x84, 0x66, 0x35, 0x03, 0x60, 0x36, 0x08, 0x33, 0x82, 0x53, 0x66, 0x56, 0x02, 0x66,
    0x80, 0x65, 0x0C, 0x66, 0x80, 0x85, 0x0E, 0xBB, 0x81, 0xEE, 0xFE, 0x03, 0xFF, 0x84, 0xBA, 0xBB,
    0xAB, 0xAA, 0xBA, 0x02, 0xBB, 0x02, 0xAA, 0x88, 0xEE, 0xFF, 0xBB, 0x9A, 0xCC, 0xDD, 0xFF, 0xAA,
    0x99, 0x0D, 0x88, 0x04, 0x66, 0x80, 0x56, 0x12, 0x66, 0x80, 0x16, 0x32, 0x33, 0x80, 0x63, 0x04,
    0x66, 0x85, 0x35, 0x03, 0x60, 0x36, 0x33, 0x23, 0x06, 0x33, 0x81, 0x53, 0x56, 0x10, 0x66, 0x80,
    0x86, 0x0E, 0xBB, 0x81, 0xEE, 0xFE, 0x03, 0xFF, 0x84, 0xBA, 0xBB, 0xAB, 0xAA, 0xBA, 0x02, 0xBB,
    0x02, 0xAA, 0x83, 0xEE, 0xFF, 0xAB, 0x9A, 0x02, 0x99, 0x82, 0xEE, 0x9E, 0xC9, 0x0D, 0x88, 0x04,
    0x66, 0x80, 0x56, 0x11, 0x66, 0x81, 0x65, 0x36, 0x32, 0x33, 0x82, 0x53, 0x66, 0x65, 0x02, 0x66,
    0x85, 0x35, 0x03, 0x20, 0x52, 0x35, 0x13, 0x05, 0x33, 0x81, 0x13, 0x53, 0x11, 0x66, 0x80, 0x86,
    0x0D, 0xBB, 0x82, 0xAA, 0xEE, 0xFE, 0x03, 0xFF, 0x04, 0xAA, 0x82, 0xBA, 0xBB, 0xBA, 0x03, 0xBB,
    0x02, 0xAA, 0x83, 0xEE, 0xFF, 0xAA, 0xC9, 0x02, 0xCC, 0x11, 0x88, 0x14, 0x66, 0x80, 0x16, 0x31,
    0x33, 0x80, 0x61, 0x06, 0x66, 0x82, 0x06, 0xC0, 0x2C, 0x05, 0x33, 0x81, 0x13, 0x51, 0x12, 0x66,
    0x80, 0xCC, 0x0D, 0xBB, 0x82, 0xEE, 0xFE, 0xAF, 0x03, 0xFF, 0x04, 0xAA, 0x82, 0xBA, 0xBB, 0xBA,
    0x03, 0xBB, 0x02, 0xAA, 0x83, 0xEE, 0xFF, 0xAA, 0xC9, 0x02, 0xCC, 0x11, 0x88, 0x82, 0x56, 0x66,
    0x56, 0x11, 0x66, 0x80, 0x16, 0x31, 0x33, 0x80, 0x63, 0x06, 0x66, 0x86, 0x06, 0xC0, 0x3C, 0x33,
    0x11, 0x33, 0x13, 0x02, 0x33, 0x82, 0x53, 0x66, 0x65, 0x0C, 0x66, 0x80, 0x56, 0x03, 0x66, 0x80,
    0xCC, 0x0D, 0xBB, 0x82, 0xEE, 0xFE, 0xAF, 0x03, 0xFF, 0x04, 0xAA, 0x82, 0xBA, 0xBB, 0xBA, 0x03,
    0xBB, 0x02, 0xAA, 0x83, 0xEE, 0xFF, 0xAA, 0xC9, 0x02, 0xCC, 0x11, 0x88, 0x14, 0x66, 0x80, 0x16,
    0x31, 0x33, 0x80, 0x61, 0x06, 0x66, 0x82, 0x06, 0xC0, 0x3C, 0x03, 0x33, 0x83, 0x32, 0x33, 0x23,
    0x53, 0x0F, 0x66, 0x83, 0x65, 0x66, 0x65, 0xCC, 0x0D, 0xBB, 0x82, 0xEE, 0xFE, 0xAF, 0x03, 0xFF,
    0x04, 0xAA, 0x82, 0xBA, 0xBB, 0xBA, 0x03, 0xBB, 0x02, 0xAA, 0x85, 0xEE, 0xFF, 0xAA, 0x99, 0xCD,
    0xCC, 0x11, 0x88, 0x14, 0x66, 0x80, 0x16, 0x30, 0x33, 0x81, 0x13, 0x62, 0x06, 0x66, 0x83, 0x05,
    0x80, 0x18, 0x31, 0x02, 0x33, 0x80, 0x23, 0x02, 0x11, 0x80, 0x51, 0x11, 0x66, 0x81, 0x86, 0x9C,
    0x0C, 0xBB, 0x83, 0xAA, 0x9E, 0xFE, 0xAF, 0x03, 0xFF, 0x02, 0xAA, 0x80, 0xBA, 0x0A, 0xBB, 0x02,
    0xAA, 0x02, 0xEE, 0x81, 0x9E, 0xCC, 0x13, 0x88, 0x81, 0x66, 0x65, 0x0F, 0x66, 0x80, 0x16, 0x2D,
    0x33, 0x80, 0x11, 0x02, 0x33, 0x83, 0x63, 0x65, 0x66, 0x65, 0x05, 0x66, 0x82, 0x06, 0x00, 0x30,
    0x02, 0x33, 0x80, 0x53, 0x14, 0x66, 0x80, 0xDC, 0x0D, 0xBB, 0x81, 0x99, 0xA9, 0x03, 0xFF, 0x81,
    0xAF, 0xFF, 0x02, 0xAA, 0x80, 0xBA, 0x0A, 0xBB, 0x02, 0xAA, 0x02, 0xEE, 0x81, 0x9E, 0xCC, 0x13,
    0x88, 0x11, 0x66, 0x80, 0x16, 0x30, 0x33, 0x80, 0x63, 0x08, 0x66, 0x82, 0x05, 0x00, 0x30, 0x02,
    0x33, 0x80, 0x53, 0x09, 0x66, 0x80, 0x65, 0x07, 0x66, 0x80, 0x65, 0x02, 0x66, 0x80, 0xDC, 0x0D,
    0xBB, 0x81, 0x99, 0xE9, 0x03, 0xFF, 0x81, 0xAF, 0xFF, 0x02, 0xAA, 0x80, 0xBA, 0x0A, 0xBB, 0x02,
    0xAA, 0x02, 0xEE, 0x81, 0x9E, 0xCC, 0x13, 0x88, 0x81, 0x66, 0x56, 0x0F, 0x66, 0x80, 0x16, 0x2F,
    0x33, 0x82, 0x22, 0x53, 0x65, 0x07, 0x66, 0x85, 0x06, 0x00, 0x30, 0x33, 0x32, 0x53, 0x0B, 0x66,
    0x80, 0x56, 0x05, 0x66, 0x80, 0x56, 0x02, 0x66, 0x80, 0xDC, 0x0D, 0xBB, 0x81, 0x99, 0xE9, 0x03,
    0xFF, 0x81, 0xAF, 0xFF, 0x02, 0xAA, 0x80, 0xBA, 0x0A, 0xBB, 0x02, 0xAA, 0x03, 0xEE, 0x80, 0xCC,
    0x13, 0x88, 0x11, 0x66, 0x80, 0x16, 0x2E, 0x33, 0x82, 0x22, 0x12, 0x62, 0x08, 0x66, 0x85, 0x06,
    0x00, 0x20, 0x12, 0x31, 0x53, 0x09, 0x66, 0x83, 0x56, 0x55, 0x66, 0x56, 0x05, 0x66, 0x82, 0x86,
    0x88, 0xDC, 0x0C, 0xBB, 0x82, 0xAA, 0x99, 0xE9, 0x03, 0xFF, 0x81, 0xAF, 0xFF, 0x02, 0xBB, 0x02,
    0xAA, 0x82, 0xBA, 0xBB, 0xBA, 0x07, 0xBB, 0x02, 0xAA, 0x04, 0xEE, 0x81, 0x99, 0xCC, 0x11, 0x88,
    0x10, 0x66, 0x82, 0x16, 0x33, 0x31, 0x2C, 0x33, 0x81, 0x31, 0x63, 0x0C, 0x66, 0x82, 0x06, 0x20,
    0x53, 0x09, 0x66, 0x81, 0x26, 0x33, 0x06, 0x66, 0x83, 0x86, 0xCC, 0x99, 0x9D, 0x0C, 0xBB, 0x82,
    0x49, 0x99, 0xFE, 0x05, 0xFF, 0x02, 0xBB, 0x02, 0xAA, 0x82, 0xBA, 0xBB, 0xBA, 0x07, 0xBB, 0x02,
    0xAA, 0x04, 0xEE, 0x81, 0x99, 0xCC, 0x11, 0x88, 0x03, 0x66, 0x80, 0x65, 0x0C, 0x66, 0x82, 0x16,
    0x33, 0x31, 0x2D, 0x33, 0x80, 0x63, 0x0C, 0x66, 0x82, 0x06, 0x10, 0x53, 0x09, 0x66, 0x81, 0x36,
    0x33, 0x06, 0x66, 0x83, 0x86, 0xCC, 0x99, 0x9D, 0x0C, 0xBB, 0x82, 0x49, 0x99, 0xEE, 0x05, 0xFF,
    0x02, 0xBB, 0x02, 0xAA, 0x82, 0xBA, 0xBB, 0xBA, 0x07, 0xBB, 0x02, 0xAA, 0x04, 0xEE, 0x81, 0x99,
    0xCC, 0x11, 0x88, 0x80, 0x56, 0x03, 0x66, 0x80, 0x65, 0x09, 0x66, 0x82, 0x56, 0x66, 0x16, 0x2F,
    0x33, 0x80, 0x63, 0x0C, 0x66, 0x82, 0x06, 0x10, 0x53, 0x09, 0x66, 0x81, 0x36, 0x31, 0x03, 0x66,
    0x80, 0x65, 0x02, 0x66, 0x83, 0x86, 0xCC, 0x99, 0x9D, 0x0C, 0xBB, 0x82, 0x49, 0x99, 0xEE, 0x05,
    0xFF, 0x02, 0xBB, 0x02, 0xAA, 0x82, 0xBA, 0xBB, 0xBA, 0x07, 0xBB, 0x02, 0xAA, 0x04, 0xEE, 0x81,
    0x99, 0xCC, 0x11, 0x88, 0x0F, 0x66, 0x81, 0x65, 0x36, 0x02, 0x32, 0x81, 0x23, 0x13, 0x2B, 0x33,
    0x80, 0x62, 0x0C, 0x66, 0x82, 0x06, 0x20, 0x52, 0x09, 0x66, 0x81, 0x16, 0x23, 0x03, 0x66, 0x80,
    0x65, 0x02, 0x66, 0x83, 0x86, 0xCC, 0x99, 0xE9, 0x0B, 0xBB, 0x83, 0xAA, 0x49, 0x99, 0xEE, 0x05,
    0xFF, 0x05, 0xBB, 0x03, 0xAA, 0x80, 0xBA, 0x05, 0xBB, 0x03, 0xAA, 0x80, 0xFF, 0x02, 0xBB, 0x05,
    0xEE, 0x80, 0x99, 0x02, 0xCC, 0x0D, 0x88, 0x82, 0x56, 0x66, 0x56, 0x09, 0x66, 0x83, 0x56, 0x66,
    0x56, 0x35, 0x2D, 0x33, 0x81, 0x51, 0x65, 0x0C, 0x66, 0x82, 0x56, 0x55, 0x65, 0x09, 0x66, 0x82,
    0x56, 0x65, 0x68, 0x04, 0x66, 0x81, 0xCC, 0x99, 0x02, 0xEE, 0x09, 0xBB, 0x02, 0xFF, 0x82, 0xEE,
    0x44, 0x99, 0x02, 0xEE, 0x04, 0xFF, 0x80, 0xAF, 0x05, 0xBB, 0x03, 0xAA, 0x80, 0xBA, 0x05, 0xBB,
    0x03, 0xAA, 0x80, 0xFF, 0x02, 0xBB, 0x04, 0xEE, 0x81, 0xFF, 0x99, 0x02, 0xCC, 0x0D, 0x88, 0x0F,
    0x66, 0x81, 0x16, 0x31, 0x2C, 0x33, 0x80, 0x63, 0x1B, 0x66, 0x80, 0x68, 0x02, 0x66, 0x83, 0x56,
    0x66, 0xCC, 0x99, 0x02, 0xEE, 0x09, 0xBB, 0x02, 0xFF, 0x82, 0xEE, 0x44, 0xA9, 0x02, 0xEF, 0x04,
    0xFF, 0x80, 0xAF, 0x05, 0xBB, 0x03, 0xAA, 0x80, 0xBA, 0x05, 0xBB, 0x03, 0xAA, 0x80, 0xFF, 0x02,
    0xBB, 0x04, 0xEE, 0x81, 0xFF, 0x99, 0x02, 0xCC, 0x0D, 0x88, 0x0F, 0x66, 0x80, 0x16, 0x2D, 0x33,
    0x80, 0x63, 0x10, 0x66, 0x80, 0x56, 0x0A, 0x66, 0x80, 0x68, 0x04, 0x66, 0x81, 0xCC, 0x99, 0x02,
    0xEE, 0x09, 0xBB, 0x02, 0xFF, 0x82, 0xEE, 0x44, 0xA9, 0x02, 0xEF, 0x04, 0xFF, 0x80, 0xAF, 0x05,
    0xBB, 0x03, 0xAA, 0x80, 0xBA, 0x05, 0xBB, 0x03, 0xAA, 0x80, 0xFF, 0x02, 0xBB, 0x04, 0xEE, 0x81,
    0xFF, 0x99, 0x02, 0xCC, 0x0D, 0x88, 0x80, 0x56, 0x0B, 0x66, 0x83, 0x56, 0x66, 0x56, 0x25, 0x2D,
    0x33, 0x80, 0x63, 0x1B, 0x66, 0x80, 0x68, 0x03, 0x66, 0x82, 0x86, 0xCC, 0x99, 0x02, 0xEE, 0x09,
    0xBB, 0x80, 0xFF, 0x02, 0xEE, 0x81, 0x44, 0x99, 0x02, 0xEE, 0x04, 0xFF, 0x80, 0xAF, 0x08, 0xBB,
    0x03, 0xAA, 0x80, 0xBA, 0x05, 0xBB, 0x80, 0xAA, 0x02, 0xEE, 0x80, 0xFF, 0x03, 0xBB, 0x81, 0xAA,
    0xC9, 0x0E, 0x88, 0x0F, 0x66, 0x81, 0x36, 0x12, 0x2B, 0x33, 0x82, 0x31, 0x33, 0x63, 0x1B, 0x66,
    0x84, 0x56, 0x66, 0x88, 0xDC, 0x99, 0x02, 0xEE, 0x81, 0xDD, 0x99, 0x07, 0xBB, 0x03, 0xFF, 0x02,
    0x44, 0x02, 0xEE, 0x02, 0xEF, 0x02, 0xFF, 0x80, 0xAF, 0x02, 0xAA, 0x08, 0xBB, 0x04, 0xAA, 0x05,
    0xBB, 0x80, 0xAA, 0x02, 0xEE, 0x80, 0xFF, 0x03, 0xBB, 0x81, 0xAA, 0xC9, 0x0E, 0x88, 0x03, 0x66,
    0x80, 0x65, 0x0A, 0x66, 0x81, 0x55, 0x16, 0x2E, 0x33, 0x80, 0x63, 0x1D, 0x66, 0x82, 0x88, 0xDC,
    0x99, 0x02, 0xEE, 0x81, 0xDD, 0x99, 0x07, 0xBB, 0x03, 0xFF, 0x02, 0x44, 0x03, 0xEE, 0x80, 0xEF,
    0x02, 0xFF, 0x80, 0xAF, 0x02, 0xAA, 0x08, 0xBB, 0x04, 0xAA, 0x05, 0xBB, 0x80, 0xAA, 0x02, 0xEE,
    0x80, 0xFF, 0x03, 0xBB, 0x81, 0xAA, 0xC9, 0x0E, 0x88, 0x0F, 0x66, 0x81, 0x16, 0x23, 0x2D, 0x33,
    0x80, 0x63, 0x1C, 0x66, 0x83, 0x65, 0x88, 0xDC, 0x99, 0x02, 0xEE, 0x81, 0xDD, 0x99, 0x07, 0xBB,
    0x03, 0xFF, 0x02, 0x44, 0x04, 0xEE, 0x02, 0xFF, 0x80, 0xAF, 0x02, 0xAA, 0x08, 0xBB, 0x04, 0xAA,
    0x05, 0xBB, 0x80, 0xAA, 0x02, 0xEE, 0x80, 0xFF, 0x03, 0xBB, 0x81, 0xAA, 0xC9, 0x0E, 0x88, 0x0F,
    0x66, 0x80, 0x16, 0x2A, 0x33, 0x84, 0x13, 0x33, 0x31, 0x33, 0x63, 0x1D, 0x66, 0x82, 0x88, 0xDC,
    0x99, 0x02, 0xEE, 0x81, 0xDD, 0x99, 0x07, 0xBB, 0x03, 0xFF, 0x02, 0x44, 0x04, 0xEE, 0x02, 0xFF,
    0x80, 0xAF, 0x02, 0xAA, 0x07, 0xBB, 0x81, 0xFA, 0xFF, 0x03, 0xBB, 0x04, 0xAA, 0x02, 0xBB, 0x04,
    0xAA, 0x02, 0xEE, 0x80, 0xFF, 0x03, 0xAA, 0x81, 0x99, 0xCC, 0x09, 0x88, 0x10, 0x66, 0x02, 0x55,
    0x80, 0x25, 0x29, 0x33, 0x80, 0x53, 0x02, 0x55, 0x80, 0x65, 0x1A, 0x66, 0x83, 0x65, 0x66, 0x88,
    0x99, 0x02, 0xEE, 0x80, 0xDD, 0x02, 0x88, 0x80, 0xAA, 0x06, 0xBB, 0x02, 0xFF, 0x80, 0xEE, 0x02,
    0x44, 0x80, 0x99, 0x03, 0xEE, 0x02, 0xFF, 0x80, 0xAF, 0x03, 0xAA, 0x07, 0xBB, 0x81, 0xFA, 0xFF,
    0x03, 0xBB, 0x04, 0xAA, 0x04, 0xBB, 0x02, 0xAA, 0x02, 0xEE, 0x80, 0xFF, 0x03, 0xBB, 0x81, 0x99,
    0xCC, 0x09, 0x88, 0x02, 0x66, 0x81, 0x65, 0x56, 0x0B, 0x66, 0x80, 0x65, 0x02, 0x66, 0x80, 0x16,
    0x27, 0x33, 0x82, 0x11, 0x33, 0x63, 0x1E, 0x66, 0x81, 0x65, 0xD8, 0x03, 0xEE, 0x82, 0x8D, 0x66,
    0x88, 0x07, 0xBB, 0x02, 0xFF, 0x80, 0xEE, 0x02, 0x44, 0x80, 0x99, 0x02, 0xEE, 0x80, 0xEF, 0x02,
    0xFF, 0x80, 0xAF, 0x03, 0xAA, 0x07, 0xBB, 0x81, 0xFA, 0xFF, 0x03, 0xBB, 0x04, 0xAA, 0x04, 0xBB,
    0x02, 0xAA, 0x02, 0xEE, 0x80, 0xFF, 0x03, 0xBB, 0x81, 0x99, 0xCC, 0x09, 0x88, 0x12, 0x66, 0x80,
    0x16, 0x28, 0x33, 0x82, 0x13, 0x63, 0x56, 0x1E, 0x66, 0x80, 0xD8, 0x03, 0xEE, 0x82, 0x8D, 0x66,
    0x88, 0x07, 0xBB, 0x02, 0xFF, 0x80, 0xEE, 0x02, 0x44, 0x80, 0x99, 0x02, 0xEE, 0x80, 0xEF, 0x02,
    0xFF, 0x80, 0xAF, 0x03, 0xAA, 0x07, 0xBB, 0x81, 0xFA, 0xFF, 0x03, 0xBB, 0x04, 0xAA, 0x04, 0xBB,
    0x02, 0xAA, 0x02, 0xEE, 0x80, 0xFF, 0x03, 0xBB, 0x81, 0x99, 0xCC, 0x09, 0x88, 0x12, 0x66, 0x80,
    0x16, 0x26, 0x33, 0x02, 0x32, 0x81, 0x33, 0x63, 0x1F, 0x66, 0x80, 0xD8, 0x03, 0xEE, 0x82, 0x8D,
    0x66, 0x88, 0x07, 0xBB, 0x02, 0xFF, 0x80, 0xEE, 0x02, 0x44, 0x80, 0x99, 0x02, 0xEE, 0x80, 0xEF,
    0x02, 0xFF, 0x80, 0xAF, 0x03, 0xAA,
};
// clang-format on
