// Copyright 2026 QMK -- generated source code only, image retains original copyright
// SPDX-License-Identifier: GPL-2.0-or-later

// This file was auto-generated by `painter_convert_graphics` with arguments:
//    format | pal16
//    output | images
//    input  | cyberpunk_4_3_ansi_linux_320x240.png

// Image's metadata
// ----------------
// Width: 320
// Height: 240
// Single frame

#include <qp.h>

const uint32_t gfx_cyberpunk_4_3_ansi_linux_320x240_length = 17827;

// clang-format off
const uint8_t gfx_cyberpunk_4_3_ansi_linux_320x240[17827] = {
    0x00, 0xFF, 0x12, 0x00, 0x00, 0x51, 0x47, 0x46, 0x01, 0xA3, 0x45, 0x00, 0x00, 0x5C, 0xBA, 0xFF,
    0xFF, 0x40, 0x01, 0xF0, 0x00, 0x01, 0x00, 0x01, 0xFE, 0x04, 0x00, 0x00, 0x20, 0x00, 0x00, 0x00,
    0x02, 0xFD, 0x06, 0x00, 0x00, 0x06, 0x00, 0x01, 0xFF, 0xE8, 0x03, 0x03, 0xFC, 0x30, 0x00, 0x00,
    0xD4, 0x0C, 0xFE, 0xD3, 0x4D, 0xFB, 0xD5, 0x65, 0xFB, 0xD5, 0x76, 0xFD, 0xD5, 0x7B, 0xFE, 0xA1,
    0x37, 0xE4, 0xCF, 0x9A, 0xDC, 0xCD, 0xE1, 0xBB, 0xD8, 0xF1, 0xE8, 0xC7, 0xEF, 0x97, 0x9B, 0x25,
    0x29, 0x7F, 0x12, 0x1C, 0xB0, 0x3B, 0x1E, 0x7F, 0x0E, 0x12, 0x04, 0x5E, 0x1B, 0xAD, 0xD3, 0x2F,
    0x05, 0xFA, 0x3E, 0x45, 0x00, 0x1E, 0xAA, 0x81, 0xBA, 0x9A, 0x1A, 0xAA, 0x81, 0x9A, 0x97, 0x05,
    0xAA, 0x80, 0x99, 0x1D, 0xAA, 0x81, 0x6A, 0xA7, 0x34, 0xAA, 0x81, 0x9A, 0xA9, 0x09, 0xAA, 0x0D,
    0xDD, 0x80, 0xAA, 0x11, 0xDD, 0x81, 0xFF, 0xDF, 0x0A, 0xDD, 0x81, 0xBD, 0xDB, 0x0A, 0xDD, 0x85,
    0xCD, 0xBB, 0xCB, 0x9D, 0x97, 0xFF, 0x03, 0xDD, 0x81, 0xFD, 0xFF, 0x17, 0xBB, 0x81, 0xDC, 0xBD,
    0x02, 0xBB, 0x83, 0xDB, 0xDD, 0x7A, 0xC9, 0x05, 0xDD, 0x82, 0xBD, 0xBB, 0xDB, 0x28, 0xDD, 0x81,
    0xBD, 0xDB, 0x02, 0xDD, 0x81, 0x9C, 0xDA, 0x16, 0xDD, 0x80, 0xAA, 0x11, 0xDD, 0x81, 0xFF, 0xDF,
    0x0A, 0xDD, 0x81, 0xBD, 0xDB, 0x0A, 0xDD, 0x85, 0xCD, 0xBB, 0xCB, 0x9D, 0x97, 0xFF, 0x03, 0xDD,
    0x81, 0xFD, 0xFF, 0x17, 0xBB, 0x81, 0xDC, 0xBD, 0x02, 0xBB, 0x83, 0xDB, 0xDD, 0x7A, 0xC9, 0x05,
    0xDD, 0x82, 0xBD, 0xBB, 0xDB, 0x28, 0xDD, 0x81, 0xBD, 0xDB, 0x02, 0xDD, 0x81, 0x9C, 0xDA, 0x16,
    0xDD, 0x80, 0xAA, 0x0F, 0xDD, 0x83, 0xED, 0xDD, 0xFF, 0xDF, 0x0A, 0xDD, 0x81, 0xBD, 0xDB, 0x0A,
    0xDD, 0x85, 0xCD, 0xBB, 0xCB, 0x9C, 0x97, 0xFF, 0x02, 0xDD, 0x82, 0xCC, 0xFD, 0xFF, 0x03, 0xBB,
    0x81, 0xCC, 0xAA, 0x12, 0xBB, 0x81, 0xDC, 0xBC, 0x02, 0xBB, 0x83, 0xDB, 0xCD, 0x7A, 0xC9, 0x02,
    0xDD, 0x85, 0xED, 0xDE, 0xDD, 0xBD, 0xBB, 0xDB, 0x28, 0xDD, 0x85, 0xBD, 0xDB, 0xDD, 0xCD, 0x9A,
    0xDA, 0x15, 0xDD, 0x80, 0xBA, 0x10, 0xDD, 0x83, 0xAE, 0x99, 0xC9, 0xBC, 0x03, 0xBB, 0x82, 0xDB,
    0xDD, 0xBD, 0x12, 0xBB, 0x82, 0x9B, 0x77, 0x97, 0x02, 0xDD, 0x83, 0xAD, 0x99, 0xDD, 0xCC, 0x03,
    0xBB, 0x81, 0xFF, 0x9A, 0x17, 0xBB, 0x82, 0x9A, 0x99, 0xDF, 0x02, 0xDD, 0x81, 0x9D, 0xA9, 0x03,
    0xBB, 0x80, 0xDB, 0x10, 0xDD, 0x80, 0xDB, 0x1A, 0xDD, 0x82, 0x9A, 0xC9, 0xDC, 0x15, 0xDD, 0x80,
    0xAA, 0x10, 0xDD, 0x82, 0xAE, 0x99, 0xB9, 0x04, 0xBB, 0x82, 0xDB, 0xDD, 0xBD, 0x12, 0xBB, 0x82,
    0x9B, 0x77, 0x97, 0x02, 0xDD, 0x82, 0xAD, 0x97, 0xDD, 0x04, 0xBB, 0x81, 0xFF, 0x99, 0x17, 0xBB,
    0x82, 0x9A, 0xF9, 0xDF, 0x02, 0xDD, 0x81, 0x9D, 0xA9, 0x03, 0xBB, 0x80, 0xDB, 0x10, 0xDD, 0x80,
    0xCB, 0x1A, 0xDD, 0x81, 0x9A, 0xD9, 0x16, 0xDD, 0x80, 0xAA, 0x10, 0xDD, 0x82, 0xAE, 0x99, 0xB9,
    0x04, 0xBB, 0x82, 0xDB, 0xDD, 0xBD, 0x12, 0xBB, 0x82, 0x9B, 0x77, 0x97, 0x02, 0xDD, 0x82, 0xAD,
    0x97, 0xDD, 0x04, 0xBB, 0x81, 0xFF, 0x99, 0x17, 0xBB, 0x82, 0x9A, 0xF9, 0xDF, 0x02, 0xDD, 0x81,
    0x9D, 0xA9, 0x03, 0xBB, 0x80, 0xDB, 0x10, 0xDD, 0x80, 0xCB, 0x1A, 0xDD, 0x81, 0x9A, 0xD9, 0x16,
    0xDD, 0x80, 0xBA, 0x0F, 0xDD, 0x8A, 0xED, 0x9A, 0x99, 0xB9, 0xBB, 0xAB, 0xBA, 0xBB, 0xDB, 0xDD,
    0xBD, 0x11, 0xBB, 0x83, 0xAB, 0x9A, 0x77, 0x97, 0x02, 0xDD, 0x83, 0xAD, 0x99, 0xDD, 0xCC, 0x02,
    0xAA, 0x82, 0xCC, 0xFF, 0x99, 0x02, 0xCC, 0x81, 0xAA, 0xBB, 0x03, 0xCC, 0x10, 0xBB, 0x82, 0x9A,
    0xF9, 0xDF, 0x02, 0xDD, 0x81, 0x9D, 0xA9, 0x03, 0xBB, 0x80, 0xDB, 0x10, 0xDD, 0x80, 0xDB, 0x19,
    0xDD, 0x82, 0xCD, 0x9A, 0xD9, 0x15, 0xDD, 0x81, 0xBB, 0xDC, 0x0F, 0xDD, 0x86, 0x9A, 0x79, 0xA9,
    0xBA, 0xBB, 0x9A, 0xB9, 0x13, 0xBB, 0x85, 0xCB, 0xCD, 0x9B, 0x79, 0x97, 0xF9, 0x02, 0xDD, 0x83,
    0xED, 0xAA, 0xCB, 0xFF, 0x02, 0x99, 0x05, 0xFF, 0x81, 0x99, 0xAA, 0x03, 0xFF, 0x02, 0xAA, 0x0E,
    0xBB, 0x82, 0x7A, 0xF9, 0xDF, 0x02, 0xDD, 0x81, 0xAD, 0xBA, 0x05, 0xBB, 0x82, 0xDB, 0xCD, 0xDB,
    0x04, 0xDD, 0x80, 0xDB, 0x1D, 0xDD, 0x80, 0xBD, 0x03, 0xDD, 0x82, 0x9A, 0xA9, 0xDA, 0x15, 0xDD,
    0x80, 0xAA, 0x10, 0xDD, 0x82, 0x9A, 0x79, 0xB9, 0x02, 0xBB, 0x81, 0x7A, 0xB9, 0x13, 0xBB, 0x85,
    0xCB, 0xCD, 0x9B, 0x77, 0x97, 0xFF, 0x03, 0xDD, 0x84, 0xBB, 0xCB, 0xFF, 0x99, 0x97, 0x05, 0xFF,
    0x81, 0x99, 0xAA, 0x03, 0xFF, 0x02, 0xAA, 0x0E, 0xBB, 0x81, 0x7A, 0xD9, 0x03, 0xDD, 0x80, 0xBD,
    0x06, 0xBB, 0x82, 0xDB, 0xBD, 0xDB, 0x03, 0xDD, 0x81, 0xCD, 0xCB, 0x1D, 0xDD, 0x81, 0xBC, 0xDC,
    0x02, 0xDD, 0x81, 0x9A, 0xD9, 0x16, 0xDD, 0x80, 0xAA, 0x10, 0xDD, 0x82, 0x9A, 0x79, 0xB9, 0x02,
    0xBB, 0x81, 0x7A, 0xB9, 0x13, 0xBB, 0x85, 0xCB, 0xCD, 0x9B, 0x77, 0x97, 0xFF, 0x03, 0xDD, 0x84,
    0xBB, 0xCB, 0xFF, 0x99, 0x97, 0x05, 0xFF, 0x81, 0x99, 0xAA, 0x03, 0xFF, 0x02, 0xAA, 0x0E, 0xBB,
    0x81, 0x7A, 0xD9, 0x03, 0xDD, 0x80, 0xBD, 0x06, 0xBB, 0x82, 0xDB, 0xBD, 0xDB, 0x03, 0xDD, 0x81,
    0xCD, 0xCB, 0x1D, 0xDD, 0x81, 0xBC, 0xDC, 0x02, 0xDD, 0x81, 0x9A, 0xD9, 0x16, 0xDD, 0x80, 0xAA,
    0x10, 0xDD, 0x82, 0x9A, 0x79, 0xB9, 0x02, 0xBB, 0x81, 0x79, 0xB9, 0x13, 0xBB, 0x85, 0xCB, 0xCD,
    0x9B, 0x77, 0x97, 0xFF, 0x03, 0xDD, 0x84, 0xBB, 0xCB, 0xFF, 0x99, 0x97, 0x05, 0xFF, 0x81, 0x99,
    0xAA, 0x03, 0xFF, 0x02, 0xAA, 0x0E, 0xBB, 0x81, 0x7A, 0xD9, 0x03, 0xDD, 0x80, 0xBD, 0x06, 0xBB,
    0x82, 0xDB, 0xBD, 0xDB, 0x03, 0xDD, 0x81, 0xCD, 0xCB, 0x1D, 0xDD, 0x81, 0xBC, 0xDC, 0x02, 0xDD,
    0x81, 0x9A, 0xD9, 0x14, 0xDD, 0x82, 0xED, 0xAA, 0xBB, 0x0F, 0xDD, 0x8A, 0x9A, 0x79, 0x99, 0xBF,
    0xBB, 0x7A, 0x67, 0x76, 0x77, 0xF9, 0xBF, 0x06, 0xBB, 0x81, 0x9B, 0x79, 0x04, 0x77, 0x89, 0xF7,
    0xCF, 0xBB, 0xCB, 0xCD, 0xAB, 0x79, 0x77, 0x97, 0xDF, 0x03, 0xDD, 0x80, 0xCB, 0x02, 0xFF, 0x81,
    0xAA, 0x76, 0x05, 0x99, 0x84, 0xFF, 0xAA, 0x99, 0xFF, 0x9F, 0x03, 0xFF, 0x03, 0xAA, 0x07, 0xBB,
    0x84, 0xDB, 0xBC, 0x9A, 0x79, 0xD9, 0x03, 0xDD, 0x80, 0xBD, 0x11, 0xBB, 0x80, 0xCB, 0x0E, 0xDD,
    0x80, 0xBC, 0x04, 0xDD, 0x80, 0xBC, 0x04, 0xDD, 0x86, 0x9A, 0xBA, 0xDC, 0xBD, 0xDD, 0xAD, 0xDA,
    0x14, 0xDD, 0x82, 0xCD, 0xA9, 0xBB, 0x0F, 0xDD, 0x85, 0x79, 0x77, 0xF9, 0xBF, 0xBB, 0x69, 0x03,
    0x66, 0x81, 0xF7, 0xBF, 0x06, 0xBB, 0x80, 0x6B, 0x05, 0x66, 0x85, 0x96, 0xCF, 0xBB, 0xDB, 0xCD,
    0xAB, 0x02, 0x77, 0x80, 0x97, 0x04, 0xDD, 0x80, 0xCB, 0x02, 0xFF, 0x81, 0xAD, 0x76, 0x05, 0x99,
    0x80, 0xFF, 0x02, 0x99, 0x81, 0xFF, 0x99, 0x03, 0xFF, 0x03, 0xAA, 0x80, 0xBA, 0x06, 0xBB, 0x84,
    0xDB, 0xBD, 0x9A, 0x79, 0xD9, 0x03, 0xDD, 0x80, 0xBD, 0x12, 0xBB, 0x0E, 0xDD, 0x80, 0xBB, 0x04,
    0xDD, 0x80, 0xBB, 0x04, 0xDD, 0x83, 0x79, 0xB9, 0xDC, 0xBD, 0x17, 0xDD, 0x82, 0xCD, 0xA9, 0xBB,
    0x0F, 0xDD, 0x85, 0x79, 0x77, 0xF9, 0xBF, 0xBB, 0x69, 0x03, 0x66, 0x81, 0xF7, 0xBF, 0x06, 0xBB,
    0x80, 0x6B, 0x05, 0x66, 0x85, 0x96, 0xCF, 0xBB, 0xDB, 0xCD, 0xAB, 0x02, 0x77, 0x80, 0x97, 0x04,
    0xDD, 0x80, 0xCB, 0x02, 0xFF, 0x81, 0xAD, 0x76, 0x05, 0x99, 0x80, 0xFF, 0x02, 0x99, 0x81, 0xFF,
    0x99, 0x03, 0xFF, 0x03, 0xAA, 0x80, 0xBA, 0x06, 0xBB, 0x84, 0xDB, 0xBD, 0x9A, 0x79, 0xD9, 0x03,
    0xDD, 0x80, 0xBD, 0x12, 0xBB, 0x0E, 0xDD, 0x80, 0xBB, 0x04, 0xDD, 0x80, 0xBB, 0x04, 0xDD, 0x83,
    0x79, 0xB9, 0xDC, 0xBD, 0x17, 0xDD, 0x82, 0xCD, 0xA9, 0xBB, 0x0F, 0xDD, 0x85, 0x79, 0x77, 0xF9,
    0xBF, 0xBB, 0x69, 0x03, 0x66, 0x81, 0xF7, 0xBF, 0x06, 0xBB, 0x80, 0x6B, 0x04, 0x66, 0x86, 0x67,
    0x96, 0xCF, 0xBB, 0xDB, 0xCD, 0xAB, 0x02, 0x77, 0x80, 0x97, 0x04, 0xDD, 0x80, 0xCB, 0x02, 0xFF,
    0x81, 0xAD, 0x76, 0x05, 0x99, 0x80, 0xFF, 0x02, 0x99, 0x81, 0xFF, 0x99, 0x03, 0xFF, 0x03, 0xAA,
    0x80, 0xBA, 0x06, 0xBB, 0x84, 0xDB, 0xBD, 0x9A, 0x79, 0xD9, 0x03, 0xDD, 0x80, 0xBD, 0x12, 0xBB,
    0x0E, 0xDD, 0x80, 0xBB, 0x04, 0xDD, 0x80, 0xBB, 0x04, 0xDD, 0x83, 0x79, 0xB9, 0xDC, 0xBD, 0x16,
    0xDD, 0x82, 0xED, 0xAA, 0xFF, 0x0F, 0xDD, 0x8B, 0x99, 0x79, 0x99, 0xCF, 0xBC, 0xDC, 0x69, 0x99,
    0xA9, 0x9A, 0xCF, 0xBC, 0x03, 0xBB, 0x85, 0xFC, 0x9F, 0xAF, 0x6A, 0x96, 0x69, 0x02, 0x66, 0x8A,
    0x96, 0xA9, 0xBA, 0xDB, 0xCD, 0xAB, 0x79, 0x77, 0x97, 0xF9, 0xFF, 0x02, 0xDD, 0x84, 0xCC, 0xBB,
    0xFA, 0xFF, 0x77, 0x02, 0x66, 0x81, 0x99, 0x79, 0x02, 0x66, 0x08, 0x99, 0x80, 0xAA, 0x02, 0xFF,
    0x80, 0xAF, 0x02, 0xAA, 0x06, 0xBB, 0x85, 0x7A, 0x97, 0xDF, 0xDD, 0xFD, 0xCF, 0x14, 0xBB, 0x80,
    0xCB, 0x02, 0xDD, 0x80, 0xCB, 0x02, 0xDD, 0x80, 0xBB, 0x06, 0xDD, 0x05, 0xBB, 0x82, 0xDD, 0xBC,
    0xBB, 0x02, 0xDD, 0x82, 0xAA, 0xBA, 0xBB, 0x03, 0xDD, 0x82, 0xBD, 0xBB, 0xDC, 0x11, 0xDD, 0x82,
    0xCD, 0x99, 0xFF, 0x0F, 0xDD, 0x8A, 0x79, 0x77, 0xF9, 0xBF, 0xBB, 0xDC, 0x69, 0xF9, 0xBF, 0xFC,
    0xBF, 0x04, 0xBB, 0x85, 0xFC, 0x9F, 0xA9, 0x6A, 0x96, 0x6F, 0x02, 0x66, 0x85, 0x96, 0xA9, 0xBA,
    0xDB, 0xCD, 0xAB, 0x02, 0x77, 0x80, 0x97, 0x02, 0xFF, 0x02, 0xDD, 0x02, 0xBB, 0x81, 0xAA, 0x9F,
    0x03, 0x66, 0x81, 0x99, 0x77, 0x02, 0x66, 0x09, 0x99, 0x02, 0xFF, 0x80, 0xAF, 0x02, 0xAA, 0x80,
    0xBA, 0x05, 0xBB, 0x85, 0x7A, 0xF7, 0xDF, 0xDD, 0xFD, 0xCF, 0x15, 0xBB, 0x02, 0xDD, 0x80, 0xBB,
    0x02, 0xDD, 0x80, 0xBB, 0x06, 0xDD, 0x05, 0xBB, 0x80, 0xDD, 0x02, 0xBB, 0x82, 0xDC, 0xDD, 0xBC,
    0x02, 0xBB, 0x03, 0xDD, 0x82, 0xBD, 0xBB, 0xDB, 0x11, 0xDD, 0x82, 0xCD, 0x99, 0xFF, 0x0F, 0xDD,
    0x8A, 0x79, 0x77, 0xF9, 0xBF, 0xBB, 0xDC, 0x69, 0xF9, 0xBF, 0xFC, 0xBF, 0x04, 0xBB, 0x85, 0xFC,
    0x9F, 0xA9, 0x6A, 0x96, 0x6F, 0x02, 0x66, 0x85, 0x96, 0xA9, 0xBA, 0xDB, 0xCD, 0xAB, 0x02, 0x77,
    0x80, 0x97, 0x02, 0xFF, 0x02, 0xDD, 0x02, 0xBB, 0x81, 0xAA, 0x9F, 0x03, 0x66, 0x81, 0x99, 0x77,
    0x02, 0x66, 0x09, 0x99, 0x02, 0xFF, 0x80, 0xAF, 0x02, 0xAA, 0x80, 0xBA, 0x05, 0xBB, 0x85, 0x7A,
    0xF7, 0xDF, 0xDD, 0xFD, 0xCF, 0x15, 0xBB, 0x02, 0xDD, 0x80, 0xBB, 0x02, 0xDD, 0x80, 0xBB, 0x06,
    0xDD, 0x05, 0xBB, 0x80, 0xDD, 0x02, 0xBB, 0x82, 0xDC, 0xDD, 0xBC, 0x02, 0xBB, 0x03, 0xDD, 0x82,
    0xBD, 0xBB, 0xDB, 0x11, 0xDD, 0x82, 0xCD, 0x99, 0xFF, 0x0F, 0xDD, 0x8A, 0x79, 0x77, 0xF9, 0xBF,
    0xBB, 0xDC, 0x69, 0xF9, 0xBF, 0xFC, 0xBF, 0x04, 0xBB, 0x85, 0xFC, 0x9F, 0xA9, 0x6A, 0x96, 0x6F,
    0x02, 0x66, 0x85, 0x96, 0xA9, 0xBA, 0xDB, 0xCD, 0xAB, 0x02, 0x77, 0x80, 0x97, 0x02, 0xFF, 0x02,
    0xDD, 0x02, 0xBB, 0x81, 0xAA, 0x9F, 0x03, 0x66, 0x81, 0x99, 0x77, 0x02, 0x66, 0x09, 0x99, 0x02,
    0xFF, 0x80, 0xAF, 0x02, 0xAA, 0x80, 0xBA, 0x05, 0xBB, 0x85, 0x7A, 0xF7, 0xDF, 0xDD, 0xFD, 0xCF,
    0x15, 0xBB, 0x02, 0xDD, 0x80, 0xBB, 0x02, 0xDD, 0x80, 0xBB, 0x06, 0xDD, 0x05, 0xBB, 0x80, 0xDD,
    0x02, 0xBB, 0x82, 0xDC, 0xDD, 0xBC, 0x02, 0xBB, 0x03, 0xDD, 0x82, 0xBD, 0xBB, 0xDB, 0x11, 0xDD,
    0x80, 0xAA, 0x02, 0xFF, 0x0E, 0xDD, 0x80, 0x99, 0x02, 0x77, 0x8D, 0xF9, 0xBA, 0xBB, 0xCB, 0xAA,
    0xFA, 0xBF, 0xFC, 0xBF, 0xBB, 0xFC, 0xCF, 0xBB, 0xAB, 0x02, 0xAA, 0x8A, 0x9A, 0xF9, 0x9F, 0x99,
    0x79, 0x97, 0xFA, 0xCF, 0xCD, 0xAC, 0x99, 0x02, 0x77, 0x02, 0x99, 0x80, 0xFF, 0x02, 0xDD, 0x87,
    0xBB, 0xCB, 0xFF, 0xAF, 0x66, 0x79, 0x66, 0x77, 0x03, 0x66, 0x05, 0x77, 0x05, 0x99, 0x81, 0x79,
    0xA9, 0x04, 0xAA, 0x89, 0xBB, 0xDC, 0xBD, 0x9A, 0x77, 0xF7, 0xDF, 0x9E, 0xF9, 0xBF, 0x14, 0xBB,
    0x80, 0xCB, 0x02, 0xDD, 0x86, 0xBB, 0xDD, 0xBC, 0xBB, 0xDD, 0xCC, 0xDD, 0x03, 0xCC, 0x05, 0xBB,
    0x8A, 0xCB, 0xBB, 0x99, 0xCA, 0xCC, 0xDD, 0x9A, 0xDA, 0xDD, 0xCD, 0xCC, 0x02, 0xBB, 0x80, 0xCB,
    0x09, 0xCC, 0x07, 0xDD, 0x82, 0xCD, 0x99, 0xFF, 0x0F, 0xDD, 0x02, 0x77, 0x81, 0x97, 0xB9, 0x09,
    0xBB, 0x83, 0xFC, 0xCF, 0xBB, 0xAB, 0x02, 0xAA, 0x80, 0xFA, 0x02, 0xFF, 0x8C, 0x9F, 0x79, 0xA7,
    0xFA, 0xFF, 0xBD, 0x9B, 0x79, 0x77, 0x97, 0x99, 0x97, 0xFF, 0x02, 0xDD, 0x85, 0xBB, 0xCB, 0xFF,
    0xAB, 0x76, 0x99, 0x0A, 0x66, 0x04, 0x99, 0x82, 0x67, 0x66, 0x97, 0x04, 0xAA, 0x88, 0xBA, 0xDD,
    0xBD, 0x8A, 0x78, 0xD9, 0xDD, 0x7A, 0xB8, 0x15, 0xBB, 0x80, 0xCB, 0x02, 0xDD, 0x81, 0xBB, 0xDD,
    0x02, 0xBB, 0x82, 0xDD, 0xBB, 0xDD, 0x0A, 0xBB, 0x87, 0x87, 0xB9, 0xBB, 0xDD, 0x7A, 0xDA, 0xDD,
    0xBD, 0x0D, 0xBB, 0x07, 0xDD, 0x82, 0xCD, 0x99, 0xFF, 0x0F, 0xDD, 0x02, 0x77, 0x81, 0x97, 0xB9,
    0x09, 0xBB, 0x83, 0xFC, 0xCF, 0xBB, 0xAB, 0x02, 0xAA, 0x80, 0xFA, 0x02, 0xFF, 0x8C, 0x9F, 0x79,
    0xA7, 0xFA, 0xFF, 0xBD, 0x9B, 0x79, 0x77, 0x97, 0x99, 0x97, 0xFF, 0x02, 0xDD, 0x85, 0xBB, 0xCB,
    0xFF, 0xAB, 0x76, 0x99, 0x0A, 0x66, 0x04, 0x99, 0x82, 0x67, 0x66, 0x97, 0x04, 0xAA, 0x88, 0xBA,
    0xDD, 0xBD, 0x8A, 0x78, 0xD9, 0xDD, 0x7A, 0xB8, 0x15, 0xBB, 0x80, 0xCB, 0x02, 0xDD, 0x81, 0xBB,
    0xDD, 0x02, 0xBB, 0x82, 0xDD, 0xBB, 0xDD, 0x0A, 0xBB, 0x87, 0x87, 0xB9, 0xBB, 0xDD, 0x7A, 0xDA,
    0xDD, 0xBD, 0x0D, 0xBB, 0x07, 0xDD, 0x82, 0xCD, 0x99, 0xFF, 0x0F, 0xDD, 0x02, 0x77, 0x81, 0x97,
    0xB9, 0x09, 0xBB, 0x83, 0xFC, 0xCF, 0xBB, 0xAB, 0x02, 0xAA, 0x80, 0xFA, 0x02, 0xFF, 0x8C, 0x9F,
    0x79, 0xA7, 0xFA, 0xFF, 0xBD, 0x9B, 0x79, 0x77, 0x97, 0x99, 0x97, 0xFF, 0x02, 0xDD, 0x85, 0xBB,
    0xCB, 0xFF, 0xAB, 0x76, 0x99, 0x0A, 0x66, 0x04, 0x99, 0x82, 0x67, 0x66, 0x97, 0x04, 0xAA, 0x88,
    0xBA, 0xDD, 0xBD, 0x8A, 0x78, 0xD9, 0xDD, 0x7A, 0xB8, 0x15, 0xBB, 0x80, 0xCB, 0x02, 0xDD, 0x81,
    0xBB, 0xDD, 0x02, 0xBB, 0x82, 0xDD, 0xBB, 0xDD, 0x0A, 0xBB, 0x87, 0x87, 0xB9, 0xBB, 0xDD, 0x7A,
    0xDA, 0xDD, 0xBD, 0x0D, 0xBB, 0x07, 0xDD, 0x80, 0xAA, 0x02, 0xFF, 0x81, 0xCC, 0xBB, 0x0C, 0xDD,
    0x84, 0x9A, 0x67, 0x77, 0x97, 0xB9, 0x02, 0xBB, 0x83, 0xFC, 0xBC, 0xFC, 0xAF, 0x03, 0xBB, 0x81,
    0xFC, 0xAF, 0x03, 0xAA, 0x80, 0xFA, 0x04, 0xFF, 0x8B, 0x9F, 0xA9, 0xFA, 0xCF, 0xAB, 0x7A, 0x76,
    0x77, 0x78, 0x79, 0x97, 0xFF, 0x02, 0xDD, 0x87, 0xBB, 0xAA, 0xFF, 0xAA, 0x99, 0x9F, 0x79, 0x77,
    0x08, 0x66, 0x04, 0x77, 0x81, 0x66, 0x97, 0x03, 0x99, 0x02, 0xAA, 0x88, 0xBA, 0xDC, 0xCD, 0x8A,
    0x77, 0xD9, 0xED, 0xAE, 0xB9, 0x15, 0xBB, 0x02, 0xDD, 0x82, 0xCC, 0xBB, 0xCC, 0x02, 0xBB, 0x82,
    0xCC, 0xBB, 0xCC, 0x07, 0xBB, 0x84, 0xCC, 0xAA, 0xBA, 0x9A, 0xCA, 0x02, 0xDD, 0x83, 0x79, 0xD9,
    0xCD, 0xBC, 0x0D, 0xBB, 0x06, 0xDD, 0x85, 0xCD, 0x99, 0xFF, 0xDD, 0xBB, 0xAA, 0x0C, 0xDD, 0x84,
    0x77, 0x66, 0x77, 0x97, 0xBA, 0x02, 0xBB, 0x84, 0xFF, 0xBF, 0xFF, 0xAF, 0xBA, 0x03, 0xBB, 0x80,
    0xAB, 0x03, 0xAA, 0x80, 0xFA, 0x04, 0xFF, 0x8A, 0xAF, 0xBA, 0xDB, 0xAD, 0xAA, 0x69, 0x63, 0x87,
    0x88, 0x77, 0x97, 0x03, 0xDD, 0x82, 0xBB, 0xAA, 0xFF, 0x02, 0x99, 0x80, 0xFF, 0x02, 0x99, 0x0D,
    0x66, 0x8D, 0xF9, 0x9F, 0x79, 0x66, 0xA9, 0xAA, 0xBA, 0xBB, 0xDB, 0x7A, 0x97, 0xD9, 0xEE, 0xBE,
    0x15, 0xBB, 0x80, 0xCB, 0x02, 0xDD, 0x0F, 0xBB, 0x84, 0xDD, 0x9A, 0xBA, 0xBB, 0xDC, 0x02, 0xDD,
    0x82, 0x79, 0xD9, 0xBD, 0x0E, 0xBB, 0x06, 0xDD, 0x85, 0xCD, 0x99, 0xFF, 0xDD, 0xBB, 0xAA, 0x0C,
    0xDD, 0x84, 0x77, 0x66, 0x77, 0x97, 0xBA, 0x02, 0xBB, 0x84, 0xFF, 0xBF, 0xFF, 0xAF, 0xBA, 0x03,
    0xBB, 0x80, 0xAB, 0x03, 0xAA, 0x80, 0xFA, 0x04, 0xFF, 0x8A, 0xAF, 0xBA, 0xDB, 0xAD, 0xAA, 0x69,
    0x63, 0x87, 0x88, 0x77, 0x97, 0x03, 0xDD, 0x82, 0xBB, 0xAA, 0xFF, 0x02, 0x99, 0x80, 0xFF, 0x02,
    0x99, 0x0D, 0x66, 0x8D, 0xF9, 0x9F, 0x79, 0x66, 0xA9, 0xAA, 0xBA, 0xBB, 0xDB, 0x7A, 0x97, 0xD9,
    0xEE, 0xBE, 0x15, 0xBB, 0x80, 0xCB, 0x02, 0xDD, 0x0F, 0xBB, 0x84, 0xDD, 0x9A, 0xBA, 0xBB, 0xDC,
    0x02, 0xDD, 0x82, 0x79, 0xD9, 0xBD, 0x0E, 0xBB, 0x06, 0xDD, 0x85, 0xCD, 0x99, 0xFF, 0xDD, 0xBB,
    0xAA, 0x0C, 0xDD, 0x84, 0x77, 0x66, 0x77, 0x97, 0xBA, 0x02, 0xBB, 0x84, 0xFF, 0xBF, 0xFF, 0xAF,
    0xBA, 0x03, 0xBB, 0x80, 0xAB, 0x03, 0xAA, 0x80, 0xFA, 0x04, 0xFF, 0x8A, 0xAF, 0xBA, 0xDB, 0xAD,
    0xAA, 0x69, 0x63, 0x87, 0x88, 0x77, 0x97, 0x03, 0xDD, 0x82, 0xBB, 0xAA, 0xFF, 0x02, 0x99, 0x80,
    0xFF, 0x02, 0x99, 0x0D, 0x66, 0x8D, 0xF9, 0x9F, 0x79, 0x66, 0xA9, 0xAA, 0xBA, 0xBB, 0xDB, 0x7A,
    0x97, 0xD9, 0xEE, 0xBE, 0x15, 0xBB, 0x80, 0xCB, 0x02, 0xDD, 0x0F, 0xBB, 0x84, 0xDD, 0x9A, 0xBA,
    0xBB, 0xDC, 0x02, 0xDD, 0x82, 0x79, 0xD9, 0xBD, 0x0E, 0xBB, 0x05, 0xDD, 0x86, 0xCC, 0xAA, 0xF9,
    0xFF, 0xCC, 0xAA, 0xBA, 0x03, 0xDD, 0x80, 0xCD, 0x02, 0xCC, 0x80, 0xDC, 0x03, 0xDD, 0x81, 0xCD,
    0x99, 0x02, 0x66, 0x80, 0x77, 0x19, 0x99, 0x80, 0x69, 0x02, 0x66, 0x02, 0x88, 0x84, 0x87, 0x78,
    0xA9, 0xEF, 0xAE, 0x05, 0x99, 0x80, 0x9F, 0x02, 0x99, 0x08, 0x77, 0x80, 0x66, 0x03, 0x77, 0x8E,
    0x66, 0xF9, 0x99, 0x79, 0x99, 0xF9, 0xBA, 0xCB, 0xAB, 0x9A, 0x79, 0x97, 0xDF, 0xEE, 0xBE, 0x15,
    0xBB, 0x03, 0xDD, 0x0F, 0xBB, 0x80, 0xCC, 0x02, 0xAA, 0x80, 0xDA, 0x02, 0xDD, 0x83, 0x9A, 0x99,
    0xDA, 0xBD, 0x0E, 0xBB, 0x05, 0xDD, 0x86, 0xAB, 0x99, 0xFF, 0xDD, 0xAB, 0xA9, 0xBB, 0x03, 0xDD,
    0x04, 0xBB, 0x03, 0xDD, 0x86, 0xBB, 0x77, 0x34, 0x86, 0x77, 0x99, 0x79, 0x15, 0x77, 0x83, 0x87,
    0x68, 0x46, 0x63, 0x02, 0x88, 0x85, 0x77, 0x87, 0x88, 0x98, 0xAF, 0x9E, 0x02, 0x88, 0x03, 0x77,
    0x0B, 0x99, 0x80, 0x77, 0x03, 0x99, 0x80, 0x67, 0x03, 0x99, 0x89, 0xF9, 0xFF, 0xDF, 0xDD, 0xAB,
    0x7A, 0x77, 0xD9, 0xDD, 0xBD, 0x15, 0xBB, 0x80, 0xCB, 0x02, 0xDD, 0x12, 0xBB, 0x81, 0x99, 0xDA,
    0x02, 0xDD, 0x83, 0x79, 0xD9, 0xDD, 0xBD, 0x0E, 0xBB, 0x05, 0xDD, 0x86, 0xAB, 0x99, 0xFF, 0xDD,
    0xAB, 0xA9, 0xBB, 0x03, 0xDD, 0x04, 0xBB, 0x03, 0xDD, 0x86, 0xBB, 0x77, 0x34, 0x86, 0x77, 0x99,
    0x79, 0x15, 0x77, 0x83, 0x87, 0x68, 0x46, 0x63, 0x02, 0x88, 0x85, 0x77, 0x87, 0x88, 0x98, 0xAF,
    0x9E, 0x02, 0x88, 0x03, 0x77, 0x0B, 0x99, 0x80, 0x77, 0x03, 0x99, 0x80, 0x67, 0x03, 0x99, 0x89,
    0xF9, 0xFF, 0xDF, 0xDD, 0xAB, 0x7A, 0x77, 0xD9, 0xDD, 0xBD, 0x15, 0xBB, 0x80, 0xCB, 0x02, 0xDD,
    0x12, 0xBB, 0x81, 0x99, 0xDA, 0x02, 0xDD, 0x83, 0x79, 0xD9, 0xDD, 0xBD, 0x0E, 0xBB, 0x05, 0xDD,
    0x86, 0xAB, 0x99, 0xFF, 0xDD, 0xAB, 0xA9, 0xBB, 0x03, 0xDD, 0x04, 0xBB, 0x03, 0xDD, 0x86, 0xBB,
    0x77, 0x34, 0x86, 0x77, 0x99, 0x79, 0x15, 0x77, 0x83, 0x87, 0x68, 0x46, 0x63, 0x02, 0x88, 0x85,
    0x77, 0x87, 0x88, 0x98, 0xAF, 0x9E, 0x02, 0x88, 0x03, 0x77, 0x0B, 0x99, 0x80, 0x77, 0x03, 0x99,
    0x80, 0x67, 0x03, 0x99, 0x89, 0xF9, 0xFF, 0xDF, 0xDD, 0xAB, 0x7A, 0x77, 0xD9, 0xDD, 0xBD, 0x15,
    0xBB, 0x80, 0xCB, 0x02, 0xDD, 0x12, 0xBB, 0x81, 0x99, 0xDA, 0x02, 0xDD, 0x83, 0x79, 0xD9, 0xDD,
    0xBD, 0x0E, 0xBB, 0x03, 0xDD, 0x88, 0xCD, 0xAA, 0x9A, 0x99, 0xFF, 0xAE, 0xAA, 0xA9, 0xBB, 0x02,
    0xDD, 0x81, 0xED, 0xAA, 0x07, 0x99, 0x85, 0x67, 0x66, 0x88, 0x78, 0x97, 0x77, 0x11, 0x66, 0x80,
    0x76, 0x03, 0x77, 0x8B, 0x67, 0x46, 0x44, 0x43, 0x46, 0x64, 0x66, 0x87, 0x88, 0x78, 0x99, 0x79,
    0x03, 0x88, 0x81, 0x78, 0x77, 0x0B, 0x99, 0x80, 0x79, 0x03, 0x99, 0x83, 0x79, 0x99, 0xA9, 0x99,
    0x02, 0xFF, 0x87, 0xDF, 0xDD, 0xAA, 0x79, 0x77, 0xD9, 0xDD, 0xBD, 0x15, 0xBB, 0x80, 0xDC, 0x02,
    0xDD, 0x0D, 0xBB, 0x86, 0x9A, 0xBA, 0xAA, 0xDC, 0xDD, 0xAA, 0xDC, 0x02, 0xDD, 0x83, 0x79, 0xD9,
    0xDD, 0xBC, 0x0E, 0xBB, 0x03, 0xDD, 0x87, 0xAD, 0x99, 0x97, 0x99, 0xEB, 0xAE, 0x97, 0xFF, 0x03,
    0xBB, 0x81, 0xED, 0x9A, 0x07, 0x77, 0x81, 0x34, 0x76, 0x04, 0x77, 0x80, 0x16, 0x10, 0x11, 0x80,
    0x71, 0x03, 0x77, 0x86, 0x37, 0x11, 0x21, 0x23, 0x11, 0x21, 0x63, 0x12, 0x77, 0x09, 0x99, 0x83,
    0xAA, 0xFF, 0xAF, 0xBA, 0x02, 0xDD, 0x80, 0x7A, 0x02, 0x77, 0x81, 0xD9, 0xBD, 0x15, 0xBB, 0x80,
    0xCB, 0x03, 0xDD, 0x0D, 0xBB, 0x83, 0x87, 0xBA, 0x9A, 0xDC, 0x02, 0xDD, 0x85, 0xBD, 0xBB, 0xDC,
    0x79, 0xD9, 0xBD, 0x0F, 0xBB, 0x03, 0xDD, 0x87, 0xAD, 0x99, 0x97, 0x99, 0xEB, 0xAE, 0x97, 0xFF,
    0x03, 0xBB, 0x81, 0xED, 0x9A, 0x07, 0x77, 0x81, 0x34, 0x76, 0x04, 0x77, 0x80, 0x16, 0x10, 0x11,
    0x80, 0x71, 0x03, 0x77, 0x86, 0x37, 0x11, 0x21, 0x23, 0x11, 0x21, 0x63, 0x12, 0x77, 0x09, 0x99,
    0x83, 0xAA, 0xFF, 0xAF, 0xBA, 0x02, 0xDD, 0x80, 0x7A, 0x02, 0x77, 0x81, 0xD9, 0xBD, 0x15, 0xBB,
    0x80, 0xCB, 0x03, 0xDD, 0x0D, 0xBB, 0x83, 0x87, 0xBA, 0x9A, 0xDC, 0x02, 0xDD, 0x85, 0xBD, 0xBB,
    0xDC, 0x79, 0xD9, 0xBD, 0x0F, 0xBB, 0x03, 0xDD, 0x87, 0xAD, 0x99, 0x97, 0x99, 0xEB, 0xAE, 0x97,
    0xFF, 0x03, 0xBB, 0x81, 0xED, 0x9A, 0x07, 0x77, 0x81, 0x34, 0x76, 0x04, 0x77, 0x80, 0x16, 0x10,
    0x11, 0x80, 0x71, 0x03, 0x77, 0x86, 0x37, 0x11, 0x21, 0x23, 0x11, 0x21, 0x63, 0x12, 0x77, 0x09,
    0x99, 0x83, 0xAA, 0xFF, 0xAF, 0xBA, 0x02, 0xDD, 0x80, 0x7A, 0x02, 0x77, 0x81, 0xD9, 0xBD, 0x15,
    0xBB, 0x80, 0xCB, 0x03, 0xDD, 0x0D, 0xBB, 0x83, 0x87, 0xBA, 0x9A, 0xDC, 0x02, 0xDD, 0x85, 0xBD,
    0xBB, 0xDC, 0x79, 0xD9, 0xBD, 0x0F, 0xBB, 0x02, 0xDD, 0x87, 0xCD, 0x9A, 0x99, 0x97, 0x99, 0xAA,
    0x99, 0x97, 0x05, 0x99, 0x04, 0x77, 0x04, 0x66, 0x80, 0x23, 0x05, 0x66, 0x80, 0x13, 0x10, 0x11,
    0x80, 0x61, 0x03, 0x66, 0x83, 0x26, 0x11, 0x21, 0x12, 0x02, 0x11, 0x80, 0x42, 0x0C, 0x66, 0x05,
    0x77, 0x80, 0x88, 0x05, 0x99, 0x82, 0x77, 0x99, 0xA9, 0x02, 0xAA, 0x82, 0xFF, 0xAA, 0xDB, 0x02,
    0xDD, 0x84, 0x9A, 0x99, 0x79, 0xD9, 0xBD, 0x15, 0xBB, 0x80, 0xDC, 0x03, 0xDD, 0x0A, 0xBB, 0x86,
    0xAA, 0xDC, 0xAA, 0x99, 0xDA, 0xAA, 0xDE, 0x02, 0xDD, 0x85, 0xBC, 0xBB, 0x9A, 0x79, 0xD9, 0xBD,
    0x0F, 0xBB, 0x88, 0xCD, 0xBB, 0xAB, 0x99, 0x77, 0x99, 0xAB, 0x99, 0x88, 0x09, 0x77, 0x81, 0x87,
    0x34, 0x02, 0x33, 0x2F, 0x11, 0x0C, 0x77, 0x85, 0x88, 0xE9, 0xAE, 0xFF, 0xAF, 0xBA, 0x05, 0xDD,
    0x81, 0x9C, 0xB9, 0x15, 0xBB, 0x80, 0xCB, 0x03, 0xDD, 0x0B, 0xBB, 0x83, 0x99, 0xDE, 0x99, 0xDC,
    0x03, 0xDD, 0x04, 0xBB, 0x83, 0x79, 0x78, 0xD9, 0xBC, 0x0F, 0xBB, 0x88, 0xCD, 0xBB, 0xAB, 0x99,
    0x77, 0x99, 0xAB, 0x99, 0x88, 0x09, 0x77, 0x81, 0x87, 0x34, 0x02, 0x33, 0x2F, 0x11, 0x0C, 0x77,
    0x85, 0x88, 0xE9, 0xAE, 0xFF, 0xAF, 0xBA, 0x05, 0xDD, 0x81, 0x9C, 0xB9, 0x15, 0xBB, 0x80, 0xCB,
    0x03, 0xDD, 0x0B, 0xBB, 0x83, 0x99, 0xDE, 0x99, 0xDC, 0x03, 0xDD, 0x04, 0xBB, 0x83, 0x79, 0x78,
    0xD9, 0xBC, 0x0F, 0xBB, 0x88, 0xCD, 0xBB, 0xAB, 0x99, 0x77, 0x99, 0xAB, 0x99, 0x88, 0x09, 0x77,
    0x81, 0x87, 0x34, 0x02, 0x33, 0x2F, 0x11, 0x0C, 0x77, 0x85, 0x88, 0xE9, 0xAE, 0xFF, 0xAF, 0xBA,
    0x05, 0xDD, 0x81, 0x9C, 0xB9, 0x15, 0xBB, 0x80, 0xCB, 0x03, 0xDD, 0x0B, 0xBB, 0x83, 0x99, 0xDE,
    0x99, 0xDC, 0x03, 0xDD, 0x04, 0xBB, 0x83, 0x79, 0x78, 0xD9, 0xBC, 0x0F, 0xBB, 0x89, 0xCD, 0xAB,
    0x9A, 0x79, 0x97, 0x99, 0xAA, 0x79, 0x68, 0x67, 0x09, 0x66, 0x80, 0x24, 0x02, 0x22, 0x2F, 0x11,
    0x80, 0x77, 0x07, 0x66, 0x04, 0x77, 0x88, 0x88, 0x99, 0xA9, 0xFA, 0xBF, 0xCB, 0xDD, 0xCE, 0xFC,
    0x02, 0xDD, 0x81, 0x9C, 0xBA, 0x11, 0xBB, 0x81, 0xAB, 0xAA, 0x02, 0xBB, 0x80, 0xDB, 0x03, 0xDD,
    0x08, 0xBB, 0x86, 0xAA, 0xCC, 0xBB, 0xA9, 0xDE, 0x9A, 0xDC, 0x03, 0xDD, 0x03, 0xBB, 0x84, 0xAA,
    0x79, 0x97, 0xDA, 0xBC, 0x10, 0xBB, 0x87, 0xAB, 0x79, 0x77, 0x97, 0xFF, 0x99, 0x66, 0x46, 0x02,
    0x33, 0x80, 0x23, 0x41, 0x11, 0x80, 0x76, 0x06, 0x77, 0x80, 0xD9, 0x03, 0xDD, 0x82, 0x9A, 0xF9,
    0xDF, 0x02, 0xDD, 0x83, 0xBD, 0xBB, 0xAB, 0xBA, 0x0E, 0xBB, 0x81, 0x9B, 0x96, 0x02, 0xBB, 0x80,
    0xDB, 0x02, 0xDD, 0x08, 0xBB, 0x83, 0xAD, 0x88, 0xFF, 0xBC, 0x03, 0xDD, 0x07, 0xBB, 0x83, 0x79,
    0x77, 0xD9, 0xBD, 0x11, 0xBB, 0x87, 0xAB, 0x79, 0x77, 0x97, 0xFF, 0x99, 0x66, 0x46, 0x02, 0x33,
    0x80, 0x23, 0x41, 0x11, 0x80, 0x76, 0x06, 0x77, 0x80, 0xD9, 0x03, 0xDD, 0x82, 0x9A, 0xF9, 0xDF,
    0x02, 0xDD, 0x83, 0xBD, 0xBB, 0xAB, 0xBA, 0x0E, 0xBB, 0x81, 0x9B, 0x96, 0x02, 0xBB, 0x80, 0xDB,
    0x02, 0xDD, 0x08, 0xBB, 0x83, 0xAD, 0x88, 0xFF, 0xBC, 0x03, 0xDD, 0x07, 0xBB, 0x83, 0x79, 0x77,
    0xD9, 0xBD, 0x11, 0xBB, 0x87, 0xAB, 0x79, 0x77, 0x97, 0xFF, 0x99, 0x66, 0x46, 0x02, 0x33, 0x80,
    0x23, 0x41, 0x11, 0x80, 0x76, 0x06, 0x77, 0x80, 0xD9, 0x03, 0xDD, 0x82, 0x9A, 0xF9, 0xDF, 0x02,
    0xDD, 0x83, 0xBD, 0xBB, 0xAB, 0xBA, 0x0E, 0xBB, 0x81, 0x9B, 0x96, 0x02, 0xBB, 0x80, 0xDB, 0x02,
    0xDD, 0x08, 0xBB, 0x83, 0xAD, 0x88, 0xFF, 0xBC, 0x03, 0xDD, 0x07, 0xBB, 0x83, 0x79, 0x77, 0xD9,
    0xBD, 0x10, 0xBB, 0x81, 0xAA, 0x9A, 0x02, 0x77, 0x85, 0x97, 0x99, 0x77, 0x66, 0x44, 0x33, 0x02,
    0x22, 0x41, 0x11, 0x07, 0x66, 0x86, 0xA7, 0xAA, 0xDC, 0xDD, 0x9A, 0xFA, 0xDF, 0x02, 0xDD, 0x83,
    0xCD, 0xCC, 0xAA, 0xBA, 0x0E, 0xBB, 0x81, 0x9C, 0xA7, 0x02, 0xBB, 0x82, 0xCC, 0xCA, 0xDD, 0x05,
    0xBB, 0x80, 0xAA, 0x02, 0xBB, 0x83, 0xAD, 0x77, 0xFF, 0xBC, 0x03, 0xDD, 0x06, 0xBB, 0x84, 0xCC,
    0x79, 0x77, 0xD9, 0xBD, 0x10, 0xBB, 0x89, 0x99, 0x77, 0x67, 0x66, 0x87, 0x46, 0x33, 0x23, 0x11,
    0x23, 0x4A, 0x11, 0x82, 0x43, 0x86, 0xD9, 0x02, 0xDD, 0x81, 0xBC, 0xDC, 0x03, 0xDD, 0x81, 0xFF,
    0x9F, 0x05, 0xAA, 0x80, 0xBA, 0x08, 0xBB, 0x81, 0xDB, 0xDD, 0x02, 0xBB, 0x83, 0xDB, 0x9D, 0x97,
    0xDD, 0x04, 0xBB, 0x81, 0xAB, 0xA9, 0x02, 0xBB, 0x80, 0xDD, 0x0C, 0xBB, 0x83, 0xFF, 0x79, 0x77,
    0xB9, 0x11, 0xBB, 0x89, 0x99, 0x77, 0x67, 0x66, 0x87, 0x46, 0x33, 0x23, 0x11, 0x23, 0x4A, 0x11,
    0x82, 0x43, 0x86, 0xD9, 0x02, 0xDD, 0x81, 0xBC, 0xDC, 0x03, 0xDD, 0x81, 0xFF, 0x9F, 0x05, 0xAA,
    0x80, 0xBA, 0x08, 0xBB, 0x81, 0xDB, 0xDD, 0x02, 0xBB, 0x83, 0xDB, 0x9D, 0x97, 0xDD, 0x04, 0xBB,
    0x81, 0xAB, 0xA9, 0x02, 0xBB, 0x80, 0xDD, 0x0C, 0xBB, 0x83, 0xFF, 0x79, 0x77, 0xB9, 0x11, 0xBB,
    0x89, 0x99, 0x77, 0x67, 0x66, 0x87, 0x46, 0x33, 0x23, 0x11, 0x23, 0x4A, 0x11, 0x82, 0x43, 0x86,
    0xD9, 0x02, 0xDD, 0x81, 0xBC, 0xDC, 0x03, 0xDD, 0x81, 0xFF, 0x9F, 0x05, 0xAA, 0x80, 0xBA, 0x08,
    0xBB, 0x81, 0xDB, 0xDD, 0x02, 0xBB, 0x83, 0xDB, 0x9D, 0x97, 0xDD, 0x04, 0xBB, 0x81, 0xAB, 0xA9,
    0x02, 0xBB, 0x80, 0xDD, 0x0C, 0xBB, 0x83, 0xFF, 0x79, 0x77, 0xB9, 0x11, 0xBB, 0x85, 0x79, 0x77,
    0x68, 0x66, 0x87, 0x66, 0x02, 0x44, 0x81, 0x22, 0x33, 0x1C, 0x11, 0x80, 0x21, 0x08, 0x22, 0x80,
    0x12, 0x24, 0x11, 0x86, 0x42, 0x64, 0xA7, 0xAA, 0xCA, 0xBB, 0xDB, 0x03, 0xDD, 0x84, 0xFD, 0x9F,
    0x99, 0x9A, 0xA9, 0x04, 0xAA, 0x07, 0xBB, 0x87, 0xDB, 0xDD, 0xBB, 0xCB, 0xDC, 0x9D, 0x97, 0xDD,
    0x04, 0xBB, 0x81, 0xAB, 0xAA, 0x02, 0xBB, 0x80, 0xDD, 0x0C, 0xBB, 0x83, 0x9F, 0x79, 0x77, 0xB9,
    0x11, 0xBB, 0x80, 0x77, 0x07, 0x88, 0x80, 0x44, 0x05, 0x33, 0x18, 0x11, 0x82, 0x42, 0x44, 0x84,
    0x05, 0x88, 0x82, 0x48, 0x44, 0x13, 0x24, 0x11, 0x03, 0x22, 0x82, 0x97, 0xAA, 0xDB, 0x03, 0xDD,
    0x84, 0xCD, 0x8A, 0x77, 0x87, 0x78, 0x02, 0x77, 0x80, 0xA7, 0x02, 0xAA, 0x80, 0xBA, 0x07, 0xBB,
    0x80, 0xCB, 0x02, 0xDD, 0x81, 0x9D, 0x97, 0x06, 0xBB, 0x80, 0xBA, 0x04, 0xBB, 0x80, 0xDD, 0x08,
    0xBB, 0x02, 0xAA, 0x83, 0x79, 0x77, 0xA9, 0xBC, 0x11, 0xBB, 0x80, 0x77, 0x07, 0x88, 0x80, 0x44,
    0x05, 0x33, 0x18, 0x11, 0x82, 0x42, 0x44, 0x84, 0x05, 0x88, 0x82, 0x68, 0x44, 0x13, 0x27, 0x11,
    0x82, 0x96, 0xAA, 0xDB, 0x04, 0xDD, 0x83, 0x8A, 0x88, 0x87, 0x88, 0x02, 0x77, 0x80, 0x97, 0x02,
    0xAA, 0x80, 0xBA, 0x07, 0xBB, 0x80, 0xCB, 0x02, 0xDD, 0x81, 0x9D, 0x97, 0x0B, 0xBB, 0x80, 0xDD,
    0x08, 0xBB, 0x02, 0xAA, 0x83, 0x79, 0x77, 0xD9, 0xBC, 0x11, 0xBB, 0x80, 0x77, 0x07, 0x88, 0x80,
    0x44, 0x05, 0x33, 0x18, 0x11, 0x82, 0x42, 0x44, 0x84, 0x05, 0x88, 0x82, 0x68, 0x44, 0x13, 0x27,
    0x11, 0x82, 0x96, 0xAA, 0xDB, 0x04, 0xDD, 0x83, 0x8A, 0x88, 0x87, 0x88, 0x02, 0x77, 0x80, 0x97,
    0x02, 0xAA, 0x80, 0xBA, 0x07, 0xBB, 0x80, 0xCB, 0x02, 0xDD, 0x81, 0x9D, 0x97, 0x0B, 0xBB, 0x80,
    0xDD, 0x08, 0xBB, 0x02, 0xAA, 0x83, 0x79, 0x77, 0xD9, 0xBC, 0x11, 0xBB, 0x80, 0x87, 0x07, 0x88,
    0x06, 0x44, 0x06, 0x22, 0x12, 0x11, 0x82, 0x42, 0x44, 0x84, 0x05, 0x88, 0x82, 0x68, 0x44, 0x24,
    0x02, 0x22, 0x80, 0x12, 0x08, 0x11, 0x80, 0x12, 0x1B, 0x11, 0x83, 0x96, 0xA9, 0xCA, 0xDC, 0x03,
    0xDD, 0x87, 0x8A, 0x68, 0x86, 0x88, 0x76, 0x77, 0x97, 0xA9, 0x06, 0xAA, 0x80, 0xBA, 0x02, 0xBB,
    0x80, 0xDB, 0x02, 0xDD, 0x81, 0x9E, 0x97, 0x0B, 0xBB, 0x80, 0xDD, 0x08, 0xBB, 0x02, 0xAA, 0x02,
    0x77, 0x80, 0xD9, 0x12, 0xBB, 0x14, 0x88, 0x83, 0x34, 0x11, 0x32, 0x33, 0x04, 0x11, 0x80, 0x32,
    0x04, 0x33, 0x82, 0x12, 0x31, 0x12, 0x02, 0x11, 0x81, 0x41, 0x84, 0x0B, 0x88, 0x80, 0x48, 0x02,
    0x33, 0x80, 0x23, 0x04, 0x11, 0x82, 0x41, 0x48, 0x34, 0x1A, 0x11, 0x83, 0x21, 0x22, 0x96, 0x99,
    0x03, 0xAA, 0x84, 0x9A, 0x27, 0x82, 0x28, 0x72, 0x09, 0x77, 0x87, 0xA7, 0xBA, 0xBB, 0xDB, 0xDD,
    0x9D, 0x97, 0xCA, 0x0A, 0xBB, 0x80, 0xDD, 0x09, 0xBB, 0x80, 0xAA, 0x02, 0x77, 0x81, 0x88, 0xA9,
    0x02, 0xAA, 0x03, 0xBB, 0x81, 0xAB, 0xBA, 0x0B, 0xBB, 0x14, 0x88, 0x83, 0x34, 0x11, 0x32, 0x33,
    0x04, 0x11, 0x80, 0x32, 0x04, 0x33, 0x82, 0x12, 0x31, 0x12, 0x02, 0x11, 0x81, 0x31, 0x84, 0x0B,
    0x88, 0x80, 0x48, 0x02, 0x33, 0x80, 0x23, 0x04, 0x11, 0x82, 0x41, 0x68, 0x44, 0x1C, 0x11, 0x81,
    0x96, 0x99, 0x03, 0xAA, 0x84, 0x9A, 0x27, 0x81, 0x28, 0x71, 0x09, 0x77, 0x87, 0xA7, 0xBA, 0xBB,
    0xDB, 0xDD, 0x9D, 0x97, 0xDD, 0x0A, 0xBB, 0x80, 0xDD, 0x09, 0xBB, 0x80, 0xAA, 0x02, 0x77, 0x81,
    0x88, 0xA9, 0x02, 0xAA, 0x80, 0xBA, 0x02, 0xBB, 0x81, 0xAB, 0xBA, 0x0B, 0xBB, 0x14, 0x88, 0x83,
    0x34, 0x11, 0x32, 0x33, 0x04, 0x11, 0x80, 0x32, 0x04, 0x33, 0x82, 0x12, 0x31, 0x12, 0x02, 0x11,
    0x81, 0x31, 0x84, 0x0B, 0x88, 0x80, 0x48, 0x02, 0x33, 0x80, 0x23, 0x04, 0x11, 0x82, 0x41, 0x68,
    0x44, 0x1C, 0x11, 0x81, 0x96, 0x99, 0x03, 0xAA, 0x84, 0x9A, 0x27, 0x81, 0x28, 0x71, 0x09, 0x77,
    0x87, 0xA7, 0xBA, 0xBB, 0xDB, 0xDD, 0x9D, 0x97, 0xDD, 0x0A, 0xBB, 0x80, 0xDD, 0x09, 0xBB, 0x80,
    0xAA, 0x02, 0x77, 0x81, 0x88, 0xA9, 0x02, 0xAA, 0x80, 0xBA, 0x02, 0xBB, 0x81, 0xAB, 0xBA, 0x0B,
    0xBB, 0x14, 0x88, 0x81, 0x44, 0x22, 0x02, 0x44, 0x04, 0x22, 0x80, 0x42, 0x04, 0x44, 0x82, 0x23,
    0x42, 0x23, 0x02, 0x22, 0x81, 0x42, 0x84, 0x0B, 0x88, 0x80, 0x48, 0x02, 0x44, 0x80, 0x24, 0x04,
    0x22, 0x82, 0x42, 0x68, 0x44, 0x02, 0x11, 0x05, 0x22, 0x15, 0x11, 0x82, 0x96, 0x99, 0xA9, 0x02,
    0xAA, 0x84, 0x9A, 0x27, 0x81, 0x26, 0x61, 0x05, 0x66, 0x80, 0x86, 0x03, 0x77, 0x80, 0xA7, 0x03,
    0xAA, 0x83, 0xCC, 0x9C, 0x97, 0xCD, 0x0A, 0xBB, 0x80, 0xDD, 0x04, 0xBB, 0x02, 0xAA, 0x80, 0xBA,
    0x02, 0xBB, 0x80, 0xAA, 0x03, 0x77, 0x80, 0xA9, 0x02, 0xAA, 0x03, 0xBB, 0x81, 0xAB, 0xBA, 0x0B,
    0xBB, 0x0B, 0x88, 0x80, 0x87, 0x19, 0x88, 0x83, 0x78, 0x88, 0x98, 0x89, 0x13, 0x88, 0x83, 0x68,
    0x44, 0x11, 0x43, 0x02, 0x66, 0x03, 0x88, 0x80, 0x23, 0x14, 0x11, 0x82, 0x21, 0x22, 0x76, 0x03,
    0x99, 0x83, 0x27, 0x41, 0x14, 0x21, 0x05, 0x22, 0x80, 0x62, 0x09, 0x77, 0x80, 0x97, 0x03, 0xAA,
    0x81, 0xBB, 0xAA, 0x0B, 0xBB, 0x81, 0x99, 0x77, 0x03, 0xAA, 0x03, 0x77, 0x80, 0xA9, 0x02, 0xAA,
    0x82, 0xBA, 0xDD, 0xAD, 0x09, 0xAA, 0x80, 0xBA, 0x04, 0xBB, 0x0B, 0x88, 0x80, 0x77, 0x19, 0x88,
    0x83, 0x78, 0x87, 0x98, 0x89, 0x13, 0x88, 0x85, 0x68, 0x44, 0x11, 0x43, 0x77, 0x87, 0x03, 0x88,
    0x80, 0x33, 0x16, 0x11, 0x81, 0x72, 0x97, 0x02, 0x99, 0x82, 0x27, 0x31, 0x13, 0x06, 0x11, 0x80,
    0x61, 0x09, 0x77, 0x80, 0x97, 0x03, 0xAA, 0x81, 0xBB, 0xAA, 0x0B, 0xBB, 0x81, 0x99, 0x67, 0x03,
    0xAA, 0x03, 0x77, 0x80, 0xA9, 0x02, 0xAA, 0x82, 0xBA, 0xDD, 0xAD, 0x09, 0xAA, 0x80, 0xBA, 0x04,
    0xBB, 0x0B, 0x88, 0x80, 0x77, 0x19, 0x88, 0x83, 0x78, 0x87, 0x98, 0x89, 0x13, 0x88, 0x85, 0x68,
    0x44, 0x11, 0x43, 0x77, 0x87, 0x03, 0x88, 0x80, 0x33, 0x16, 0x11, 0x81, 0x72, 0x97, 0x02, 0x99,
    0x82, 0x27, 0x31, 0x13, 0x06, 0x11, 0x80, 0x61, 0x09, 0x77, 0x80, 0x97, 0x03, 0xAA, 0x81, 0xBB,
    0xAA, 0x0B, 0xBB, 0x81, 0x99, 0x67, 0x03, 0xAA, 0x03, 0x77, 0x80, 0xA9, 0x02, 0xAA, 0x82, 0xBA,
    0xDD, 0xAD, 0x09, 0xAA, 0x80, 0xBA, 0x04, 0xBB, 0x0B, 0x88, 0x80, 0x87, 0x19, 0x88, 0x83, 0x78,
    0x87, 0x97, 0x89, 0x14, 0x88, 0x82, 0x44, 0x22, 0x44, 0x05, 0x88, 0x80, 0x44, 0x04, 0x22, 0x12,
    0x11, 0x86, 0x82, 0x97, 0x99, 0x79, 0x26, 0x41, 0x14, 0x06, 0x11, 0x80, 0x61, 0x04, 0x66, 0x82,
    0x86, 0x88, 0x76, 0x02, 0x77, 0x80, 0x97, 0x05, 0xAA, 0x04, 0xBB, 0x02, 0xAA, 0x05, 0xBB, 0x81,
    0x99, 0x67, 0x03, 0xAA, 0x03, 0x77, 0x80, 0xA9, 0x02, 0xAA, 0x82, 0xBB, 0xDD, 0xAC, 0x09, 0xAA,
    0x80, 0xBA, 0x04, 0xBB, 0x0E, 0x88, 0x03, 0xAA, 0x80, 0x99, 0x07, 0x88, 0x81, 0xA9, 0xAA, 0x02,
    0x99, 0x81, 0x79, 0x87, 0x04, 0x77, 0x80, 0x97, 0x02, 0x99, 0x86, 0xA9, 0x79, 0x97, 0xA9, 0x9A,
    0x79, 0x87, 0x06, 0x88, 0x83, 0x78, 0x87, 0x78, 0x87, 0x07, 0x88, 0x80, 0x66, 0x02, 0x88, 0x81,
    0x44, 0x42, 0x02, 0x88, 0x05, 0x66, 0x80, 0x12, 0x11, 0x11, 0x81, 0x21, 0x62, 0x02, 0x66, 0x82,
    0x26, 0x81, 0x26, 0x06, 0x11, 0x80, 0x21, 0x04, 0x33, 0x82, 0x63, 0x68, 0x63, 0x06, 0x77, 0x81,
    0x97, 0x99, 0x03, 0xAA, 0x81, 0xAB, 0x79, 0x02, 0xAA, 0x03, 0xBB, 0x80, 0xDC, 0x02, 0xAA, 0x82,
    0xBA, 0xAA, 0x79, 0x03, 0x77, 0x80, 0xA9, 0x02, 0xAA, 0x80, 0xDB, 0x03, 0xFF, 0x81, 0xAF, 0xFA,
    0x05, 0xFF, 0x80, 0xAF, 0x02, 0xAA, 0x82, 0xBA, 0xBB, 0xAB, 0x0E, 0x88, 0x83, 0xAA, 0xBB, 0xAB,
    0x99, 0x07, 0x88, 0x84, 0xBA, 0xAA, 0xFF, 0x9F, 0x99, 0x03, 0x77, 0x80, 0x97, 0x04, 0x99, 0x86,
    0xB9, 0x7A, 0xF8, 0xCF, 0x9B, 0x99, 0x87, 0x06, 0x88, 0x83, 0x78, 0x89, 0x78, 0x79, 0x0A, 0x88,
    0x81, 0x23, 0x21, 0x04, 0x88, 0x03, 0x77, 0x80, 0x12, 0x14, 0x11, 0x83, 0x62, 0x14, 0x81, 0x28,
    0x0B, 0x11, 0x82, 0x61, 0x48, 0x61, 0x07, 0x77, 0x80, 0x99, 0x03, 0xAA, 0x83, 0xAB, 0x77, 0x99,
    0xAA, 0x03, 0xBB, 0x84, 0xDD, 0xBB, 0xAA, 0xBB, 0xAA, 0x03, 0x77, 0x80, 0x97, 0x03, 0xAA, 0x80,
    0xDB, 0x03, 0xFF, 0x81, 0xAF, 0xFA, 0x05, 0xFF, 0x80, 0xAF, 0x02, 0xAA, 0x82, 0xBA, 0xBB, 0xAB,
    0x0E, 0x88, 0x83, 0xAA, 0xBB, 0xAB, 0x99, 0x07, 0x88, 0x84, 0xBA, 0xAA, 0xFF, 0x9F, 0x99, 0x03,
    0x77, 0x80, 0x97, 0x04, 0x99, 0x86, 0xB9, 0x7A, 0xF8, 0xCF, 0x9B, 0x99, 0x87, 0x06, 0x88, 0x83,
    0x78, 0x89, 0x78, 0x79, 0x0A, 0x88, 0x81, 0x23, 0x21, 0x04, 0x88, 0x03, 0x77, 0x80, 0x12, 0x14,
    0x11, 0x83, 0x62, 0x14, 0x81, 0x28, 0x0B, 0x11, 0x82, 0x61, 0x48, 0x61, 0x07, 0x77, 0x80, 0x99,
    0x03, 0xAA, 0x83, 0xAB, 0x77, 0x99, 0xAA, 0x03, 0xBB, 0x84, 0xDD, 0xBB, 0xAA, 0xBB, 0xAA, 0x03,
    0x77, 0x80, 0x97, 0x03, 0xAA, 0x80, 0xDB, 0x03, 0xFF, 0x81, 0xAF, 0xFA, 0x05, 0xFF, 0x80, 0xAF,
    0x02, 0xAA, 0x82, 0xBA, 0xBB, 0xAB, 0x0E, 0x88, 0x83, 0xAA, 0xBB, 0xAB, 0x99, 0x07, 0x88, 0x84,
    0xBA, 0xAA, 0xFF, 0x9F, 0x99, 0x03, 0x77, 0x80, 0x97, 0x04, 0x99, 0x86, 0xB9, 0x7A, 0xF8, 0xCF,
    0x9B, 0x99, 0x87, 0x06, 0x88, 0x83, 0x78, 0x89, 0x78, 0x79, 0x0A, 0x88, 0x81, 0x23, 0x21, 0x04,
    0x88, 0x03, 0x77, 0x80, 0x12, 0x14, 0x11, 0x83, 0x62, 0x14, 0x81, 0x28, 0x0B, 0x11, 0x82, 0x61,
    0x48, 0x61, 0x07, 0x77, 0x80, 0x99, 0x03, 0xAA, 0x83, 0xAB, 0x77, 0x99, 0xAA, 0x03, 0xBB, 0x84,
    0xDD, 0xBB, 0xAA, 0xBB, 0xAA, 0x03, 0x77, 0x80, 0x97, 0x03, 0xAA, 0x80, 0xDB, 0x03, 0xFF, 0x81,
    0xAF, 0xFA, 0x05, 0xFF, 0x80, 0xAF, 0x02, 0xAA, 0x82, 0xBA, 0xBB, 0xAB, 0x03, 0x88, 0x80, 0x97,
    0x0A, 0xAA, 0x02, 0xBB, 0x81, 0xDD, 0xCC, 0x07, 0xAA, 0x82, 0xBA, 0xBB, 0xCC, 0x0A, 0xAA, 0x84,
    0xBA, 0xAA, 0xCA, 0xDC, 0xCD, 0x0D, 0xAA, 0x81, 0x9A, 0x87, 0x07, 0x88, 0x83, 0x67, 0x66, 0x88,
    0x44, 0x02, 0x88, 0x82, 0x87, 0x88, 0x77, 0x02, 0x66, 0x80, 0x12, 0x12, 0x11, 0x83, 0x21, 0x12,
    0x21, 0x12, 0x0B, 0x11, 0x82, 0x21, 0x22, 0x21, 0x04, 0x33, 0x80, 0x43, 0x05, 0x77, 0x80, 0x66,
    0x02, 0x77, 0x08, 0xAA, 0x02, 0x99, 0x8C, 0x46, 0x77, 0x88, 0x99, 0xAA, 0xFA, 0xBF, 0xDD, 0xFF,
    0x9F, 0x79, 0xA9, 0x9A, 0x03, 0x99, 0x04, 0xFF, 0x80, 0xAF, 0x03, 0xAA, 0x03, 0x88, 0x80, 0x97,
    0x03, 0xAA, 0x09, 0xBB, 0x03, 0xDD, 0x03, 0xBB, 0x03, 0xAA, 0x10, 0xBB, 0x82, 0xDB, 0xDD, 0xBD,
    0x09, 0xBB, 0x84, 0xDB, 0xCD, 0xBB, 0x9B, 0x87, 0x07, 0x88, 0x80, 0x77, 0x02, 0x88, 0x80, 0x34,
    0x02, 0x88, 0x81, 0x87, 0x88, 0x02, 0x77, 0x81, 0x67, 0x13, 0x28, 0x11, 0x80, 0x31, 0x03, 0x77,
    0x82, 0x87, 0x88, 0x43, 0x02, 0x77, 0x08, 0xAA, 0x8D, 0x79, 0x77, 0x36, 0x76, 0x88, 0x99, 0xAA,
    0xFF, 0xBF, 0xDD, 0xFF, 0x9F, 0x69, 0x97, 0x04, 0x99, 0x80, 0xF9, 0x03, 0xFF, 0x80, 0xAF, 0x03,
    0xAA, 0x03, 0x88, 0x80, 0x97, 0x03, 0xAA, 0x09, 0xBB, 0x03, 0xDD, 0x03, 0xBB, 0x03, 0xAA, 0x10,
    0xBB, 0x82, 0xDB, 0xDD, 0xBD, 0x09, 0xBB, 0x84, 0xDB, 0xCD, 0xBB, 0x9B, 0x87, 0x07, 0x88, 0x80,
    0x77, 0x02, 0x88, 0x80, 0x34, 0x02, 0x88, 0x81, 0x87, 0x88, 0x02, 0x77, 0x81, 0x67, 0x13, 0x28,
    0x11, 0x80, 0x31, 0x03, 0x77, 0x82, 0x87, 0x88, 0x43, 0x02, 0x77, 0x08, 0xAA, 0x8D, 0x79, 0x77,
    0x36, 0x76, 0x88, 0x99, 0xAA, 0xFF, 0xBF, 0xDD, 0xFF, 0x9F, 0x69, 0x97, 0x04, 0x99, 0x80, 0xF9,
    0x03, 0xFF, 0x80, 0xAF, 0x03, 0xAA, 0x03, 0x88, 0x80, 0x97, 0x03, 0xAA, 0x09, 0xBB, 0x03, 0xDD,
    0x03, 0xBB, 0x03, 0xAA, 0x10, 0xBB, 0x82, 0xDB, 0xDD, 0xBD, 0x09, 0xBB, 0x84, 0xDB, 0xCD, 0xBB,
    0x9B, 0x87, 0x07, 0x88, 0x80, 0x77, 0x02, 0x88, 0x80, 0x34, 0x02, 0x88, 0x81, 0x87, 0x88, 0x02,
    0x77, 0x81, 0x67, 0x13, 0x28, 0x11, 0x80, 0x31, 0x03, 0x77, 0x82, 0x87, 0x88, 0x43, 0x02, 0x77,
    0x08, 0xAA, 0x8D, 0x79, 0x77, 0x36, 0x76, 0x88, 0x99, 0xAA, 0xFF, 0xBF, 0xDD, 0xFF, 0x9F, 0x69,
    0x97, 0x04, 0x99, 0x80, 0xF9, 0x03, 0xFF, 0x80, 0xAF, 0x03, 0xAA, 0x04, 0x88, 0x04, 0x77, 0x80,
    0xAA, 0x08, 0xBB, 0x05, 0xDD, 0x80, 0xCD, 0x04, 0xBB, 0x03, 0xFF, 0x81, 0xEA, 0x9A, 0x0D, 0x77,
    0x81, 0x97, 0xD9, 0x09, 0xDD, 0x80, 0xAD, 0x05, 0xAA, 0x81, 0x9A, 0x99, 0x05, 0x88, 0x02, 0x22,
    0x04, 0x88, 0x80, 0x87, 0x02, 0x66, 0x80, 0x12, 0x27, 0x11, 0x02, 0x33, 0x83, 0x43, 0x67, 0x32,
    0x43, 0x04, 0x77, 0x80, 0x97, 0x04, 0xAA, 0x02, 0x77, 0x83, 0x36, 0x33, 0x86, 0x97, 0x02, 0xAA,
    0x85, 0xCA, 0xDC, 0xFF, 0x79, 0xF9, 0x69, 0x02, 0x66, 0x81, 0x67, 0x97, 0x04, 0x99, 0x81, 0xF9,
    0xAF, 0x03, 0xAA, 0x08, 0x88, 0x80, 0xA9, 0x08, 0xBB, 0x06, 0xDD, 0x04, 0xBB, 0x03, 0xFF, 0x81,
    0xEA, 0x79, 0x02, 0x88, 0x80, 0x78, 0x09, 0x77, 0x82, 0x87, 0x78, 0xD7, 0x0A, 0xDD, 0x82, 0xCD,
    0xBB, 0xAB, 0x03, 0xAA, 0x80, 0x9E, 0x05, 0x88, 0x02, 0x11, 0x04, 0x88, 0x03, 0x77, 0x80, 0x13,
    0x29, 0x11, 0x83, 0x31, 0x67, 0x11, 0x43, 0x04, 0x77, 0x80, 0x78, 0x03, 0xAA, 0x86, 0x9A, 0x87,
    0x77, 0x13, 0x32, 0x86, 0x99, 0x02, 0xAA, 0x85, 0xBA, 0xDD, 0xFF, 0x69, 0xF7, 0x69, 0x03, 0x66,
    0x80, 0x96, 0x04, 0x99, 0x81, 0xF9, 0xAF, 0x02, 0xAA, 0x80, 0xBA, 0x08, 0x88, 0x80, 0xA9, 0x08,
    0xBB, 0x06, 0xDD, 0x04, 0xBB, 0x03, 0xFF, 0x81, 0xEA, 0x79, 0x02, 0x88, 0x80, 0x78, 0x09, 0x77,
    0x82, 0x87, 0x78, 0xD7, 0x0A, 0xDD, 0x82, 0xCD, 0xBB, 0xAB, 0x03, 0xAA, 0x80, 0x9E, 0x05, 0x88,
    0x02, 0x11, 0x04, 0x88, 0x03, 0x77, 0x80, 0x13, 0x29, 0x11, 0x83, 0x31, 0x67, 0x11, 0x43, 0x04,
    0x77, 0x80, 0x78, 0x03, 0xAA, 0x86, 0x9A, 0x87, 0x77, 0x13, 0x32, 0x86, 0x99, 0x02, 0xAA, 0x85,
    0xBA, 0xDD, 0xFF, 0x69, 0xF7, 0x69, 0x03, 0x66, 0x80, 0x96, 0x04, 0x99, 0x81, 0xF9, 0xAF, 0x02,
    0xAA, 0x80, 0xBA, 0x08, 0x88, 0x80, 0xA9, 0x08, 0xBB, 0x06, 0xDD, 0x04, 0xBB, 0x03, 0xFF, 0x81,
    0xEA, 0x79, 0x02, 0x88, 0x80, 0x78, 0x09, 0x77, 0x82, 0x87, 0x78, 0xD7, 0x0A, 0xDD, 0x82, 0xCD,
    0xBB, 0xAB, 0x03, 0xAA, 0x80, 0x9E, 0x05, 0x88, 0x02, 0x11, 0x04, 0x88, 0x03, 0x77, 0x80, 0x13,
    0x29, 0x11, 0x83, 0x31, 0x67, 0x11, 0x43, 0x04, 0x77, 0x80, 0x78, 0x03, 0xAA, 0x86, 0x9A, 0x87,
    0x77, 0x13, 0x32, 0x86, 0x99, 0x02, 0xAA, 0x85, 0xBA, 0xDD, 0xFF, 0x69, 0xF7, 0x69, 0x03, 0x66,
    0x80, 0x97, 0x04, 0x99, 0x81, 0xF9, 0xAF, 0x02, 0xAA, 0x80, 0xBA, 0x09, 0x88, 0x03, 0x77, 0x81,
    0x99, 0xFF, 0x04, 0xDD, 0x83, 0xED, 0xEE, 0x9A, 0x79, 0x0A, 0x77, 0x02, 0x88, 0x80, 0x78, 0x02,
    0x88, 0x80, 0x78, 0x02, 0x88, 0x02, 0x77, 0x81, 0x87, 0x98, 0x02, 0xAA, 0x80, 0x9A, 0x07, 0x99,
    0x80, 0xCA, 0x06, 0xDD, 0x84, 0xCC, 0xBC, 0xAE, 0x9A, 0x87, 0x03, 0x88, 0x83, 0x46, 0x12, 0x32,
    0x44, 0x02, 0x88, 0x03, 0x77, 0x81, 0x66, 0x12, 0x29, 0x11, 0x82, 0x23, 0x11, 0x21, 0x02, 0x33,
    0x80, 0x43, 0x02, 0x78, 0x02, 0x77, 0x8E, 0x99, 0x77, 0x88, 0x34, 0x22, 0x66, 0x97, 0x99, 0xAA,
    0xBA, 0xDD, 0xFF, 0x9F, 0x99, 0x69, 0x03, 0x66, 0x82, 0x88, 0x68, 0x97, 0x04, 0x99, 0x83, 0x79,
    0x77, 0xA7, 0xAA, 0x0C, 0x88, 0x81, 0x97, 0xFF, 0x04, 0xDD, 0x82, 0xED, 0xEE, 0x79, 0x0E, 0x77,
    0x02, 0x88, 0x80, 0x78, 0x02, 0x88, 0x02, 0x77, 0x84, 0x87, 0xA8, 0xBB, 0xDB, 0x9D, 0x07, 0x99,
    0x80, 0xA9, 0x08, 0xDD, 0x82, 0xBB, 0xAB, 0x77, 0x04, 0x88, 0x84, 0x12, 0x11, 0x33, 0x88, 0x78,
    0x04, 0x77, 0x80, 0x13, 0x2E, 0x11, 0x81, 0x21, 0x76, 0x03, 0x77, 0x80, 0x97, 0x02, 0x88, 0x82,
    0x12, 0x32, 0x86, 0x02, 0x99, 0x88, 0xAA, 0xBA, 0xDD, 0xFF, 0x9F, 0xFF, 0x59, 0x66, 0x86, 0x02,
    0x88, 0x81, 0x68, 0x96, 0x03, 0x99, 0x84, 0x79, 0x87, 0x78, 0x97, 0xA9, 0x0C, 0x88, 0x81, 0x97,
    0xFF, 0x04, 0xDD, 0x82, 0xED, 0xEE, 0x79, 0x0E, 0x77, 0x02, 0x88, 0x80, 0x78, 0x02, 0x88, 0x02,
    0x77, 0x84, 0x87, 0xA8, 0xBB, 0xDB, 0x9D, 0x07, 0x99, 0x80, 0xA9, 0x08, 0xDD, 0x82, 0xBB, 0xAB,
    0x77, 0x04, 0x88, 0x84, 0x12, 0x11, 0x33, 0x88, 0x78, 0x04, 0x77, 0x80, 0x13, 0x2E, 0x11, 0x81,
    0x21, 0x76, 0x03, 0x77, 0x80, 0x97, 0x02, 0x88, 0x82, 0x12, 0x32, 0x86, 0x02, 0x99, 0x88, 0xAA,
    0xBA, 0xDD, 0xFF, 0x9F, 0xFF, 0x59, 0x66, 0x86, 0x02, 0x88, 0x81, 0x68, 0x96, 0x03, 0x99, 0x84,
    0x79, 0x87, 0x78, 0x97, 0xA9, 0x0C, 0x88, 0x81, 0x97, 0xFF, 0x04, 0xDD, 0x82, 0xED, 0xEE, 0x79,
    0x0E, 0x77, 0x02, 0x88, 0x80, 0x78, 0x02, 0x88, 0x02, 0x77, 0x84, 0x87, 0xA8, 0xBB, 0xDB, 0x9D,
    0x07, 0x99, 0x80, 0xA9, 0x08, 0xDD, 0x82, 0xBB, 0xAB, 0x77, 0x04, 0x88, 0x84, 0x12, 0x11, 0x33,
    0x88, 0x78, 0x04, 0x77, 0x80, 0x13, 0x2E, 0x11, 0x81, 0x21, 0x76, 0x03, 0x77, 0x80, 0x97, 0x02,
    0x88, 0x82, 0x12, 0x32, 0x86, 0x02, 0x99, 0x88, 0xAA, 0xBA, 0xDD, 0xFF, 0x9F, 0xFF, 0x59, 0x66,
    0x86, 0x02, 0x88, 0x81, 0x68, 0x96, 0x03, 0x99, 0x85, 0x79, 0x87, 0x78, 0x97, 0xA9, 0x86, 0x0C,
    0x88, 0x05, 0x77, 0x82, 0x99, 0x77, 0x87, 0x07, 0x77, 0x81, 0x16, 0x21, 0x03, 0x22, 0x80, 0x12,
    0x06, 0x11, 0x84, 0x21, 0x76, 0x77, 0xA9, 0x9A, 0x0D, 0x99, 0x80, 0xA7, 0x05, 0xDD, 0x81, 0xCD,
    0xAA, 0x03, 0x99, 0x81, 0x88, 0x46, 0x02, 0x22, 0x80, 0x44, 0x02, 0x88, 0x80, 0x78, 0x02, 0x77,
    0x80, 0x13, 0x2F, 0x11, 0x80, 0x43, 0x03, 0x44, 0x81, 0x66, 0x86, 0x02, 0x44, 0x81, 0x66, 0x88,
    0x02, 0x77, 0x88, 0xF9, 0xEA, 0xFA, 0x9F, 0x99, 0x79, 0x97, 0x79, 0x67, 0x03, 0x66, 0x80, 0x76,
    0x02, 0x77, 0x86, 0x97, 0x99, 0x69, 0x96, 0xA9, 0xAA, 0x64, 0x11, 0x88, 0x0A, 0x77, 0x80, 0x02,
    0x0C, 0x00, 0x80, 0x71, 0x03, 0x99, 0x80, 0x79, 0x05, 0x77, 0x80, 0x97, 0x05, 0x99, 0x81, 0x79,
    0x98, 0x07, 0xDD, 0x03, 0xBB, 0x02, 0x88, 0x82, 0x33, 0x11, 0x21, 0x02, 0x88, 0x80, 0x78, 0x02,
    0x77, 0x80, 0x13, 0x34, 0x11, 0x8F, 0x76, 0x13, 0x84, 0x88, 0x78, 0x77, 0x88, 0xF9, 0xEA, 0xFA,
    0x9F, 0x99, 0x67, 0x97, 0x99, 0x69, 0x06, 0x66, 0x86, 0x96, 0x99, 0x69, 0x96, 0xB9, 0xAB, 0x64,
    0x11, 0x88, 0x0A, 0x77, 0x80, 0x02, 0x0C, 0x00, 0x80, 0x71, 0x03, 0x99, 0x80, 0x79, 0x05, 0x77,
    0x80, 0x97, 0x05, 0x99, 0x81, 0x79, 0x98, 0x07, 0xDD, 0x03, 0xBB, 0x02, 0x88, 0x82, 0x33, 0x11,
    0x21, 0x02, 0x88, 0x80, 0x78, 0x02, 0x77, 0x80, 0x13, 0x34, 0x11, 0x8F, 0x76, 0x13, 0x84, 0x88,
    0x78, 0x77, 0x88, 0xF9, 0xEA, 0xFA, 0x9F, 0x99, 0x67, 0x97, 0x99, 0x69, 0x06, 0x66, 0x86, 0x96,
    0x99, 0x69, 0x96, 0xB9, 0xAB, 0x64, 0x11, 0x88, 0x0A, 0x77, 0x80, 0x02, 0x0C, 0x00, 0x80, 0x71,
    0x03, 0x99, 0x80, 0x79, 0x05, 0x77, 0x80, 0x97, 0x05, 0x99, 0x81, 0x79, 0x98, 0x07, 0xDD, 0x03,
    0xBB, 0x02, 0x88, 0x82, 0x33, 0x11, 0x21, 0x02, 0x88, 0x80, 0x78, 0x02, 0x77, 0x80, 0x13, 0x34,
    0x11, 0x8F, 0x76, 0x13, 0x84, 0x88, 0x78, 0x77, 0x88, 0xF9, 0xEA, 0xFA, 0x9F, 0x99, 0x67, 0x97,
    0x99, 0x69, 0x06, 0x66, 0x86, 0x96, 0x99, 0x69, 0x96, 0xB9, 0xAB, 0x43, 0x11, 0x88, 0x05, 0x77,
    0x81, 0x36, 0x33, 0x03, 0x22, 0x80, 0x01, 0x0B, 0x00, 0x84, 0x20, 0x76, 0x97, 0x99, 0x79, 0x05,
    0x77, 0x80, 0x97, 0x04, 0x99, 0x86, 0x97, 0x99, 0x79, 0x97, 0xFF, 0xF9, 0xCA, 0x03, 0xDD, 0x80,
    0xCC, 0x03, 0xBB, 0x02, 0x88, 0x80, 0x44, 0x02, 0x11, 0x82, 0x44, 0x88, 0x78, 0x02, 0x77, 0x81,
    0x66, 0x12, 0x32, 0x11, 0x84, 0x22, 0x77, 0x12, 0x44, 0x88, 0x02, 0x77, 0x86, 0x99, 0xFA, 0xEC,
    0xFC, 0xAF, 0x99, 0x77, 0x02, 0x99, 0x82, 0x79, 0x77, 0x67, 0x04, 0x66, 0x86, 0x76, 0x77, 0x97,
    0x99, 0xAF, 0xAA, 0x41, 0x0C, 0x88, 0x80, 0x77, 0x04, 0x88, 0x05, 0x77, 0x80, 0x01, 0x10, 0x00,
    0x83, 0x60, 0x66, 0x96, 0x79, 0x06, 0x77, 0x86, 0x97, 0x9A, 0xA5, 0xAA, 0x79, 0x77, 0x97, 0x04,
    0x99, 0x80, 0xA9, 0x03, 0xDD, 0x04, 0xBB, 0x03, 0x88, 0x80, 0x12, 0x02, 0x11, 0x81, 0x88, 0x78,
    0x03, 0x77, 0x80, 0x13, 0x32, 0x11, 0x84, 0x32, 0x97, 0x12, 0x11, 0x86, 0x02, 0x99, 0x80, 0xBA,
    0x04, 0xDD, 0x80, 0x79, 0x05, 0x99, 0x84, 0x69, 0x56, 0x46, 0x86, 0x68, 0x02, 0x66, 0x84, 0x96,
    0xF9, 0x9F, 0xF9, 0x41, 0x0C, 0x88, 0x80, 0x77, 0x04, 0x88, 0x05, 0x77, 0x80, 0x01, 0x10, 0x00,
    0x83, 0x60, 0x66, 0x96, 0x79, 0x06, 0x77, 0x86, 0x97, 0x9A, 0xA5, 0xAA, 0x79, 0x77, 0x97, 0x04,
    0x99, 0x80, 0xA9, 0x03, 0xDD, 0x04, 0xBB, 0x03, 0x88, 0x80, 0x12, 0x02, 0x11, 0x81, 0x88, 0x78,
    0x03, 0x77, 0x80, 0x13, 0x32, 0x11, 0x84, 0x32, 0x97, 0x12, 0x11, 0x86, 0x02, 0x99, 0x80, 0xBA,
    0x04, 0xDD, 0x80, 0x79, 0x05, 0x99, 0x84, 0x69, 0x56, 0x46, 0x86, 0x68, 0x02, 0x66, 0x84, 0x96,
    0xF9, 0x9F, 0xF9, 0x41, 0x0C, 0x88, 0x80, 0x77, 0x04, 0x88, 0x05, 0x77, 0x80, 0x01, 0x10, 0x00,
    0x83, 0x60, 0x66, 0x96, 0x79, 0x06, 0x77, 0x86, 0x97, 0x9A, 0xA5, 0xAA, 0x79, 0x77, 0x97, 0x04,
    0x99, 0x80, 0xA9, 0x03, 0xDD, 0x04, 0xBB, 0x03, 0x88, 0x80, 0x12, 0x02, 0x11, 0x81, 0x88, 0x78,
    0x03, 0x77, 0x80, 0x13, 0x32, 0x11, 0x84, 0x32, 0x97, 0x12, 0x11, 0x86, 0x02, 0x99, 0x80, 0xBA,
    0x04, 0xDD, 0x80, 0x79, 0x05, 0x99, 0x84, 0x69, 0x56, 0x46, 0x86, 0x68, 0x02, 0x66, 0x85, 0x96,
    0xF9, 0x9F, 0xF9, 0x21, 0x64, 0x11, 0x88, 0x83, 0x66, 0x34, 0x33, 0x22, 0x11, 0x00, 0x82, 0x10,
    0x55, 0x96, 0x06, 0x77, 0x85, 0x97, 0x99, 0x79, 0x96, 0xAA, 0x9A, 0x02, 0x77, 0x80, 0x97, 0x04,
    0x99, 0x80, 0xFF, 0x02, 0xDD, 0x80, 0xCC, 0x03, 0xBB, 0x02, 0x99, 0x81, 0x88, 0x12, 0x02, 0x11,
    0x82, 0x44, 0x86, 0x78, 0x02, 0x77, 0x80, 0x13, 0x30, 0x11, 0x82, 0x44, 0x11, 0x22, 0x03, 0x66,
    0x80, 0x97, 0x02, 0x99, 0x04, 0xAA, 0x84, 0xDC, 0x89, 0x97, 0x79, 0x97, 0x02, 0x99, 0x80, 0x79,
    0x02, 0x77, 0x80, 0x67, 0x02, 0x66, 0x86, 0x76, 0xF7, 0xFF, 0xAF, 0xFA, 0x11, 0x41, 0x11, 0x88,
    0x81, 0x34, 0x01, 0x14, 0x00, 0x81, 0x50, 0x75, 0x06, 0x77, 0x02, 0x95, 0x84, 0x7F, 0x57, 0xA5,
    0xAA, 0x65, 0x03, 0x77, 0x80, 0x97, 0x03, 0x99, 0x03, 0xDD, 0x04, 0xBB, 0x82, 0xAA, 0x88, 0x12,
    0x02, 0x11, 0x82, 0x21, 0x86, 0x78, 0x02, 0x77, 0x80, 0x13, 0x2F, 0x11, 0x81, 0x21, 0x88, 0x03,
    0x11, 0x09, 0x99, 0x85, 0xDA, 0x89, 0x78, 0x77, 0x88, 0x97, 0x04, 0x99, 0x80, 0x69, 0x02, 0x66,
    0x86, 0x97, 0xF9, 0xFF, 0xAF, 0xBA, 0x11, 0x41, 0x11, 0x88, 0x81, 0x34, 0x01, 0x14, 0x00, 0x81,
    0x50, 0x75, 0x05, 0x77, 0x87, 0x67, 0x55, 0x95, 0x7F, 0x57, 0xA5, 0x5A, 0x65, 0x03, 0x77, 0x80,
    0x97, 0x03, 0x99, 0x03, 0xDD, 0x04, 0xBB, 0x82, 0xAA, 0x88, 0x12, 0x02, 0x11, 0x82, 0x21, 0x86,
    0x78, 0x02, 0x77, 0x80, 0x13, 0x2F, 0x11, 0x81, 0x21, 0x88, 0x03, 0x11, 0x09, 0x99, 0x85, 0xDA,
    0x89, 0x78, 0x77, 0x88, 0x97, 0x04, 0x99, 0x80, 0x69, 0x02, 0x66, 0x86, 0x97, 0xF9, 0xFF, 0xAF,
    0xBA, 0x11, 0x41, 0x11, 0x88, 0x81, 0x34, 0x01, 0x14, 0x00, 0x81, 0x50, 0x75, 0x05, 0x77, 0x87,
    0x67, 0x55, 0x95, 0x7F, 0x57, 0xA5, 0x5A, 0x65, 0x03, 0x77, 0x80, 0x97, 0x03, 0x99, 0x03, 0xDD,
    0x04, 0xBB, 0x82, 0xAA, 0x88, 0x12, 0x02, 0x11, 0x82, 0x21, 0x86, 0x78, 0x02, 0x77, 0x80, 0x13,
    0x2F, 0x11, 0x81, 0x21, 0x88, 0x03, 0x11, 0x09, 0x99, 0x85, 0xDA, 0x89, 0x78, 0x77, 0x88, 0x97,
    0x04, 0x99, 0x80, 0x69, 0x02, 0x66, 0x87, 0x96, 0xF9, 0xFF, 0xAF, 0xBA, 0x11, 0x31, 0x64, 0x0E,
    0x88, 0x83, 0x77, 0x88, 0x46, 0x01, 0x12, 0x00, 0x83, 0x50, 0x55, 0x65, 0x76, 0x05, 0x77, 0x84,
    0x67, 0x96, 0xAA, 0x9F, 0x99, 0x02, 0xAA, 0x80, 0x75, 0x03, 0x77, 0x80, 0x97, 0x03, 0x99, 0x85,
    0xCD, 0xAA, 0xDD, 0xBB, 0xEE, 0xBB, 0x02, 0x99, 0x80, 0x77, 0x02, 0x66, 0x86, 0x22, 0x11, 0x64,
    0x78, 0x77, 0x88, 0x13, 0x30, 0x11, 0x80, 0x44, 0x03, 0x11, 0x80, 0x76, 0x08, 0x77, 0x80, 0x99,
    0x02, 0x66, 0x82, 0x76, 0x88, 0x97, 0x04, 0x99, 0x87, 0x69, 0x76, 0x97, 0xA9, 0xFA, 0xFF, 0xBF,
    0xFB, 0x02, 0x11, 0x80, 0x41, 0x0A, 0x88, 0x80, 0x78, 0x02, 0x77, 0x02, 0x99, 0x02, 0x88, 0x80,
    0x01, 0x12, 0x00, 0x81, 0x71, 0x97, 0x06, 0x77, 0x88, 0x57, 0x65, 0xA6, 0xBA, 0xDB, 0xAD, 0xAA,
    0x5A, 0x65, 0x04, 0x77, 0x80, 0x97, 0x02, 0x99, 0x85, 0xAD, 0x78, 0xDD, 0xEB, 0xEE, 0xBB, 0x02,
    0x88, 0x80, 0xEE, 0x02, 0x99, 0x80, 0x34, 0x02, 0x11, 0x83, 0x76, 0x77, 0x88, 0x12, 0x40, 0x11,
    0x80, 0x74, 0x04, 0x77, 0x89, 0x97, 0x99, 0x69, 0xA7, 0xDA, 0xDD, 0xAD, 0xBA, 0xDB, 0xFC, 0x02,
    0x11, 0x80, 0x41, 0x0A, 0x88, 0x80, 0x78, 0x02, 0x77, 0x02, 0x99, 0x02, 0x88, 0x80, 0x01, 0x12,
    0x00, 0x81, 0x71, 0x97, 0x06, 0x77, 0x88, 0x57, 0x65, 0xA6, 0xBA, 0xDB, 0xAD, 0xAA, 0x5A, 0x55,
    0x04, 0x77, 0x80, 0x97, 0x02, 0x99, 0x85, 0xAD, 0x78, 0xDD, 0xEB, 0xEE, 0xBB, 0x02, 0x88, 0x80,
    0xEE, 0x02, 0x99, 0x80, 0x34, 0x02, 0x11, 0x83, 0x76, 0x77, 0x88, 0x12, 0x40, 0x11, 0x80, 0x74,
    0x04, 0x77, 0x89, 0x97, 0x99, 0x69, 0xA7, 0xDA, 0xDD, 0xAD, 0xBA, 0xDB, 0xFC, 0x02, 0x11, 0x80,
    0x41, 0x0A, 0x88, 0x80, 0x78, 0x02, 0x77, 0x02, 0x99, 0x02, 0x88, 0x80, 0x01, 0x12, 0x00, 0x81,
    0x71, 0x97, 0x06, 0x77, 0x88, 0x57, 0x65, 0xA6, 0xBA, 0xDB, 0xAD, 0xAA, 0x5A, 0x65, 0x04, 0x77,
    0x80, 0x97, 0x02, 0x99, 0x85, 0xAD, 0x78, 0xDD, 0xEB, 0xEE, 0xBB, 0x02, 0x88, 0x80, 0xEE, 0x02,
    0x99, 0x80, 0x34, 0x02, 0x11, 0x83, 0x76, 0x77, 0x88, 0x12, 0x40, 0x11, 0x80, 0x74, 0x04, 0x77,
    0x89, 0x97, 0x99, 0x69, 0xA7, 0xDA, 0xDD, 0xAD, 0xBA, 0xDB, 0xFC, 0x02, 0x11, 0x81, 0x41, 0x84,
    0x0A, 0x88, 0x81, 0x87, 0x88, 0x02, 0x99, 0x02, 0x88, 0x80, 0x01, 0x11, 0x00, 0x82, 0x10, 0x75,
    0x79, 0x06, 0x77, 0x84, 0x57, 0x65, 0xA7, 0xBA, 0xAB, 0x02, 0xAA, 0x81, 0x5A, 0x65, 0x04, 0x77,
    0x80, 0x97, 0x02, 0x99, 0x85, 0xAD, 0x78, 0xCF, 0xBB, 0xEE, 0xCC, 0x02, 0x88, 0x02, 0x99, 0x81,
    0x79, 0x23, 0x02, 0x11, 0x83, 0x66, 0x78, 0x88, 0x12, 0x40, 0x11, 0x80, 0x63, 0x03, 0x66, 0x8A,
    0x76, 0x97, 0x99, 0x69, 0xA7, 0xDA, 0xCD, 0xAC, 0xBA, 0xFC, 0xFF, 0x03, 0x11, 0x80, 0x41, 0x0A,
    0x88, 0x86, 0x87, 0x88, 0x97, 0xFF, 0x77, 0x88, 0x01, 0x11, 0x00, 0x82, 0x71, 0x97, 0x79, 0x05,
    0x77, 0x85, 0x97, 0xA9, 0x9A, 0xFF, 0xAB, 0x9A, 0x02, 0x55, 0x80, 0x65, 0x08, 0x77, 0x85, 0xAB,
    0x77, 0xFF, 0xBB, 0xCB, 0xFF, 0x02, 0x88, 0x07, 0x11, 0x82, 0x76, 0x88, 0x12, 0x44, 0x11, 0x81,
    0x82, 0x78, 0x02, 0x77, 0x86, 0xA7, 0xBE, 0x9A, 0xA9, 0xDA, 0xFD, 0x7F, 0x03, 0x11, 0x80, 0x41,
    0x0A, 0x88, 0x86, 0x87, 0x88, 0x97, 0xFF, 0x77, 0x88, 0x01, 0x11, 0x00, 0x82, 0x71, 0x97, 0x79,
    0x05, 0x77, 0x85, 0x97, 0xA9, 0x9A, 0xFF, 0xAB, 0x9A, 0x02, 0x55, 0x80, 0x65, 0x08, 0x77, 0x85,
    0xAB, 0x77, 0xFF, 0xBB, 0xCB, 0xFF, 0x02, 0x88, 0x07, 0x11, 0x82, 0x76, 0x88, 0x12, 0x44, 0x11,
    0x81, 0x82, 0x78, 0x02, 0x77, 0x86, 0xA7, 0xBE, 0x9A, 0xA9, 0xDA, 0xFD, 0x7F, 0x03, 0x11, 0x80,
    0x41, 0x0A, 0x88, 0x86, 0x87, 0x88, 0x97, 0xFF, 0x77, 0x88, 0x01, 0x11, 0x00, 0x82, 0x71, 0x97,
    0x79, 0x05, 0x77, 0x85, 0x97, 0xA9, 0x9A, 0xFF, 0xAB, 0x9A, 0x02, 0x55, 0x80, 0x65, 0x08, 0x77,
    0x85, 0xAB, 0x77, 0xFF, 0xBB, 0xCB, 0xFF, 0x02, 0x88, 0x07, 0x11, 0x82, 0x76, 0x88, 0x12, 0x44,
    0x11, 0x81, 0x82, 0x78, 0x02, 0x77, 0x86, 0xA7, 0xBE, 0x9A, 0xA9, 0xDA, 0xFD, 0x7F, 0x03, 0x11,
    0x81, 0x41, 0x84, 0x0B, 0x88, 0x84, 0x77, 0xF9, 0x77, 0x68, 0x12, 0x11, 0x00, 0x82, 0x71, 0x97,
    0x79, 0x05, 0x77, 0x85, 0x57, 0xA5, 0x9A, 0xA9, 0xAA, 0x9A, 0x02, 0x55, 0x80, 0x75, 0x07, 0x77,
    0x86, 0x97, 0xAB, 0x77, 0x99, 0xBB, 0xAB, 0x99, 0x02, 0x88, 0x07, 0x11, 0x82, 0x66, 0x88, 0x12,
    0x44, 0x11, 0x80, 0x62, 0x02, 0x66, 0x87, 0x76, 0x97, 0xA9, 0x9A, 0xB9, 0xFB, 0x9F, 0x79, 0x04,
    0x11, 0x80, 0x41, 0x0A, 0x88, 0x81, 0x78, 0x77, 0x02, 0x99, 0x82, 0x36, 0x86, 0x01, 0x10, 0x00,
    0x82, 0x91, 0x99, 0x79, 0x05, 0x77, 0x80, 0x57, 0x02, 0x55, 0x85, 0x95, 0x59, 0x55, 0xAA, 0x9A,
    0x79, 0x06, 0x77, 0x89, 0x97, 0xFF, 0xAD, 0x87, 0x78, 0xBB, 0xAA, 0x88, 0x99, 0x88, 0x08, 0x11,
    0x81, 0x86, 0x12, 0x47, 0x11, 0x80, 0x73, 0x03, 0x77, 0x83, 0xD7, 0xFD, 0x7F, 0x77, 0x04, 0x11,
    0x80, 0x41, 0x0A, 0x88, 0x81, 0x78, 0x77, 0x02, 0x99, 0x82, 0x36, 0x86, 0x01, 0x10, 0x00, 0x82,
    0x91, 0x99, 0x79, 0x05, 0x77, 0x88, 0x57, 0x55, 0x5A, 0x95, 0x59, 0x55, 0xAA, 0x9A, 0x79, 0x06,
    0x77, 0x89, 0x97, 0xFF, 0xAD, 0x87, 0x78, 0xBB, 0xAA, 0x88, 0x99, 0x88, 0x08, 0x11, 0x81, 0x86,
    0x12, 0x47, 0x11, 0x80, 0x73, 0x03, 0x77, 0x83, 0xD7, 0xFD, 0x7F, 0x77, 0x04, 0x11, 0x80, 0x41,
    0x0A, 0x88, 0x81, 0x78, 0x77, 0x02, 0x99, 0x82, 0x36, 0x86, 0x01, 0x10, 0x00, 0x82, 0x91, 0x99,
    0x79, 0x05, 0x77, 0x88, 0x57, 0x55, 0x5A, 0x95, 0x59, 0x55, 0xAA, 0x9A, 0x79, 0x06, 0x77, 0x89,
    0x97, 0xFF, 0xAD, 0x87, 0x78, 0xBB, 0xAA, 0x88, 0x99, 0x88, 0x08, 0x11, 0x81, 0x86, 0x12, 0x47,
    0x11, 0x80, 0x73, 0x03, 0x77, 0x83, 0xD7, 0xFD, 0x7F, 0x77, 0x04, 0x11, 0x82, 0x31, 0x66, 0x64,
    0x08, 0x88, 0x02, 0x77, 0x02, 0x99, 0x02, 0x66, 0x80, 0x12, 0x0F, 0x00, 0x89, 0x11, 0x96, 0x99,
    0x79, 0x77, 0x76, 0x77, 0x67, 0x66, 0x56, 0x02, 0x55, 0x81, 0x75, 0x59, 0x02, 0x55, 0x81, 0x95,
    0x79, 0x06, 0x77, 0x89, 0x97, 0x9F, 0x9A, 0x87, 0x78, 0xBB, 0x9A, 0x88, 0x77, 0x66, 0x08, 0x11,
    0x81, 0x64, 0x12, 0x47, 0x11, 0x80, 0x62, 0x03, 0x66, 0x83, 0xA6, 0x9A, 0x89, 0x77, 0x06, 0x11,
    0x80, 0x21, 0x08, 0x88, 0x80, 0xF9, 0x04, 0x99, 0x82, 0x36, 0x76, 0x01, 0x0E, 0x00, 0x87, 0x71,
    0x97, 0x99, 0x79, 0x57, 0x75, 0x77, 0x57, 0x06, 0x55, 0x81, 0xAA, 0x7A, 0x09, 0x77, 0x81, 0x99,
    0x31, 0x02, 0x77, 0x81, 0xAB, 0x99, 0x02, 0x88, 0x80, 0x12, 0x55, 0x11, 0x83, 0x71, 0x48, 0x83,
    0xA7, 0x06, 0x11, 0x80, 0x21, 0x08, 0x88, 0x80, 0xF9, 0x04, 0x99, 0x82, 0x36, 0x76, 0x01, 0x0E,
    0x00, 0x87, 0x71, 0x97, 0x99, 0x79, 0x57, 0x75, 0x77, 0x57, 0x05, 0x55, 0x02, 0xA5, 0x80, 0x7A,
    0x09, 0x77, 0x81, 0x99, 0x31, 0x02, 0x77, 0x81, 0xAB, 0x99, 0x02, 0x88, 0x80, 0x12, 0x55, 0x11,
    0x83, 0x71, 0x48, 0x83, 0xA7, 0x06, 0x11, 0x80, 0x21, 0x08, 0x88, 0x80, 0xF9, 0x04, 0x99, 0x82,
    0x36, 0x76, 0x01, 0x0E, 0x00, 0x87, 0x71, 0x97, 0x99, 0x79, 0x57, 0x75, 0x77, 0x57, 0x05, 0x55,
    0x82, 0xA5, 0xAA, 0x7A, 0x09, 0x77, 0x81, 0x99, 0x31, 0x02, 0x77, 0x81, 0xAB, 0x99, 0x02, 0x88,
    0x80, 0x12, 0x55, 0x11, 0x83, 0x71, 0x48, 0x83, 0xA7, 0x06, 0x11, 0x81, 0x21, 0x64, 0x07, 0x88,
    0x05, 0x99, 0x02, 0x66, 0x80, 0x11, 0x0E, 0x00, 0x87, 0x71, 0x97, 0x99, 0x79, 0x57, 0x75, 0x67,
    0x56, 0x07, 0x55, 0x80, 0x75, 0x09, 0x77, 0x85, 0x79, 0x21, 0x66, 0x77, 0xAC, 0x99, 0x02, 0x88,
    0x80, 0x12, 0x55, 0x11, 0x83, 0x61, 0x46, 0x84, 0x97, 0x07, 0x11, 0x80, 0x42, 0x08, 0x88, 0x80,
    0x78, 0x04, 0x99, 0x81, 0x46, 0x11, 0x0E, 0x00, 0x84, 0x71, 0x97, 0x79, 0x77, 0x56, 0x04, 0x55,
    0x82, 0x65, 0x76, 0x67, 0x02, 0x66, 0x81, 0x67, 0x76, 0x08, 0x77, 0x86, 0x99, 0x67, 0x10, 0x21,
    0x77, 0xFF, 0x99, 0x02, 0x88, 0x80, 0x12, 0x55, 0x11, 0x83, 0x21, 0x62, 0x88, 0x77, 0x07, 0x11,
    0x80, 0x21, 0x09, 0x88, 0x04, 0x99, 0x82, 0x36, 0x11, 0x01, 0x0D, 0x00, 0x84, 0x71, 0x97, 0x79,
    0x77, 0x56, 0x04, 0x55, 0x80, 0x75, 0x0E, 0x77, 0x86, 0x99, 0x68, 0x00, 0x10, 0x77, 0xFF, 0x99,
    0x02, 0x88, 0x80, 0x12, 0x56, 0x11, 0x82, 0x82, 0x78, 0x77, 0x07, 0x11, 0x80, 0x21, 0x09, 0x88,
    0x04, 0x99, 0x82, 0x36, 0x11, 0x01, 0x0D, 0x00, 0x84, 0x71, 0x97, 0x79, 0x77, 0x56, 0x04, 0x55,
    0x80, 0x75, 0x0E, 0x77, 0x86, 0x99, 0x68, 0x00, 0x10, 0x77, 0xFF, 0x99, 0x02, 0x88, 0x80, 0x12,
    0x56, 0x11, 0x82, 0x82, 0x78, 0x77, 0x07, 0x11, 0x80, 0x21, 0x09, 0x88, 0x04, 0x99, 0x82, 0x46,
    0x12, 0x11, 0x0D, 0x00, 0x84, 0x71, 0x97, 0x79, 0x77, 0x56, 0x04, 0x55, 0x82, 0x65, 0x66, 0x67,
    0x03, 0x66, 0x80, 0x76, 0x08, 0x77, 0x89, 0x79, 0x68, 0x00, 0x10, 0x78, 0xFF, 0x99, 0x88, 0x68,
    0x12, 0x39, 0x11, 0x0C, 0x22, 0x11, 0x11, 0x80, 0x62, 0x02, 0x88, 0x08, 0x11, 0x80, 0x42, 0x09,
    0x88, 0x04, 0x99, 0x81, 0x12, 0x66, 0x0D, 0x00, 0x84, 0x71, 0x97, 0x79, 0x77, 0x57, 0x0A, 0x55,
    0x80, 0x65, 0x06, 0x77, 0x86, 0x78, 0x99, 0x67, 0x11, 0x00, 0x10, 0x78, 0x02, 0x99, 0x81, 0x88,
    0x22, 0x33, 0x11, 0x80, 0x00, 0x06, 0x11, 0x80, 0x88, 0x04, 0x66, 0x07, 0x88, 0x80, 0x14, 0x10,
    0x11, 0x82, 0x21, 0x82, 0x88, 0x08, 0x11, 0x80, 0x31, 0x09, 0x88, 0x04, 0x99, 0x82, 0x16, 0x86,
    0x01, 0x0C, 0x00, 0x84, 0x71, 0x97, 0x79, 0x77, 0x57, 0x0A, 0x55, 0x80, 0x65, 0x06, 0x77, 0x82,
    0x78, 0x99, 0x67, 0x02, 0x00, 0x81, 0x10, 0x88, 0x02, 0x99, 0x80, 0x88, 0x34, 0x11, 0x80, 0x00,
    0x06, 0x11, 0x05, 0x77, 0x07, 0x88, 0x80, 0x14, 0x11, 0x11, 0x81, 0x81, 0x88, 0x08, 0x11, 0x80,
    0x31, 0x09, 0x88, 0x04, 0x99, 0x82, 0x16, 0x86, 0x01, 0x0C, 0x00, 0x84, 0x71, 0x97, 0x79, 0x77,
    0x57, 0x0A, 0x55, 0x80, 0x65, 0x06, 0x77, 0x82, 0x78, 0x99, 0x67, 0x02, 0x00, 0x81, 0x10, 0x88,
    0x02, 0x99, 0x80, 0x88, 0x34, 0x11, 0x80, 0x00, 0x06, 0x11, 0x05, 0x77, 0x07, 0x88, 0x80, 0x14,
    0x11, 0x11, 0x81, 0x81, 0x88, 0x08, 0x11, 0x80, 0x21, 0x09, 0x88, 0x04, 0x99, 0x82, 0x26, 0x86,
    0x01, 0x0C, 0x00, 0x84, 0x71, 0x97, 0x79, 0x77, 0x57, 0x0A, 0x55, 0x80, 0x65, 0x06, 0x77, 0x82,
    0x78, 0x79, 0x67, 0x02, 0x00, 0x81, 0x10, 0x88, 0x02, 0x99, 0x80, 0x88, 0x34, 0x11, 0x80, 0x00,
    0x04, 0x11, 0x02, 0x22, 0x02, 0x77, 0x81, 0x88, 0x78, 0x08, 0x88, 0x84, 0x14, 0x11, 0x21, 0x22,
    0x12, 0x0D, 0x11, 0x81, 0x81, 0x88, 0x09, 0x11, 0x81, 0x22, 0x42, 0x09, 0x88, 0x80, 0xF9, 0x02,
    0x99, 0x81, 0x87, 0x12, 0x0C, 0x00, 0x84, 0x61, 0x97, 0x99, 0x79, 0x56, 0x0A, 0x55, 0x80, 0x65,
    0x05, 0x77, 0x82, 0x79, 0x69, 0x01, 0x03, 0x00, 0x84, 0x10, 0x78, 0x77, 0x99, 0x88, 0x32, 0x11,
    0x80, 0x10, 0x06, 0x11, 0x02, 0x66, 0x02, 0x77, 0x81, 0x88, 0x78, 0x02, 0x88, 0x80, 0x24, 0x05,
    0x44, 0x85, 0x34, 0x33, 0x86, 0x88, 0x46, 0x13, 0x0C, 0x11, 0x81, 0x21, 0x62, 0x0A, 0x11, 0x80,
    0x21, 0x09, 0x88, 0x80, 0xF9, 0x02, 0x99, 0x81, 0x77, 0x12, 0x0C, 0x00, 0x84, 0x61, 0x96, 0x99,
    0x79, 0x56, 0x0A, 0x55, 0x80, 0x65, 0x05, 0x77, 0x81, 0x99, 0x69, 0x04, 0x00, 0x80, 0x10, 0x02,
    0x77, 0x81, 0x99, 0x88, 0x32, 0x11, 0x80, 0x10, 0x06, 0x11, 0x04, 0x77, 0x85, 0x88, 0x78, 0x88,
    0x78, 0x13, 0x32, 0x06, 0x33, 0x83, 0x76, 0x88, 0x46, 0x14, 0x0D, 0x11, 0x80, 0x62, 0x0A, 0x11,
    0x80, 0x21, 0x09, 0x88, 0x80, 0xF9, 0x02, 0x99, 0x81, 0x77, 0x12, 0x0C, 0x00, 0x84, 0x61, 0x96,
    0x99, 0x79, 0x56, 0x0A, 0x55, 0x80, 0x65, 0x05, 0x77, 0x81, 0x99, 0x69, 0x04, 0x00, 0x80, 0x10,
    0x02, 0x77, 0x81, 0x99, 0x88, 0x32, 0x11, 0x80, 0x10, 0x06, 0x11, 0x04, 0x77, 0x85, 0x88, 0x78,
    0x88, 0x78, 0x13, 0x32, 0x06, 0x33, 0x83, 0x76, 0x88, 0x46, 0x14, 0x0D, 0x11, 0x80, 0x62, 0x0A,
    0x11, 0x80, 0x21, 0x09, 0x88, 0x80, 0xF9, 0x02, 0x99, 0x81, 0x77, 0x24, 0x0C, 0x00, 0x84, 0x61,
    0x96, 0x99, 0x79, 0x56, 0x0A, 0x55, 0x82, 0x65, 0x67, 0x68, 0x02, 0x66, 0x02, 0x77, 0x80, 0x67,
    0x04, 0x00, 0x80, 0x10, 0x02, 0x77, 0x81, 0x99, 0x88, 0x32, 0x11, 0x80, 0x10, 0x04, 0x11, 0x02,
    0x22, 0x03, 0x77, 0x82, 0x66, 0x88, 0x66, 0x02, 0x88, 0x81, 0x24, 0x43, 0x06, 0x44, 0x84, 0x86,
    0x88, 0x46, 0x24, 0x12, 0x0A, 0x11, 0x82, 0x21, 0x22, 0x72, 0x0B, 0x11, 0x81, 0x22, 0x42, 0x07,
    0x88, 0x86, 0x78, 0x77, 0xF9, 0x99, 0x77, 0x12, 0x11, 0x0A, 0x00, 0x85, 0x11, 0x92, 0x99, 0x79,
    0x77, 0x57, 0x0B, 0x55, 0x85, 0x26, 0x11, 0x21, 0x66, 0x67, 0x01, 0x04, 0x00, 0x80, 0x10, 0x02,
    0x77, 0x81, 0x88, 0x24, 0x30, 0x11, 0x80, 0x00, 0x04, 0x11, 0x81, 0x21, 0x64, 0x02, 0x66, 0x02,
    0x77, 0x87, 0x87, 0x34, 0x32, 0x33, 0x22, 0x86, 0x66, 0x86, 0x09, 0x88, 0x82, 0x68, 0x24, 0x12,
    0x09, 0x11, 0x82, 0x62, 0xA8, 0xAA, 0x0C, 0x11, 0x80, 0x21, 0x08, 0x88, 0x81, 0x78, 0xF9, 0x02,
    0x99, 0x81, 0x12, 0x11, 0x0B, 0x00, 0x84, 0x91, 0x99, 0x79, 0x77, 0x57, 0x0B, 0x55, 0x84, 0x13,
    0x00, 0x10, 0x65, 0x56, 0x05, 0x00, 0x80, 0x10, 0x02, 0x77, 0x81, 0x68, 0x12, 0x30, 0x11, 0x80,
    0x00, 0x04, 0x11, 0x81, 0x21, 0x66, 0x04, 0x77, 0x81, 0x67, 0x12, 0x03, 0x11, 0x80, 0x86, 0x0C,
    0x88, 0x81, 0x38, 0x12, 0x09, 0x11, 0x82, 0x82, 0xB8, 0xDB, 0x0C, 0x11, 0x80, 0x21, 0x08, 0x88,
    0x81, 0x78, 0xF9, 0x02, 0x99, 0x81, 0x12, 0x11, 0x0B, 0x00, 0x84, 0x91, 0x99, 0x79, 0x77, 0x57,
    0x0B, 0x55, 0x84, 0x13, 0x00, 0x10, 0x65, 0x57, 0x05, 0x00, 0x80, 0x10, 0x02, 0x77, 0x81, 0x68,
    0x12, 0x30, 0x11, 0x80, 0x00, 0x04, 0x11, 0x81, 0x21, 0x66, 0x04, 0x77, 0x81, 0x67, 0x12, 0x03,
    0x11, 0x80, 0x86, 0x0C, 0x88, 0x81, 0x38, 0x12, 0x09, 0x11, 0x82, 0x82, 0xB8, 0xDB, 0x0C, 0x11,
    0x80, 0x21, 0x08, 0x88, 0x81, 0x78, 0xF9, 0x02, 0x99, 0x81, 0x12, 0x11, 0x0B, 0x00, 0x84, 0x91,
    0x99, 0x79, 0x77, 0x57, 0x0B, 0x55, 0x84, 0x13, 0x00, 0x10, 0x65, 0x57, 0x05, 0x00, 0x80, 0x10,
    0x02, 0x77, 0x81, 0x68, 0x12, 0x30, 0x11, 0x80, 0x00, 0x04, 0x11, 0x81, 0x21, 0x66, 0x04, 0x77,
    0x81, 0x67, 0x12, 0x03, 0x11, 0x80, 0x86, 0x0C, 0x88, 0x81, 0x38, 0x12, 0x09, 0x11, 0x82, 0x82,
    0xB8, 0xDB, 0x0D, 0x11, 0x81, 0x22, 0x42, 0x07, 0x88, 0x04, 0x99, 0x83, 0x67, 0x12, 0x62, 0x01,
    0x08, 0x00, 0x85, 0x11, 0x96, 0x99, 0x79, 0x67, 0x56, 0x08, 0x55, 0x81, 0x12, 0x01, 0x0A, 0x00,
    0x84, 0x10, 0x78, 0x79, 0x68, 0x12, 0x2E, 0x11, 0x80, 0x10, 0x05, 0x11, 0x82, 0x21, 0x66, 0x88,
    0x02, 0x77, 0x80, 0x44, 0x02, 0x33, 0x04, 0x66, 0x0E, 0x88, 0x02, 0x66, 0x80, 0x14, 0x06, 0x11,
    0x83, 0xA1, 0xAA, 0xDA, 0xDD, 0x0E, 0x11, 0x80, 0x21, 0x07, 0x88, 0x80, 0x97, 0x03, 0x99, 0x83,
    0x77, 0x14, 0x84, 0x02, 0x09, 0x00, 0x84, 0x71, 0x99, 0x79, 0x77, 0x56, 0x07, 0x55, 0x82, 0x35,
    0x26, 0x01, 0x0A, 0x00, 0x84, 0x10, 0x78, 0x99, 0x68, 0x12, 0x2D, 0x11, 0x81, 0x01, 0x00, 0x05,
    0x11, 0x80, 0x31, 0x04, 0x77, 0x82, 0x33, 0x11, 0x21, 0x14, 0x88, 0x80, 0x16, 0x06, 0x11, 0x81,
    0xB1, 0xDB, 0x02, 0xDD, 0x0E, 0x11, 0x80, 0x21, 0x07, 0x88, 0x80, 0x97, 0x03, 0x99, 0x83, 0x77,
    0x14, 0x84, 0x02, 0x09, 0x00, 0x84, 0x71, 0x99, 0x79, 0x77, 0x56, 0x07, 0x55, 0x82, 0x35, 0x26,
    0x01, 0x0A, 0x00, 0x84, 0x10, 0x78, 0x99, 0x68, 0x12, 0x2D, 0x11, 0x81, 0x01, 0x00, 0x05, 0x11,
    0x80, 0x31, 0x04, 0x77, 0x82, 0x33, 0x11, 0x21, 0x14, 0x88, 0x80, 0x16, 0x06, 0x11, 0x81, 0xB1,
    0xDB, 0x02, 0xDD, 0x0E, 0x11, 0x80, 0x21, 0x07, 0x88, 0x80, 0x97, 0x03, 0x99, 0x83, 0x77, 0x14,
    0x84, 0x02, 0x09, 0x00, 0x84, 0x71, 0x99, 0x79, 0x77, 0x56, 0x07, 0x55, 0x82, 0x35, 0x26, 0x01,
    0x0A, 0x00, 0x84, 0x10, 0x78, 0x99, 0x68, 0x12, 0x2D, 0x11, 0x81, 0x01, 0x00, 0x05, 0x11, 0x80,
    0x31, 0x04, 0x77, 0x82, 0x33, 0x11, 0x21, 0x14, 0x88, 0x80, 0x16, 0x06, 0x11, 0x81, 0xB1, 0xDB,
    0x02, 0xDD, 0x0F, 0x11, 0x80, 0x22, 0x02, 0x44, 0x06, 0x88, 0x80, 0x97, 0x03, 0x99, 0x82, 0x77,
    0x16, 0x01, 0x08, 0x00, 0x81, 0x10, 0x91, 0x02, 0x99, 0x80, 0x69, 0x09, 0x66, 0x80, 0x02, 0x0A,
    0x00, 0x83, 0x10, 0x78, 0x99, 0x22, 0x2E, 0x11, 0x80, 0x00, 0x05, 0x11, 0x82, 0x21, 0x66, 0x67,
    0x03, 0x33, 0x03, 0x66, 0x05, 0x88, 0x80, 0xA9, 0x0B, 0xAA, 0x8A, 0x79, 0x99, 0x79, 0x47, 0x66,
    0x24, 0x12, 0x11, 0x71, 0x97, 0xDA, 0x03, 0xDD, 0x10, 0x11, 0x81, 0x43, 0x44, 0x06, 0x88, 0x80,
    0x97, 0x03, 0x99, 0x82, 0x79, 0x16, 0x01, 0x09, 0x00, 0x80, 0x90, 0x02, 0x99, 0x81, 0x89, 0x78,
    0x05, 0x77, 0x83, 0x87, 0x68, 0x66, 0x16, 0x0A, 0x00, 0x82, 0x10, 0x78, 0x99, 0x2E, 0x11, 0x81,
    0x01, 0x00, 0x05, 0x11, 0x82, 0x21, 0x88, 0x67, 0x03, 0x11, 0x08, 0x88, 0x80, 0xAA, 0x03, 0xBB,
    0x03, 0xAA, 0x80, 0xBA, 0x04, 0xAA, 0x8A, 0x9A, 0xE9, 0x7A, 0x87, 0x88, 0x38, 0x12, 0x11, 0x91,
    0xA9, 0xDB, 0x03, 0xDD, 0x10, 0x11, 0x81, 0x43, 0x44, 0x06, 0x88, 0x80, 0x97, 0x03, 0x99, 0x82,
    0x79, 0x16, 0x01, 0x09, 0x00, 0x80, 0x90, 0x02, 0x99, 0x81, 0x89, 0x78, 0x05, 0x77, 0x83, 0x87,
    0x68, 0x66, 0x16, 0x0A, 0x00, 0x82, 0x10, 0x78, 0x99, 0x2E, 0x11, 0x81, 0x01, 0x00, 0x05, 0x11,
    0x82, 0x21, 0x88, 0x67, 0x03, 0x11, 0x08, 0x88, 0x80, 0xAA, 0x03, 0xBB, 0x03, 0xAA, 0x80, 0xBA,
    0x04, 0xAA, 0x8A, 0x9A, 0xE9, 0x7A, 0x87, 0x88, 0x38, 0x12, 0x11, 0x91, 0xA9, 0xDB, 0x03, 0xDD,
    0x10, 0x11, 0x81, 0x43, 0x44, 0x06, 0x88, 0x80, 0x97, 0x03, 0x99, 0x82, 0x79, 0x16, 0x01, 0x09,
    0x00, 0x80, 0x90, 0x02, 0x99, 0x81, 0x89, 0x78, 0x05, 0x77, 0x83, 0x87, 0x68, 0x66, 0x16, 0x0A,
    0x00, 0x82, 0x10, 0x78, 0x99, 0x2E, 0x11, 0x81, 0x01, 0x00, 0x05, 0x11, 0x82, 0x21, 0x88, 0x67,
    0x03, 0x11, 0x08, 0x88, 0x80, 0xAA, 0x03, 0xBB, 0x03, 0xAA, 0x80, 0xBA, 0x04, 0xAA, 0x8A, 0x9A,
    0xE9, 0x7A, 0x87, 0x88, 0x38, 0x12, 0x11, 0x91, 0xA9, 0xDB, 0x03, 0xDD, 0x10, 0x11, 0x80, 0x21,
    0x03, 0x44, 0x05, 0x88, 0x02, 0x77, 0x03, 0x99, 0x84, 0x67, 0x12, 0x11, 0x62, 0x04, 0x05, 0x00,
    0x82, 0x10, 0x11, 0x91, 0x06, 0x99, 0x82, 0x79, 0x77, 0x17, 0x0B, 0x00, 0x81, 0x10, 0x66, 0x02,
    0x99, 0x2D, 0x11, 0x02, 0x00, 0x07, 0x11, 0x82, 0x32, 0x23, 0x21, 0x02, 0x66, 0x04, 0x88, 0x80,
    0x99, 0x03, 0xAA, 0x80, 0xCB, 0x03, 0xDD, 0x80, 0xCD, 0x02, 0xCC, 0x81, 0xDD, 0xCD, 0x03, 0xCC,
    0x81, 0xAB, 0xEA, 0x02, 0xAA, 0x85, 0x89, 0x88, 0x66, 0x96, 0xAA, 0xEA, 0x02, 0xDD, 0x81, 0xFD,
    0xFF, 0x11, 0x11, 0x03, 0x33, 0x06, 0x88, 0x80, 0x78, 0x03, 0x99, 0x84, 0x89, 0x16, 0x11, 0x84,
    0x06, 0x07, 0x00, 0x80, 0x90, 0x07, 0x99, 0x81, 0x79, 0x17, 0x0B, 0x00, 0x81, 0x10, 0x78, 0x02,
    0x99, 0x2C, 0x11, 0x80, 0x01, 0x02, 0x00, 0x09, 0x11, 0x80, 0x21, 0x06, 0x88, 0x82, 0xEE, 0xBE,
    0xBB, 0x0D, 0xDD, 0x84, 0xBD, 0xBB, 0xAB, 0xBA, 0x8A, 0x02, 0x88, 0x80, 0xC7, 0x04, 0xDD, 0x81,
    0xFD, 0xFF, 0x11, 0x11, 0x03, 0x33, 0x06, 0x88, 0x80, 0x78, 0x03, 0x99, 0x84, 0x89, 0x16, 0x11,
    0x84, 0x06, 0x07, 0x00, 0x80, 0x90, 0x07, 0x99, 0x81, 0x79, 0x17, 0x0B, 0x00, 0x81, 0x10, 0x78,
    0x02, 0x99, 0x2C, 0x11, 0x80, 0x01, 0x02, 0x00, 0x09, 0x11, 0x80, 0x21, 0x06, 0x88, 0x82, 0xEE,
    0xBE, 0xBB, 0x0D, 0xDD, 0x84, 0xBD, 0xBB, 0xAB, 0xBA, 0x8A, 0x02, 0x88, 0x80, 0xC7, 0x04, 0xDD,
    0x81, 0xFD, 0xFF, 0x11, 0x11, 0x03, 0x33, 0x06, 0x88, 0x80, 0x78, 0x03, 0x99, 0x84, 0x89, 0x16,
    0x11, 0x84, 0x06, 0x07, 0x00, 0x80, 0x90, 0x07, 0x99, 0x81, 0x79, 0x17, 0x0B, 0x00, 0x81, 0x10,
    0x78, 0x02, 0x99, 0x2C, 0x11, 0x80, 0x01, 0x02, 0x00, 0x09, 0x11, 0x80, 0x21, 0x06, 0x88, 0x82,
    0xEE, 0xBE, 0xBB, 0x0D, 0xDD, 0x84, 0xBD, 0xBB, 0xAB, 0xBA, 0x8A, 0x02, 0x88, 0x80, 0xC7, 0x04,
    0xDD, 0x81, 0xFD, 0xFF, 0x05, 0x11, 0x81, 0x22, 0x11, 0x04, 0x22, 0x80, 0x11, 0x05, 0x22, 0x03,
    0x33, 0x03, 0x44, 0x04, 0x88, 0x80, 0x78, 0x02, 0x77, 0x84, 0x88, 0x48, 0x76, 0x66, 0x14, 0x02,
    0x11, 0x80, 0x01, 0x04, 0x00, 0x80, 0x50, 0x08, 0x55, 0x80, 0x01, 0x0A, 0x00, 0x02, 0x11, 0x80,
    0x44, 0x03, 0x66, 0x2B, 0x11, 0x02, 0x00, 0x08, 0x11, 0x82, 0x21, 0x66, 0x44, 0x03, 0x88, 0x03,
    0x99, 0x80, 0xAE, 0x09, 0x99, 0x81, 0xDF, 0x9A, 0x02, 0x99, 0x80, 0xDA, 0x03, 0xDD, 0x85, 0xBC,
    0xBB, 0x9A, 0x99, 0x79, 0xC9, 0x02, 0xDD, 0x83, 0xFD, 0x9F, 0xF9, 0xFF, 0x04, 0x11, 0x82, 0x21,
    0x23, 0x11, 0x03, 0x33, 0x81, 0x23, 0x11, 0x0B, 0x33, 0x09, 0x88, 0x85, 0x97, 0x67, 0x14, 0x11,
    0x31, 0x01, 0x18, 0x00, 0x03, 0x11, 0x83, 0x21, 0x64, 0x67, 0x12, 0x29, 0x11, 0x80, 0x01, 0x02,
    0x00, 0x08, 0x11, 0x80, 0x21, 0x05, 0x88, 0x02, 0xAA, 0x83, 0xBB, 0xAD, 0x77, 0x97, 0x07, 0x99,
    0x81, 0xD9, 0x79, 0x02, 0x77, 0x80, 0xD9, 0x03, 0xDD, 0x80, 0xBD, 0x03, 0xBB, 0x81, 0x9A, 0xC9,
    0x02, 0xDD, 0x83, 0xFD, 0x9F, 0xF7, 0xAF, 0x04, 0x11, 0x82, 0x21, 0x23, 0x11, 0x03, 0x33, 0x81,
    0x23, 0x11, 0x0B, 0x33, 0x09, 0x88, 0x85, 0x97, 0x67, 0x14, 0x11, 0x31, 0x01, 0x18, 0x00, 0x03,
    0x11, 0x83, 0x21, 0x64, 0x67, 0x12, 0x29, 0x11, 0x80, 0x01, 0x02, 0x00, 0x08, 0x11, 0x80, 0x21,
    0x05, 0x88, 0x02, 0xAA, 0x83, 0xBB, 0xAD, 0x77, 0x97, 0x07, 0x99, 0x81, 0xD9, 0x79, 0x02, 0x77,
    0x80, 0xD9, 0x03, 0xDD, 0x80, 0xBD, 0x03, 0xBB, 0x81, 0x9A, 0xC9, 0x02, 0xDD, 0x83, 0xFD, 0x9F,
    0xF7, 0xAF, 0x04, 0x11, 0x82, 0x21, 0x23, 0x11, 0x03, 0x33, 0x81, 0x23, 0x11, 0x0B, 0x33, 0x09,
    0x88, 0x85, 0x97, 0x67, 0x14, 0x11, 0x31, 0x01, 0x18, 0x00, 0x03, 0x11, 0x83, 0x21, 0x64, 0x67,
    0x12, 0x29, 0x11, 0x80, 0x01, 0x02, 0x00, 0x08, 0x11, 0x80, 0x21, 0x05, 0x88, 0x02, 0xAA, 0x83,
    0xBB, 0xAD, 0x77, 0x97, 0x07, 0x99, 0x81, 0xD9, 0x79, 0x02, 0x77, 0x80, 0xD9, 0x03, 0xDD, 0x80,
    0xBD, 0x03, 0xBB, 0x81, 0x9A, 0xC9, 0x02, 0xDD, 0x83, 0xFD, 0x9F, 0xF7, 0xAF, 0x05, 0x22, 0x81,
    0x33, 0x22, 0x04, 0x33, 0x80, 0x22, 0x0B, 0x33, 0x04, 0x44, 0x05, 0x88, 0x81, 0x78, 0x67, 0x03,
    0x66, 0x85, 0x04, 0x00, 0x10, 0x01, 0x11, 0x02, 0x12, 0x00, 0x80, 0x10, 0x04, 0x11, 0x82, 0x43,
    0x66, 0x22, 0x29, 0x11, 0x02, 0x00, 0x80, 0x10, 0x07, 0x11, 0x81, 0x21, 0x44, 0x02, 0x88, 0x82,
    0x77, 0x99, 0x77, 0x04, 0x99, 0x80, 0x67, 0x08, 0x99, 0x81, 0xA9, 0x99, 0x02, 0x77, 0x81, 0x97,
    0xDA, 0x02, 0xDD, 0x80, 0xCD, 0x03, 0xCC, 0x87, 0x9A, 0xA9, 0xDA, 0xDD, 0xFD, 0x9F, 0xF9, 0xFF,
    0x1B, 0x33, 0x80, 0x84, 0x05, 0x88, 0x84, 0x78, 0x97, 0x99, 0x89, 0x18, 0x03, 0x11, 0x81, 0x82,
    0x08, 0x0E, 0x00, 0x80, 0x10, 0x0A, 0x11, 0x80, 0x33, 0x28, 0x11, 0x80, 0x01, 0x02, 0x00, 0x80,
    0x10, 0x07, 0x11, 0x80, 0x21, 0x03, 0x88, 0x81, 0x99, 0xFF, 0x05, 0x99, 0x81, 0x57, 0xA9, 0x02,
    0xAA, 0x04, 0x77, 0x83, 0x99, 0x79, 0xF9, 0x79, 0x02, 0x77, 0x80, 0xD9, 0x06, 0xDD, 0x82, 0x7A,
    0x97, 0xD9, 0x02, 0xDD, 0x80, 0xFD, 0x02, 0xFF, 0x1B, 0x33, 0x80, 0x84, 0x05, 0x88, 0x84, 0x78,
    0x97, 0x99, 0x89, 0x18, 0x03, 0x11, 0x81, 0x82, 0x08, 0x0E, 0x00, 0x80, 0x10, 0x0A, 0x11, 0x80,
    0x33, 0x28, 0x11, 0x80, 0x01, 0x02, 0x00, 0x80, 0x10, 0x07, 0x11, 0x80, 0x21, 0x03, 0x88, 0x81,
    0x99, 0xFF, 0x05, 0x99, 0x81, 0x57, 0xA9, 0x02, 0xAA, 0x04, 0x77, 0x83, 0x99, 0x79, 0xF9, 0x79,
    0x02, 0x77, 0x80, 0xD9, 0x06, 0xDD, 0x82, 0x7A, 0x97, 0xD9, 0x02, 0xDD, 0x80, 0xFD, 0x02, 0xFF,
    0x1B, 0x33, 0x80, 0x84, 0x05, 0x88, 0x84, 0x78, 0x97, 0x99, 0x89, 0x18, 0x03, 0x11, 0x81, 0x82,
    0x08, 0x0E, 0x00, 0x80, 0x10, 0x0A, 0x11, 0x80, 0x33, 0x28, 0x11, 0x80, 0x01, 0x02, 0x00, 0x80,
    0x10, 0x07, 0x11, 0x80, 0x21, 0x03, 0x88, 0x81, 0x99, 0xFF, 0x05, 0x99, 0x81, 0x57, 0xA9, 0x02,
    0xAA, 0x04, 0x77, 0x83, 0x99, 0x79, 0xF9, 0x79, 0x02, 0x77, 0x80, 0xD9, 0x06, 0xDD, 0x82, 0x7A,
    0x97, 0xD9, 0x02, 0xDD, 0x80, 0xFD, 0x02, 0xFF, 0x1B, 0x33, 0x06, 0x44, 0x8C, 0x86, 0x78, 0x77,
    0x87, 0x48, 0x44, 0x64, 0x66, 0x86, 0x08, 0x00, 0x10, 0x01, 0x05, 0x00, 0x81, 0x10, 0x01, 0x02,
    0x00, 0x83, 0x10, 0x11, 0x21, 0x24, 0x09, 0x11, 0x80, 0x22, 0x28, 0x11, 0x81, 0x01, 0x00, 0x07,
    0x11, 0x83, 0x21, 0x44, 0x64, 0x77, 0x02, 0x88, 0x81, 0x97, 0xFF, 0x03, 0x77, 0x82, 0x67, 0x99,
    0x55, 0x03, 0xAA, 0x06, 0x77, 0x85, 0xF9, 0x89, 0x88, 0x78, 0xA7, 0xDA, 0x04, 0xDD, 0x83, 0xCD,
    0x9A, 0xA9, 0xDA, 0x02, 0xDD, 0x80, 0xFD, 0x02, 0xFF, 0x21, 0x33, 0x80, 0x84, 0x05, 0x88, 0x83,
    0x78, 0x97, 0x89, 0x18, 0x0E, 0x11, 0x81, 0x41, 0x46, 0x32, 0x11, 0x82, 0x01, 0x10, 0x23, 0x06,
    0x11, 0x80, 0x21, 0x02, 0x88, 0x84, 0x99, 0x77, 0x88, 0x78, 0xFF, 0x03, 0x77, 0x82, 0x66, 0x55,
    0xA5, 0x02, 0xAA, 0x81, 0x55, 0x66, 0x05, 0x77, 0x85, 0xF9, 0x89, 0x88, 0x78, 0x77, 0xD9, 0x04,
    0xDD, 0x80, 0xBD, 0x02, 0xBB, 0x80, 0xDB, 0x02, 0xDD, 0x80, 0xFC, 0x02, 0xFF, 0x21, 0x33, 0x80,
    0x84, 0x05, 0x88, 0x83, 0x78, 0x97, 0x89, 0x18, 0x0E, 0x11, 0x81, 0x41, 0x46, 0x32, 0x11, 0x82,
    0x01, 0x10, 0x23, 0x06, 0x11, 0x80, 0x21, 0x02, 0x88, 0x84, 0x99, 0x77, 0x88, 0x78, 0xFF, 0x03,
    0x77, 0x82, 0x66, 0x55, 0xA5, 0x02, 0xAA, 0x81, 0x55, 0x65, 0x05, 0x77, 0x85, 0xF9, 0x89, 0x88,
    0x78, 0x77, 0xD9, 0x04, 0xDD, 0x80, 0xBD, 0x02, 0xBB, 0x80, 0xDB, 0x02, 0xDD, 0x80, 0xFC, 0x02,
    0xFF, 0x21, 0x33, 0x80, 0x84, 0x05, 0x88, 0x83, 0x78, 0x97, 0x89, 0x18, 0x0E, 0x11, 0x81, 0x41,
    0x46, 0x32, 0x11, 0x82, 0x01, 0x10, 0x23, 0x06, 0x11, 0x80, 0x21, 0x02, 0x88, 0x84, 0x99, 0x77,
    0x88, 0x78, 0xFF, 0x03, 0x77, 0x80, 0x66, 0x02, 0x55, 0x83, 0xA5, 0xAA, 0x55, 0x65, 0x05, 0x77,
    0x85, 0xF9, 0x89, 0x88, 0x78, 0x77, 0xD9, 0x04, 0xDD, 0x80, 0xBD, 0x02, 0xBB, 0x80, 0xDB, 0x02,
    0xDD, 0x80, 0xFC, 0x02, 0xFF, 0x21, 0x33, 0x03, 0x44, 0x88, 0x64, 0x46, 0x44, 0x66, 0x76, 0x66,
    0x16, 0x41, 0x14, 0x0C, 0x11, 0x81, 0x21, 0x24, 0x32, 0x11, 0x82, 0x01, 0x10, 0x12, 0x06, 0x11,
    0x80, 0x44, 0x02, 0x88, 0x84, 0x67, 0x66, 0x88, 0x78, 0x99, 0x02, 0x77, 0x02, 0x66, 0x84, 0x96,
    0xAA, 0x55, 0xA5, 0xAA, 0x06, 0x77, 0x82, 0x99, 0x47, 0x86, 0x02, 0x78, 0x80, 0xD9, 0x04, 0xDD,
    0x80, 0xCD, 0x02, 0xBB, 0x85, 0xDB, 0xAD, 0xAA, 0xFA, 0x9F, 0xF9, 0x23, 0x33, 0x81, 0x12, 0x31,
    0x04, 0x33, 0x83, 0x12, 0x11, 0x82, 0x18, 0x3F, 0x11, 0x82, 0x01, 0x00, 0x10, 0x06, 0x11, 0x87,
    0x21, 0x88, 0x77, 0x68, 0x11, 0x00, 0x66, 0x99, 0x03, 0x77, 0x02, 0x55, 0x85, 0x99, 0xFF, 0x5A,
    0x55, 0xAA, 0x99, 0x05, 0x77, 0x88, 0x97, 0x06, 0x83, 0x78, 0x88, 0xD7, 0xDD, 0xBD, 0xDC, 0x02,
    0xDD, 0x87, 0xBD, 0xBB, 0xDB, 0x7A, 0x98, 0x99, 0x79, 0x97, 0x23, 0x33, 0x81, 0x12, 0x31, 0x04,
    0x33, 0x83, 0x12, 0x11, 0x82, 0x18, 0x3F, 0x11, 0x82, 0x01, 0x00, 0x10, 0x06, 0x11, 0x87, 0x21,
    0x88, 0x77, 0x68, 0x11, 0x00, 0x66, 0x99, 0x03, 0x77, 0x02, 0x55, 0x85, 0x99, 0xFF, 0x5A, 0x55,
    0xAA, 0x99, 0x05, 0x77, 0x88, 0x97, 0x06, 0x83, 0x78, 0x88, 0xD7, 0xDD, 0xBD, 0xDC, 0x02, 0xDD,
    0x87, 0xBD, 0xBB, 0xDB, 0x7A, 0x98, 0x99, 0x79, 0x97, 0x23, 0x33, 0x81, 0x12, 0x31, 0x04, 0x33,
    0x83, 0x12, 0x11, 0x82, 0x18, 0x3F, 0x11, 0x82, 0x01, 0x00, 0x10, 0x06, 0x11, 0x87, 0x21, 0x88,
    0x77, 0x68, 0x11, 0x00, 0x66, 0x99, 0x03, 0x77, 0x02, 0x55, 0x85, 0x99, 0xFF, 0x5A, 0x55, 0xAA,
    0x99, 0x05, 0x77, 0x88, 0x97, 0x06, 0x83, 0x78, 0x88, 0xD7, 0xDD, 0xBD, 0xDC, 0x02, 0xDD, 0x87,
    0xBD, 0xBB, 0xDB, 0x7A, 0x98, 0x99, 0x79, 0x97, 0x23, 0x33, 0x81, 0x13, 0x32, 0x02, 0x33, 0x85,
    0x44, 0x24, 0x12, 0x11, 0x62, 0x16, 0x03, 0x11, 0x81, 0x21, 0x12, 0x3A, 0x11, 0x81, 0x01, 0x00,
    0x06, 0x11, 0x87, 0x21, 0x42, 0x88, 0x66, 0x44, 0x01, 0x00, 0x63, 0x04, 0x77, 0x02, 0x55, 0x82,
    0x99, 0xFF, 0x5A, 0x02, 0x55, 0x07, 0x77, 0x91, 0x05, 0x62, 0x86, 0x88, 0xF7, 0xDC, 0xBD, 0xCC,
    0xDC, 0xDD, 0xBD, 0xBB, 0xDB, 0x9C, 0x97, 0x99, 0x79, 0x99, 0x27, 0x33, 0x81, 0x84, 0x18, 0x07,
    0x11, 0x81, 0x41, 0x24, 0x3A, 0x11, 0x82, 0x00, 0x40, 0x48, 0x05, 0x11, 0x82, 0x41, 0x77, 0x68,
    0x05, 0x00, 0x80, 0x66, 0x02, 0x77, 0x82, 0x99, 0x55, 0x99, 0x02, 0xFF, 0x83, 0x5A, 0xA5, 0x55,
    0x76, 0x04, 0x77, 0x81, 0x99, 0x06, 0x02, 0x00, 0x86, 0x83, 0x78, 0xF9, 0xDF, 0xBD, 0x9A, 0xDA,
    0x07, 0xDD, 0x81, 0xFD, 0xFF, 0x27, 0x33, 0x81, 0x84, 0x18, 0x07, 0x11, 0x81, 0x41, 0x24, 0x3A,
    0x11, 0x82, 0x00, 0x40, 0x48, 0x05, 0x11, 0x82, 0x41, 0x77, 0x68, 0x05, 0x00, 0x80, 0x66, 0x02,
    0x77, 0x82, 0x99, 0x55, 0x99, 0x02, 0xFF, 0x80, 0x5A, 0x02, 0x55, 0x80, 0x76, 0x04, 0x77, 0x81,
    0x99, 0x06, 0x02, 0x00, 0x86, 0x83, 0x78, 0xF9, 0xDF, 0xBD, 0x9A, 0xDA, 0x07, 0xDD, 0x81, 0xFD,
    0xFF, 0x27, 0x33, 0x81, 0x84, 0x18, 0x07, 0x11, 0x81, 0x41, 0x24, 0x3A, 0x11, 0x82, 0x00, 0x40,
    0x48, 0x05, 0x11, 0x82, 0x41, 0x77, 0x68, 0x05, 0x00, 0x80, 0x66, 0x02, 0x77, 0x82, 0x99, 0x55,
    0x99, 0x02, 0xFF, 0x83, 0x5A, 0xAA, 0x55, 0x76, 0x04, 0x77, 0x81, 0x99, 0x06, 0x02, 0x00, 0x86,
    0x83, 0x78, 0xF9, 0xDF, 0xBD, 0x9A, 0xDA, 0x07, 0xDD, 0x82, 0xFD, 0xFF, 0x43, 0x04, 0x44, 0x22,
    0x33, 0x81, 0x64, 0x18, 0x07, 0x11, 0x81, 0x31, 0x24, 0x39, 0x11, 0x83, 0x01, 0x00, 0x40, 0x36,
    0x03, 0x11, 0x84, 0x21, 0x22, 0x42, 0x66, 0x34, 0x03, 0x00, 0x02, 0x11, 0x80, 0x66, 0x03, 0x77,
    0x81, 0x55, 0x99, 0x02, 0xAA, 0x80, 0x5A, 0x02, 0x55, 0x80, 0x76, 0x04, 0x77, 0x81, 0x99, 0x06,
    0x02, 0x00, 0x83, 0x83, 0x97, 0xF9, 0xAF, 0x02, 0xAA, 0x80, 0xDA, 0x07, 0xDD, 0x82, 0xFD, 0xFF,
    0x43, 0x04, 0x44, 0x23, 0x33, 0x80, 0x13, 0x42, 0x11, 0x82, 0x01, 0x00, 0x10, 0x04, 0x11, 0x82,
    0x41, 0x88, 0x48, 0x04, 0x00, 0x80, 0x10, 0x04, 0x77, 0x80, 0x67, 0x07, 0x55, 0x80, 0x76, 0x05,
    0x77, 0x81, 0x99, 0x06, 0x02, 0x00, 0x87, 0x83, 0xF7, 0x9F, 0x99, 0x87, 0xB7, 0xBB, 0xDC, 0x06,
    0xDD, 0x82, 0xFD, 0xFF, 0x43, 0x04, 0x44, 0x23, 0x33, 0x80, 0x13, 0x42, 0x11, 0x82, 0x01, 0x00,
    0x10, 0x04, 0x11, 0x82, 0x41, 0x88, 0x48, 0x04, 0x00, 0x80, 0x10, 0x04, 0x77, 0x80, 0x67, 0x07,
    0x55, 0x80, 0x76, 0x05, 0x77, 0x81, 0x99, 0x06, 0x02, 0x00, 0x87, 0x83, 0xF7, 0x9F, 0x99, 0x87,
    0xB7, 0xBB, 0xDC, 0x06, 0xDD, 0x82, 0xFD, 0xFF, 0x43, 0x04, 0x44, 0x23, 0x33, 0x80, 0x13, 0x42,
    0x11, 0x82, 0x01, 0x00, 0x10, 0x04, 0x11, 0x82, 0x41, 0x88, 0x48, 0x04, 0x00, 0x80, 0x10, 0x04,
    0x77, 0x80, 0x67, 0x07, 0x55, 0x80, 0x76, 0x05, 0x77, 0x81, 0x99, 0x06, 0x02, 0x00, 0x87, 0x83,
    0xF7, 0x9F, 0x99, 0x87, 0xB7, 0xBB, 0xDC, 0x06, 0xDD, 0x81, 0xFD, 0xFF, 0x06, 0x66, 0x80, 0x44,
    0x1F, 0x33, 0x82, 0x44, 0x34, 0x12, 0x42, 0x11, 0x82, 0x01, 0x00, 0x10, 0x03, 0x11, 0x83, 0x21,
    0x63, 0x88, 0x36, 0x04, 0x00, 0x80, 0x10, 0x03, 0x77, 0x02, 0x66, 0x07, 0x55, 0x07, 0x77, 0x80,
    0x05, 0x02, 0x00, 0x81, 0x83, 0x97, 0x02, 0x99, 0x83, 0x79, 0xB9, 0xAB, 0xDA, 0x06, 0xDD, 0x81,
    0xFD, 0xFF, 0x05, 0x99, 0x81, 0x79, 0x68, 0x1F, 0x33, 0x81, 0x84, 0x26, 0x43, 0x11, 0x82, 0x01,
    0x00, 0x10, 0x03, 0x11, 0x83, 0x61, 0x79, 0x48, 0x01, 0x04, 0x00, 0x83, 0x10, 0x79, 0x88, 0x67,
    0x02, 0x55, 0x80, 0x66, 0x04, 0x55, 0x80, 0x66, 0x06, 0x77, 0x82, 0x99, 0x16, 0x01, 0x02, 0x00,
    0x87, 0x84, 0x88, 0x78, 0xF7, 0xAF, 0xDC, 0x9A, 0xD9, 0x06, 0xDD, 0x80, 0x9D, 0x07, 0x99, 0x80,
    0x88, 0x1F, 0x33, 0x81, 0x84, 0x26, 0x43, 0x11, 0x82, 0x01, 0x00, 0x10, 0x03, 0x11, 0x82, 0x61,
    0x79, 0x38, 0x05, 0x00, 0x83, 0x10, 0x79, 0x88, 0x67, 0x02, 0x55, 0x80, 0x76, 0x04, 0x55, 0x80,
    0x76, 0x06, 0x77, 0x81, 0x99, 0x06, 0x03, 0x00, 0x87, 0x84, 0x88, 0x78, 0xF7, 0xDF, 0xDD, 0x9A,
    0xD9, 0x06, 0xDD, 0x80, 0x9D, 0x07, 0x99, 0x80, 0x88, 0x1F, 0x33, 0x81, 0x84, 0x26, 0x43, 0x11,
    0x82, 0x01, 0x00, 0x10, 0x03, 0x11, 0x82, 0x61, 0x79, 0x38, 0x05, 0x00, 0x83, 0x10, 0x79, 0x88,
    0x67, 0x02, 0x55, 0x80, 0x76, 0x04, 0x55, 0x80, 0x76, 0x06, 0x77, 0x81, 0x99, 0x06, 0x03, 0x00,
    0x87, 0x84, 0x88, 0x78, 0xF7, 0xDF, 0xDD, 0x9A, 0xD9, 0x06, 0xDD, 0x82, 0x9D, 0x99, 0x97, 0x02,
    0x99, 0x80, 0x9A, 0x02, 0x99, 0x81, 0x77, 0x66, 0x03, 0x44, 0x1B, 0x33, 0x81, 0x84, 0x26, 0x43,
    0x11, 0x88, 0x01, 0x00, 0x10, 0x11, 0x21, 0x22, 0x62, 0x79, 0x26, 0x05, 0x00, 0x83, 0x31, 0x79,
    0x88, 0x66, 0x02, 0x55, 0x80, 0x66, 0x04, 0x55, 0x80, 0x66, 0x07, 0x77, 0x80, 0x05, 0x02, 0x00,
    0x8B, 0x11, 0x84, 0x88, 0x78, 0xF7, 0xFF, 0xDC, 0x9C, 0xDA, 0xDD, 0xAC, 0xDA, 0x03, 0xDD, 0x84,
    0x9D, 0x99, 0x66, 0x77, 0xA9, 0x02, 0xAA, 0x02, 0x99, 0x81, 0x79, 0x88, 0x02, 0x44, 0x1B, 0x33,
    0x81, 0x44, 0x14, 0x43, 0x11, 0x88, 0x01, 0x00, 0x10, 0x11, 0x41, 0x68, 0x66, 0x67, 0x01, 0x04,
    0x00, 0x83, 0x10, 0x88, 0x79, 0x68, 0x04, 0x55, 0x80, 0x15, 0x02, 0x66, 0x02, 0x55, 0x05, 0x77,
    0x81, 0x97, 0x16, 0x03, 0x00, 0x80, 0x63, 0x03, 0x88, 0x87, 0xF7, 0xFF, 0xDF, 0xCD, 0xDC, 0xDD,
    0x7A, 0xD7, 0x03, 0xDD, 0x84, 0x9D, 0x99, 0x64, 0x77, 0xA9, 0x02, 0xAA, 0x03, 0x99, 0x80, 0x88,
    0x02, 0x44, 0x1B, 0x33, 0x81, 0x44, 0x14, 0x43, 0x11, 0x87, 0x01, 0x00, 0x10, 0x11, 0x41, 0x88,
    0x66, 0x37, 0x05, 0x00, 0x83, 0x10, 0x78, 0x79, 0x68, 0x04, 0x55, 0x82, 0x21, 0x88, 0x67, 0x02,
    0x55, 0x05, 0x77, 0x81, 0x99, 0x05, 0x03, 0x00, 0x80, 0x84, 0x03, 0x88, 0x82, 0xF7, 0xFF, 0xDF,
    0x03, 0xDD, 0x81, 0x7A, 0xD8, 0x03, 0xDD, 0x84, 0xFD, 0x9F, 0x64, 0x77, 0xA9, 0x02, 0xAA, 0x03,
    0x99, 0x80, 0x88, 0x02, 0x44, 0x1B, 0x33, 0x81, 0x44, 0x14, 0x43, 0x11, 0x87, 0x01, 0x00, 0x10,
    0x11, 0x41, 0x68, 0x66, 0x37, 0x05, 0x00, 0x83, 0x10, 0x78, 0x79, 0x68, 0x04, 0x55, 0x82, 0x21,
    0x88, 0x67, 0x02, 0x55, 0x05, 0x77, 0x81, 0x99, 0x05, 0x03, 0x00, 0x80, 0x84, 0x03, 0x88, 0x82,
    0xF7, 0xFF, 0xDF, 0x03, 0xDD, 0x81, 0x7A, 0xD8, 0x03, 0xDD, 0x84, 0xFD, 0x9F, 0x64, 0x78, 0x99,
    0x02, 0xAA, 0x03, 0x99, 0x82, 0x88, 0x66, 0x46, 0x02, 0x44, 0x18, 0x33, 0x02, 0x44, 0x80, 0x14,
    0x43, 0x11, 0x87, 0x01, 0x00, 0x10, 0x11, 0x41, 0x68, 0x66, 0x36, 0x05, 0x00, 0x83, 0x10, 0x78,
    0x79, 0x68, 0x04, 0x55, 0x82, 0x15, 0x64, 0x66, 0x02, 0x55, 0x81, 0x76, 0x87, 0x04, 0x77, 0x80,
    0x05, 0x03, 0x00, 0x80, 0x84, 0x02, 0x88, 0x83, 0x78, 0xF9, 0xFF, 0xDF, 0x03, 0xDD, 0x81, 0x7A,
    0xD7, 0x03, 0xDD, 0x86, 0xFD, 0x9F, 0x44, 0x64, 0x66, 0x77, 0x99, 0x03, 0xAA, 0x85, 0x99, 0x79,
    0x87, 0x88, 0x44, 0x34, 0x17, 0x33, 0x81, 0x84, 0x16, 0x44, 0x11, 0x82, 0x01, 0x00, 0x10, 0x02,
    0x11, 0x82, 0x22, 0x21, 0x12, 0x05, 0x00, 0x83, 0x10, 0x78, 0x79, 0x68, 0x0A, 0x55, 0x02, 0x66,
    0x82, 0x46, 0x76, 0x05, 0x04, 0x00, 0x80, 0x84, 0x02, 0x88, 0x82, 0xF8, 0xCF, 0xCC, 0x04, 0xDD,
    0x81, 0xCE, 0xDA, 0x03, 0xDD, 0x81, 0xFD, 0x99, 0x02, 0x44, 0x82, 0x64, 0x77, 0x99, 0x03, 0xAA,
    0x02, 0x99, 0x83, 0x77, 0x88, 0x44, 0x34, 0x17, 0x33, 0x81, 0x84, 0x16, 0x44, 0x11, 0x82, 0x01,
    0x00, 0x10, 0x05, 0x11, 0x05, 0x00, 0x83, 0x10, 0x78, 0x99, 0x67, 0x0A, 0x55, 0x84, 0x66, 0x56,
    0x44, 0x76, 0x01, 0x04, 0x00, 0x80, 0x83, 0x02, 0x88, 0x81, 0xF7, 0xDF, 0x0A, 0xDD, 0x81, 0xFD,
    0x9F, 0x02, 0x44, 0x82, 0x64, 0x77, 0x99, 0x03, 0xAA, 0x02, 0x99, 0x83, 0x77, 0x88, 0x44, 0x34,
    0x17, 0x33, 0x81, 0x84, 0x16, 0x44, 0x11, 0x82, 0x01, 0x00, 0x10, 0x05, 0x11, 0x05, 0x00, 0x83,
    0x10, 0x78, 0x99, 0x67, 0x0A, 0x55, 0x84, 0x66, 0x56, 0x44, 0x76, 0x01, 0x04, 0x00, 0x80, 0x83,
    0x02, 0x88, 0x81, 0xF7, 0xDF, 0x0A, 0xDD, 0x81, 0xFD, 0x9F, 0x02, 0x44, 0x82, 0x64, 0x78, 0x97,
    0x03, 0xAA, 0x02, 0x99, 0x82, 0x77, 0x88, 0x46, 0x04, 0x44, 0x14, 0x33, 0x81, 0x84, 0x16, 0x44,
    0x11, 0x81, 0x01, 0x00, 0x06, 0x11, 0x05, 0x00, 0x83, 0x10, 0x76, 0x99, 0x67, 0x0A, 0x55, 0x83,
    0x42, 0x55, 0x44, 0x66, 0x04, 0x00, 0x81, 0x11, 0x84, 0x02, 0x88, 0x81, 0xF7, 0xCF, 0x0A, 0xDD,
    0x81, 0xFD, 0x9F, 0x04, 0x44, 0x02, 0x66, 0x81, 0x77, 0xA9, 0x02, 0xAA, 0x02, 0x99, 0x81, 0x79,
    0x88, 0x03, 0x44, 0x80, 0x34, 0x13, 0x33, 0x81, 0x44, 0x14, 0x44, 0x11, 0x82, 0x01, 0x30, 0x24,
    0x05, 0x11, 0x06, 0x00, 0x83, 0x21, 0x99, 0x79, 0x66, 0x09, 0x55, 0x08, 0x00, 0x80, 0x82, 0x02,
    0x88, 0x83, 0xA7, 0xFA, 0xFF, 0xDF, 0x09, 0xDD, 0x81, 0xFD, 0x7F, 0x05, 0x44, 0x82, 0x66, 0x77,
    0xA9, 0x02, 0xAA, 0x03, 0x99, 0x80, 0x88, 0x03, 0x44, 0x80, 0x34, 0x13, 0x33, 0x81, 0x44, 0x14,
    0x44, 0x11, 0x82, 0x01, 0x40, 0x24, 0x05, 0x11, 0x06, 0x00, 0x80, 0x10, 0x02, 0x99, 0x80, 0x67,
    0x09, 0x55, 0x08, 0x00, 0x80, 0x83, 0x02, 0x88, 0x83, 0xB7, 0xFC, 0xFF, 0xDF, 0x09, 0xDD, 0x81,
    0xFD, 0x7F, 0x05, 0x44, 0x82, 0x66, 0x77, 0xA9, 0x02, 0xAA, 0x03, 0x99, 0x80, 0x88, 0x03, 0x44,
    0x80, 0x34, 0x13, 0x33, 0x81, 0x44, 0x14, 0x44, 0x11, 0x82, 0x01, 0x40, 0x24, 0x05, 0x11, 0x06,
    0x00, 0x80, 0x10, 0x02, 0x99, 0x80, 0x67, 0x09, 0x55, 0x08, 0x00, 0x80, 0x83, 0x02, 0x88, 0x83,
    0xB7, 0xFC, 0xFF, 0xDF, 0x09, 0xDD, 0x82, 0xFD, 0x7F, 0x46, 0x04, 0x44, 0x82, 0x66, 0x77, 0x99,
    0x02, 0xAA, 0x03, 0x99, 0x81, 0x87, 0x66, 0x03, 0x44, 0x12, 0x33, 0x02, 0x44, 0x80, 0x14, 0x26,
    0x11, 0x06, 0x22, 0x18, 0x11, 0x82, 0x01, 0x40, 0x24, 0x05, 0x11, 0x06, 0x00, 0x80, 0x10, 0x02,
    0x99, 0x80, 0x67, 0x08, 0x55, 0x80, 0x05, 0x07, 0x00, 0x81, 0x10, 0x84, 0x02, 0x88, 0x80, 0xC7,
    0x02, 0xFF, 0x80, 0xDF, 0x09, 0xDD, 0x82, 0xFD, 0x7F, 0x87, 0x02, 0x88, 0x80, 0x68, 0x02, 0x44,
    0x02, 0x66, 0x80, 0x77, 0x02, 0x99, 0x02, 0xAA, 0x84, 0x79, 0x77, 0x88, 0x44, 0x86, 0x12, 0x33,
    0x84, 0x84, 0x46, 0x24, 0x22, 0x12, 0x24, 0x11, 0x80, 0xA9, 0x05, 0xAA, 0x80, 0x16, 0x17, 0x11,
    0x82, 0x01, 0x40, 0x28, 0x06, 0x11, 0x05, 0x00, 0x83, 0x10, 0x77, 0x99, 0x77, 0x02, 0x66, 0x05,
    0x55, 0x80, 0x12, 0x08, 0x00, 0x81, 0x42, 0x86, 0x02, 0x88, 0x80, 0xF7, 0x02, 0xFF, 0x80, 0xDF,
    0x09, 0xDD, 0x82, 0xFD, 0x7F, 0x79, 0x02, 0x88, 0x80, 0x68, 0x03, 0x44, 0x83, 0x64, 0x77, 0x99,
    0xA9, 0x02, 0xAA, 0x02, 0x99, 0x82, 0x88, 0x44, 0x88, 0x12, 0x33, 0x81, 0x84, 0x38, 0x02, 0x33,
    0x80, 0x13, 0x24, 0x11, 0x80, 0xDA, 0x05, 0xDD, 0x80, 0x19, 0x17, 0x11, 0x82, 0x01, 0x40, 0x28,
    0x06, 0x11, 0x05, 0x00, 0x85, 0x10, 0x77, 0x99, 0x77, 0x88, 0x77, 0x04, 0x55, 0x81, 0x66, 0x34,
    0x08, 0x00, 0x84, 0x83, 0x88, 0x78, 0x88, 0xF7, 0x02, 0xFF, 0x80, 0xDF, 0x09, 0xDD, 0x82, 0xFD,
    0x7F, 0x79, 0x02, 0x88, 0x80, 0x68, 0x03, 0x44, 0x83, 0x64, 0x77, 0x99, 0xA9, 0x02, 0xAA, 0x02,
    0x99, 0x82, 0x88, 0x44, 0x88, 0x12, 0x33, 0x81, 0x84, 0x38, 0x02, 0x33, 0x80, 0x13, 0x24, 0x11,
    0x80, 0xDA, 0x05, 0xDD, 0x80, 0x19, 0x17, 0x11, 0x82, 0x01, 0x40, 0x28, 0x06, 0x11, 0x05, 0x00,
    0x85, 0x10, 0x77, 0x99, 0x77, 0x88, 0x77, 0x04, 0x55, 0x81, 0x66, 0x34, 0x08, 0x00, 0x84, 0x83,
    0x88, 0x78, 0x88, 0xF7, 0x02, 0xFF, 0x80, 0xDF, 0x09, 0xDD, 0x82, 0xFD, 0x7F, 0x79, 0x02, 0x88,
    0x80, 0x68, 0x03, 0x44, 0x83, 0x64, 0x77, 0x99, 0xA9, 0x02, 0xAA, 0x02, 0x99, 0x82, 0x88, 0x44,
    0x88, 0x12, 0x33, 0x81, 0x84, 0x38, 0x02, 0x33, 0x80, 0x13, 0x24, 0x11, 0x80, 0xDA, 0x05, 0xDD,
    0x80, 0x19, 0x17, 0x11, 0x82, 0x01, 0x40, 0x28, 0x06, 0x11, 0x05, 0x00, 0x85, 0x10, 0x77, 0x99,
    0x77, 0x88, 0x77, 0x04, 0x55, 0x81, 0x66, 0x34, 0x08, 0x00, 0x84, 0x83, 0x88, 0x78, 0x88, 0xF7,
    0x02, 0xFF, 0x80, 0xDF, 0x09, 0xDD, 0x81, 0xFD, 0x7F, 0x02, 0x99, 0x81, 0x87, 0x46, 0x04, 0x44,
    0x02, 0x66, 0x81, 0x77, 0x99, 0x03, 0xAA, 0x80, 0x99, 0x02, 0x77, 0x82, 0x68, 0x44, 0x34, 0x0F,
    0x33, 0x81, 0x64, 0x34, 0x02, 0x33, 0x80, 0x23, 0x03, 0x22, 0x80, 0x12, 0x1E, 0x11, 0x81, 0x21,
    0xA9, 0x06, 0xDD, 0x82, 0xAC, 0xAA, 0x16, 0x15, 0x11, 0x82, 0x01, 0x60, 0x28, 0x08, 0x11, 0x04,
    0x00, 0x81, 0x21, 0x63, 0x03, 0x99, 0x81, 0x77, 0x66, 0x03, 0x77, 0x80, 0x66, 0x06, 0x00, 0x82,
    0x62, 0x66, 0x86, 0x02, 0x88, 0x81, 0x97, 0xF9, 0x02, 0xFF, 0x80, 0xDF, 0x09, 0xDD, 0x81, 0xFD,
    0x9F, 0x02, 0x99, 0x81, 0x79, 0x46, 0x05, 0x44, 0x82, 0x64, 0x88, 0x97, 0x03, 0xAA, 0x02, 0x99,
    0x83, 0x77, 0x88, 0x46, 0x34, 0x0F, 0x33, 0x81, 0x44, 0x34, 0x06, 0x33, 0x80, 0x13, 0x1E, 0x11,
    0x81, 0x21, 0xDA, 0x08, 0xDD, 0x80, 0x19, 0x15, 0x11, 0x82, 0x01, 0x60, 0x28, 0x08, 0x11, 0x04,
    0x00, 0x81, 0x10, 0x31, 0x03, 0x99, 0x81, 0x79, 0x77, 0x02, 0x99, 0x81, 0x77, 0x66, 0x06, 0x00,
    0x81, 0x86, 0x77, 0x03, 0x88, 0x81, 0x97, 0xF9, 0x02, 0xFF, 0x80, 0xDF, 0x09, 0xDD, 0x81, 0xFD,
    0x9F, 0x02, 0x99, 0x81, 0x79, 0x46, 0x05, 0x44, 0x82, 0x64, 0x88, 0x97, 0x03, 0xAA, 0x02, 0x99,
    0x83, 0x77, 0x88, 0x46, 0x34, 0x0F, 0x33, 0x81, 0x44, 0x34, 0x06, 0x33, 0x80, 0x13, 0x1E, 0x11,
    0x81, 0x21, 0xDA, 0x08, 0xDD, 0x80, 0x19, 0x15, 0x11, 0x82, 0x01, 0x60, 0x28, 0x08, 0x11, 0x04,
    0x00, 0x81, 0x10, 0x31, 0x03, 0x99, 0x81, 0x79, 0x77, 0x02, 0x99, 0x81, 0x77, 0x66, 0x06, 0x00,
    0x81, 0x86, 0x77, 0x03, 0x88, 0x81, 0x97, 0xF9, 0x02, 0xFF, 0x80, 0xDF, 0x09, 0xDD, 0x81, 0xFD,
    0x9F, 0x02, 0x99, 0x81, 0x79, 0x46, 0x05, 0x44, 0x82, 0x64, 0x88, 0x97, 0x03, 0xAA, 0x02, 0x99,
    0x83, 0x77, 0x88, 0x46, 0x34, 0x0F, 0x33, 0x81, 0x44, 0x34, 0x06, 0x33, 0x80, 0x13, 0x1E, 0x11,
    0x81, 0x21, 0xDA, 0x08, 0xDD, 0x80, 0x19, 0x15, 0x11, 0x82, 0x01, 0x60, 0x28, 0x08, 0x11, 0x04,
    0x00, 0x81, 0x10, 0x31, 0x03, 0x99, 0x85, 0x79, 0x77, 0x99, 0x79, 0x77, 0x66, 0x06, 0x00, 0x81,
    0x86, 0x77, 0x03, 0x88, 0x81, 0x97, 0xF9, 0x02, 0xFF, 0x80, 0xDF, 0x09, 0xDD, 0x82, 0xFD, 0x9F,
    0xAA, 0x03, 0x99, 0x81, 0x79, 0x66, 0x04, 0x44, 0x03, 0x66, 0x81, 0x77, 0xFF, 0x02, 0xAA, 0x80,
    0x99, 0x02, 0x77, 0x80, 0x86, 0x02, 0x44, 0x80, 0x34, 0x08, 0x33, 0x85, 0x44, 0x84, 0x88, 0x34,
    0x43, 0x34, 0x05, 0x33, 0x83, 0x23, 0x21, 0x22, 0x12, 0x1C, 0x11, 0x8A, 0x21, 0xDA, 0xDD, 0x67,
    0xDA, 0x67, 0xDA, 0x69, 0xD9, 0xDD, 0x19, 0x15, 0x11, 0x81, 0x01, 0x10, 0x0B, 0x11, 0x04, 0x00,
    0x08, 0x11, 0x06, 0x00, 0x82, 0x76, 0x97, 0x87, 0x03, 0x88, 0x80, 0xF7, 0x03, 0xFF, 0x80, 0xDC,
    0x09, 0xDD, 0x82, 0x9D, 0x99, 0xAB, 0x04, 0x99, 0x80, 0x66, 0x06, 0x44, 0x82, 0x66, 0x78, 0xFF,
    0x02, 0xAA, 0x03, 0x99, 0x83, 0x87, 0x46, 0x44, 0x34, 0x08, 0x33, 0x83, 0x44, 0x86, 0x88, 0x38,
    0x07, 0x33, 0x83, 0x13, 0x31, 0x33, 0x13, 0x1C, 0x11, 0x8A, 0x21, 0xDA, 0xDD, 0x16, 0xDA, 0x16,
    0xDA, 0x16, 0xD9, 0xDD, 0x19, 0x15, 0x11, 0x82, 0x01, 0x00, 0x10, 0x0A, 0x11, 0x12, 0x00, 0x82,
    0x97, 0x99, 0x87, 0x03, 0x88, 0x82, 0xF9, 0xFF, 0xDF, 0x0B, 0xDD, 0x82, 0x7D, 0x97, 0xAB, 0x04,
    0x99, 0x80, 0x66, 0x06, 0x44, 0x82, 0x66, 0x78, 0xFF, 0x02, 0xAA, 0x03, 0x99, 0x83, 0x87, 0x46,
    0x44, 0x34, 0x08, 0x33, 0x83, 0x44, 0x86, 0x88, 0x38, 0x07, 0x33, 0x83, 0x13, 0x31, 0x33, 0x13,
    0x1C, 0x11, 0x8A, 0x21, 0xDA, 0xDD, 0x16, 0xDA, 0x16, 0xDA, 0x16, 0xD9, 0xDD, 0x19, 0x15, 0x11,
    0x82, 0x01, 0x00, 0x10, 0x0A, 0x11, 0x12, 0x00, 0x82, 0x97, 0x99, 0x87, 0x03, 0x88, 0x82, 0xF9,
    0xFF, 0xDF, 0x0B, 0xDD, 0x82, 0x7D, 0x97, 0xAB, 0x04, 0x99, 0x80, 0x66, 0x06, 0x44, 0x82, 0x66,
    0x78, 0xFF, 0x02, 0xAA, 0x03, 0x99, 0x83, 0x87, 0x46, 0x44, 0x34, 0x08, 0x33, 0x83, 0x44, 0x86,
    0x88, 0x38, 0x07, 0x33, 0x83, 0x13, 0x31, 0x33, 0x13, 0x1C, 0x11, 0x8A, 0x21, 0xDA, 0xDD, 0x16,
    0xDA, 0x16, 0xDA, 0x16, 0xD9, 0xDD, 0x19, 0x15, 0x11, 0x82, 0x01, 0x00, 0x10, 0x0A, 0x11, 0x12,
    0x00, 0x82, 0x97, 0x99, 0x87, 0x03, 0x88, 0x82, 0xF9, 0xFF, 0xDF, 0x0B, 0xDD, 0x83, 0x7D, 0x97,
    0xAD, 0xAA, 0x03, 0x99, 0x82, 0x79, 0x77, 0x68, 0x05, 0x44, 0x80, 0x66, 0x02, 0x77, 0x80, 0x99,
    0x02, 0xAA, 0x84, 0x99, 0x79, 0x77, 0x88, 0x34, 0x05, 0x44, 0x82, 0x64, 0x66, 0x34, 0x03, 0x44,
    0x80, 0x34, 0x07, 0x33, 0x85, 0x23, 0x32, 0x33, 0x23, 0x22, 0x12, 0x1A, 0x11, 0x8A, 0x21, 0xDA,
    0x99, 0x12, 0x66, 0x12, 0x66, 0x99, 0xDA, 0xDD, 0x19, 0x15, 0x11, 0x82, 0x01, 0x00, 0x10, 0x09,
    0x11, 0x81, 0x21, 0x46, 0x02, 0x11, 0x80, 0x24, 0x0C, 0x00, 0x81, 0x65, 0x66, 0x02, 0x99, 0x80,
    0x79, 0x02, 0x88, 0x83, 0x78, 0xF9, 0xFF, 0xDF, 0x0B, 0xDD, 0x83, 0x9D, 0x99, 0xCD, 0xAB, 0x05,
    0x99, 0x80, 0x88, 0x07, 0x44, 0x81, 0x88, 0x99, 0x02, 0xAA, 0x80, 0x9A, 0x02, 0x99, 0x81, 0x77,
    0x34, 0x05, 0x44, 0x82, 0x86, 0x88, 0x36, 0x10, 0x33, 0x80, 0x13, 0x1A, 0x11, 0x83, 0x21, 0xDA,
    0x67, 0x12, 0x03, 0x11, 0x80, 0xDA, 0x02, 0xDD, 0x80, 0x19, 0x15, 0x11, 0x82, 0x01, 0x00, 0x10,
    0x09, 0x11, 0x84, 0x31, 0x68, 0x11, 0x31, 0x48, 0x0C, 0x00, 0x80, 0x97, 0x03, 0x99, 0x80, 0x79,
    0x02, 0x88, 0x82, 0x98, 0xF9, 0xDF, 0x0C, 0xDD, 0x83, 0x9D, 0xF9, 0xCD, 0xAB, 0x05, 0x99, 0x80,
    0x88, 0x07, 0x44, 0x81, 0x88, 0x99, 0x02, 0xAA, 0x80, 0x9A, 0x02, 0x99, 0x81, 0x77, 0x34, 0x05,
    0x44, 0x82, 0x86, 0x88, 0x36, 0x10, 0x33, 0x80, 0x13, 0x1A, 0x11, 0x83, 0x21, 0xDA, 0x67, 0x12,
    0x03, 0x11, 0x80, 0xDA, 0x02, 0xDD, 0x80, 0x19, 0x15, 0x11, 0x82, 0x01, 0x00, 0x10, 0x09, 0x11,
    0x84, 0x31, 0x68, 0x11, 0x31, 0x48, 0x0C, 0x00, 0x80, 0x97, 0x03, 0x99, 0x80, 0x79, 0x02, 0x88,
    0x82, 0x98, 0xF9, 0xDF, 0x0C, 0xDD, 0x83, 0x9D, 0xF9, 0xCD, 0xAB, 0x05, 0x99, 0x80, 0x88, 0x07,
    0x44, 0x81, 0x88, 0x99, 0x02, 0xAA, 0x80, 0x9A, 0x02, 0x99, 0x81, 0x77, 0x34, 0x05, 0x44, 0x82,
    0x86, 0x88, 0x36, 0x10, 0x33, 0x80, 0x13, 0x1A, 0x11, 0x83, 0x21, 0xDA, 0x67, 0x12, 0x03, 0x11,
    0x80, 0xDA, 0x02, 0xDD, 0x80, 0x19, 0x15, 0x11, 0x82, 0x01, 0x00, 0x10, 0x09, 0x11, 0x84, 0x31,
    0x68, 0x11, 0x31, 0x48, 0x0C, 0x00, 0x80, 0x97, 0x03, 0x99, 0x80, 0x79, 0x02, 0x88, 0x82, 0x98,
    0xF9, 0xDF, 0x0C, 0xDD, 0x83, 0x9D, 0xF9, 0xDD, 0xAC, 0x02, 0xAA, 0x82, 0x99, 0xAF, 0x9A, 0x02,
    0x77, 0x80, 0x68, 0x05, 0x44, 0x81, 0x66, 0x76, 0x02, 0x99, 0x81, 0xF9, 0xAA, 0x02, 0x99, 0x81,
    0x67, 0x86, 0x02, 0x66, 0x02, 0x44, 0x82, 0x64, 0x66, 0x34, 0x10, 0x33, 0x81, 0x23, 0x12, 0x19,
    0x11, 0x80, 0x21, 0x04, 0x99, 0x86, 0x12, 0x96, 0x99, 0xDA, 0x9A, 0x99, 0x16, 0x15, 0x11, 0x81,
    0x00, 0x10, 0x09, 0x11, 0x84, 0x21, 0x46, 0x11, 0x21, 0x48, 0x03, 0x11, 0x02, 0x33, 0x04, 0x22,
    0x03, 0x66, 0x02, 0x99, 0x87, 0x79, 0x77, 0x87, 0x88, 0x48, 0xA7, 0xFA, 0xDF, 0x0C, 0xDD, 0x81,
    0x9D, 0xF9, 0x02, 0xDD, 0x84, 0xCD, 0xAB, 0x99, 0xFF, 0xAA, 0x02, 0x99, 0x81, 0x87, 0x46, 0x06,
    0x44, 0x02, 0x77, 0x80, 0xF9, 0x02, 0xAA, 0x82, 0x9A, 0x99, 0x77, 0x02, 0x88, 0x80, 0x34, 0x15,
    0x33, 0x80, 0x13, 0x19, 0x11, 0x82, 0x21, 0x66, 0xDA, 0x02, 0xDD, 0x86, 0x16, 0xDA, 0x16, 0xD9,
    0x19, 0xD9, 0x19, 0x15, 0x11, 0x81, 0x01, 0x10, 0x0C, 0x11, 0x84, 0x21, 0x88, 0x44, 0x11, 0x21,
    0x06, 0x88, 0x80, 0x97, 0x04, 0x99, 0x80, 0x87, 0x03, 0x88, 0x81, 0x34, 0xD9, 0x0E, 0xDD, 0x81,
    0x9D, 0xF9, 0x02, 0xDD, 0x84, 0xCD, 0xAB, 0x99, 0xFF, 0xAA, 0x02, 0x99, 0x81, 0x87, 0x46, 0x06,
    0x44, 0x02, 0x77, 0x80, 0xF9, 0x02, 0xAA, 0x82, 0x9A, 0x99, 0x77, 0x02, 0x88, 0x80, 0x34, 0x15,
    0x33, 0x80, 0x13, 0x1A, 0x11, 0x81, 0x86, 0xDA, 0x02, 0xDD, 0x86, 0x16, 0xDA, 0x16, 0xD9, 0x19,
    0xD9, 0x19, 0x15, 0x11, 0x81, 0x01, 0x10, 0x0C, 0x11, 0x84, 0x21, 0x88, 0x44, 0x11, 0x21, 0x06,
    0x88, 0x80, 0x97, 0x04, 0x99, 0x80, 0x87, 0x03, 0x88, 0x81, 0x34, 0xD9, 0x0E, 0xDD, 0x81, 0x9D,
    0xF9, 0x02, 0xDD, 0x84, 0xCD, 0xAB, 0x99, 0xFF, 0xAA, 0x02, 0x99, 0x81, 0x87, 0x46, 0x06, 0x44,
    0x02, 0x77, 0x80, 0xF9, 0x02, 0xAA, 0x82, 0x9A, 0x99, 0x77, 0x02, 0x88, 0x80, 0x34, 0x15, 0x33,
    0x80, 0x13, 0x1A, 0x11, 0x81, 0x66, 0xDA, 0x02, 0xDD, 0x86, 0x16, 0xDA, 0x16, 0xD9, 0x19, 0xD9,
    0x19, 0x15, 0x11, 0x81, 0x01, 0x10, 0x0C, 0x11, 0x84, 0x21, 0x88, 0x44, 0x11, 0x21, 0x06, 0x88,
    0x80, 0x97, 0x04, 0x99, 0x80, 0x87, 0x03, 0x88, 0x81, 0x34, 0xD9, 0x0E, 0xDD, 0x81, 0x9D, 0xF9,
    0x03, 0xDD, 0x82, 0xAC, 0xAA, 0xAF, 0x02, 0xAA, 0x83, 0x9A, 0x99, 0x77, 0x67, 0x05, 0x44, 0x02,
    0x66, 0x80, 0x77, 0x02, 0x99, 0x02, 0x77, 0x80, 0x86, 0x02, 0x66, 0x80, 0x34, 0x15, 0x33, 0x81,
    0x23, 0x12, 0x18, 0x11, 0x05, 0x99, 0x87, 0x12, 0x96, 0x16, 0x96, 0x99, 0xDA, 0x9A, 0x16, 0x14,
    0x11, 0x81, 0x01, 0x10, 0x0C, 0x11, 0x84, 0x21, 0x44, 0x23, 0x11, 0x44, 0x04, 0x88, 0x82, 0x77,
    0x88, 0x78, 0x02, 0x77, 0x83, 0x99, 0x77, 0x88, 0x46, 0x02, 0x44, 0x81, 0x66, 0xD9, 0x05, 0xDD,
    0x80, 0xCD, 0x07, 0xDD, 0x82, 0xAD, 0x9A, 0xF9, 0x03, 0xDD, 0x85, 0xCD, 0xAB, 0x99, 0xA9, 0xBB,
    0xAB, 0x02, 0x99, 0x81, 0x9E, 0x46, 0x07, 0x44, 0x82, 0x88, 0x77, 0x46, 0x02, 0x44, 0x80, 0x34,
    0x18, 0x33, 0x80, 0x13, 0x18, 0x11, 0x02, 0xDD, 0x80, 0x16, 0x06, 0x11, 0x80, 0xD9, 0x02, 0xDD,
    0x80, 0x19, 0x14, 0x11, 0x81, 0x01, 0x10, 0x10, 0x11, 0x05, 0x88, 0x80, 0x99, 0x04, 0x88, 0x80,
    0x99, 0x02, 0x88, 0x84, 0x14, 0x11, 0x32, 0x76, 0xDA, 0x05, 0xDD, 0x81, 0xBD, 0xDC, 0x06, 0xDD,
    0x82, 0x9D, 0x99, 0xF9, 0x03, 0xDD, 0x85, 0xCD, 0xAB, 0x99, 0xA9, 0xBB, 0xAB, 0x02, 0x99, 0x81,
    0x9E, 0x46, 0x07, 0x44, 0x82, 0x88, 0x77, 0x46, 0x02, 0x44, 0x80, 0x34, 0x18, 0x33, 0x80, 0x13,
    0x18, 0x11, 0x02, 0xDD, 0x80, 0x16, 0x06, 0x11, 0x80, 0xD9, 0x02, 0xDD, 0x80, 0x19, 0x14, 0x11,
    0x81, 0x01, 0x10, 0x10, 0x11, 0x05, 0x88, 0x80, 0x99, 0x04, 0x88, 0x80, 0x99, 0x02, 0x88, 0x84,
    0x14, 0x11, 0x32, 0x76, 0xDA, 0x05, 0xDD, 0x81, 0xBD, 0xDC, 0x06, 0xDD, 0x82, 0x9D, 0x99, 0xF9,
    0x03, 0xDD, 0x85, 0xCD, 0xAB, 0x99, 0xA9, 0xBB, 0xAB, 0x02, 0x99, 0x81, 0x9E, 0x46, 0x07, 0x44,
    0x82, 0x88, 0x77, 0x46, 0x02, 0x44, 0x80, 0x34, 0x18, 0x33, 0x80, 0x13, 0x18, 0x11, 0x02, 0xDD,
    0x80, 0x16, 0x06, 0x11, 0x80, 0xD9, 0x02, 0xDD, 0x80, 0x19, 0x14, 0x11, 0x81, 0x01, 0x10, 0x10,
    0x11, 0x05, 0x88, 0x80, 0x99, 0x04, 0x88, 0x80, 0x99, 0x02, 0x88, 0x84, 0x14, 0x11, 0x32, 0x76,
    0xDA, 0x05, 0xDD, 0x81, 0xBD, 0xDC, 0x06, 0xDD, 0x82, 0x9D, 0x99, 0xF9, 0x04, 0xDD, 0x80, 0xCD,
    0x03, 0xAA, 0x80, 0xFF, 0x02, 0xAA, 0x80, 0x9A, 0x02, 0x77, 0x80, 0x68, 0x05, 0x44, 0x02, 0x66,
    0x03, 0x44, 0x80, 0x34, 0x18, 0x33, 0x83, 0x13, 0x21, 0x22, 0x12, 0x14, 0x11, 0x83, 0x97, 0xDD,
    0x99, 0x12, 0x06, 0x11, 0x84, 0x96, 0xDA, 0xDD, 0x9A, 0x16, 0x13, 0x11, 0x82, 0x01, 0x00, 0x10,
    0x0F, 0x11, 0x05, 0x44, 0x81, 0x76, 0x46, 0x02, 0x44, 0x88, 0x66, 0x76, 0x88, 0x46, 0x24, 0x22,
    0x32, 0xA6, 0xDA, 0x05, 0xDD, 0x81, 0xBD, 0xDC, 0x06, 0xDD, 0x84, 0x9C, 0xA9, 0xFA, 0xCD, 0xDB,
    0x04, 0xDD, 0x84, 0xAB, 0x99, 0xFF, 0xBB, 0xAB, 0x03, 0x99, 0x80, 0x88, 0x09, 0x44, 0x80, 0x34,
    0x19, 0x33, 0x83, 0x13, 0x21, 0x33, 0x23, 0x13, 0x11, 0x83, 0x21, 0xDC, 0xCD, 0x16, 0x07, 0x11,
    0x81, 0x22, 0xD9, 0x02, 0xDD, 0x80, 0x19, 0x13, 0x11, 0x82, 0x01, 0x00, 0x10, 0x12, 0x11, 0x08,
    0x33, 0x81, 0x88, 0x34, 0x03, 0x33, 0x80, 0xD9, 0x06, 0xDD, 0x81, 0xBD, 0xDC, 0x06, 0xDD, 0x84,
    0x9C, 0xB9, 0xFC, 0xCD, 0xDB, 0x04, 0xDD, 0x84, 0xAB, 0x99, 0xFF, 0xBB, 0xAB, 0x03, 0x99, 0x80,
    0x88, 0x09, 0x44, 0x80, 0x34, 0x19, 0x33, 0x83, 0x13, 0x21, 0x33, 0x23, 0x13, 0x11, 0x83, 0x21,
    0xDC, 0xCD, 0x16, 0x07, 0x11, 0x81, 0x22, 0xD9, 0x02, 0xDD, 0x80, 0x19, 0x13, 0x11, 0x82, 0x01,
    0x00, 0x10, 0x12, 0x11, 0x08, 0x33, 0x81, 0x88, 0x34, 0x03, 0x33, 0x80, 0xD9, 0x06, 0xDD, 0x81,
    0xBD, 0xDC, 0x06, 0xDD, 0x84, 0x9C, 0xB9, 0xFC, 0xCD, 0xDB, 0x04, 0xDD, 0x84, 0xAB, 0x99, 0xFF,
    0xBB, 0xAB, 0x03, 0x99, 0x80, 0x88, 0x09, 0x44, 0x80, 0x34, 0x19, 0x33, 0x83, 0x13, 0x21, 0x33,
    0x23, 0x13, 0x11, 0x83, 0x21, 0xDC, 0xCD, 0x16, 0x07, 0x11, 0x81, 0x22, 0xD9, 0x02, 0xDD, 0x80,
    0x19, 0x13, 0x11, 0x82, 0x01, 0x00, 0x10, 0x12, 0x11, 0x08, 0x33, 0x81, 0x88, 0x34, 0x03, 0x33,
    0x80, 0xD9, 0x06, 0xDD, 0x81, 0xBD, 0xDC, 0x06, 0xDD, 0x84, 0x9C, 0xB9, 0xFC, 0xBD, 0xDB, 0x04,
    0xDD, 0x82, 0xCD, 0xAA, 0xAF, 0x03, 0xAA, 0x82, 0xA9, 0xAA, 0x77, 0x02, 0x66, 0x08, 0x44, 0x80,
    0x34, 0x18, 0x33, 0x83, 0x23, 0x32, 0x23, 0x12, 0x13, 0x11, 0x83, 0x76, 0xDD, 0x99, 0x12, 0x08,
    0x11, 0x80, 0xD9, 0x02, 0xDD, 0x81, 0x6A, 0x16, 0x12, 0x11, 0x82, 0x01, 0x00, 0x10, 0x10, 0x11,
    0x81, 0x21, 0x11, 0x08, 0x33, 0x81, 0x66, 0x34, 0x02, 0x33, 0x81, 0x44, 0xD9, 0x06, 0xDD, 0x81,
    0xBD, 0xDC, 0x05, 0xDD, 0x83, 0xAD, 0xAA, 0xBA, 0xFC, 0x03, 0xBB, 0x80, 0xCB, 0x03, 0xDD, 0x81,
    0xED, 0xAE, 0x02, 0x99, 0x82, 0xDD, 0xBB, 0xAA, 0x02, 0x99, 0x81, 0x79, 0x66, 0x07, 0x44, 0x80,
    0x34, 0x1A, 0x33, 0x80, 0x13, 0x14, 0x11, 0x02, 0xDD, 0x0A, 0x11, 0x80, 0xD9, 0x03, 0xDD, 0x80,
    0x19, 0x13, 0x11, 0x81, 0x01, 0x10, 0x10, 0x11, 0x81, 0x33, 0x11, 0x0C, 0x33, 0x81, 0x86, 0xD9,
    0x06, 0xDD, 0x81, 0xBD, 0xDC, 0x05, 0xDD, 0x83, 0x9D, 0xA9, 0xBA, 0x9A, 0x03, 0xBB, 0x80, 0xCB,
    0x03, 0xDD, 0x81, 0xED, 0xAE, 0x02, 0x99, 0x82, 0xDD, 0xBB, 0xAA, 0x02, 0x99, 0x81, 0x79, 0x66,
    0x07, 0x44, 0x80, 0x34, 0x1A, 0x33, 0x80, 0x13, 0x14, 0x11, 0x02, 0xDD, 0x0A, 0x11, 0x80, 0xD9,
    0x03, 0xDD, 0x80, 0x19, 0x13, 0x11, 0x81, 0x01, 0x10, 0x10, 0x11, 0x81, 0x33, 0x11, 0x0C, 0x33,
    0x81, 0x86, 0xD9, 0x06, 0xDD, 0x81, 0xBD, 0xDC, 0x05, 0xDD, 0x83, 0x9D, 0xA9, 0xBA, 0x9A, 0x03,
    0xBB, 0x80, 0xCB, 0x03, 0xDD, 0x81, 0xED, 0xAE, 0x02, 0x99, 0x82, 0xDD, 0xBB, 0xAA, 0x02, 0x99,
    0x81, 0x79, 0x66, 0x07, 0x44, 0x80, 0x34, 0x1A, 0x33, 0x80, 0x13, 0x14, 0x11, 0x02, 0xDD, 0x0A,
    0x11, 0x80, 0xD9, 0x03, 0xDD, 0x80, 0x19, 0x13, 0x11, 0x81, 0x01, 0x10, 0x10, 0x11, 0x81, 0x33,
    0x11, 0x0C, 0x33, 0x81, 0x86, 0xD9, 0x06, 0xDD, 0x81, 0xBD, 0xDC, 0x05, 0xDD, 0x83, 0x9D, 0xA9,
    0xBA, 0x9A, 0x03, 0xBB, 0x80, 0xCB, 0x03, 0xDD, 0x81, 0xED, 0xAE, 0x02, 0x99, 0x04, 0xAA, 0x02,
    0x99, 0x80, 0x66, 0x07, 0x44, 0x80, 0x34, 0x02, 0x44, 0x82, 0x34, 0x44, 0x34, 0x15, 0x33, 0x80,
    0x23, 0x13, 0x11, 0x80, 0x66, 0x02, 0xDD, 0x0A, 0x11, 0x85, 0xA6, 0xDC, 0xBD, 0xDD, 0x69, 0x12,
    0x12, 0x11, 0x81, 0x01, 0x00, 0x0F, 0x11, 0x82, 0x21, 0x33, 0x11, 0x0C, 0x33, 0x81, 0x86, 0xD9,
    0x06, 0xDD, 0x81, 0xBD, 0xDC, 0x05, 0xDD, 0x85, 0x9F, 0xA9, 0xBA, 0x9A, 0xDD, 0xCD, 0x02, 0xBB,
    0x80, 0xCB, 0x04, 0xDD, 0x84, 0xED, 0xAE, 0x77, 0x99, 0xFF, 0x02, 0xBB, 0x02, 0x99, 0x80, 0x88,
    0x06, 0x44, 0x80, 0x34, 0x02, 0x44, 0x82, 0x34, 0x44, 0x34, 0x16, 0x33, 0x80, 0x23, 0x11, 0x11,
    0x81, 0x21, 0xDC, 0x02, 0xDD, 0x0B, 0x11, 0x84, 0xD9, 0x9A, 0xDA, 0xDD, 0x19, 0x0F, 0x11, 0x80,
    0x21, 0x02, 0x33, 0x82, 0x13, 0x01, 0x00, 0x0D, 0x11, 0x03, 0x33, 0x80, 0x11, 0x0C, 0x33, 0x81,
    0x96, 0xDA, 0x06, 0xDD, 0x81, 0xBD, 0xDC, 0x04, 0xDD, 0x86, 0xFD, 0x9F, 0xA9, 0xBB, 0xFC, 0xDD,
    0xCD, 0x02, 0xBB, 0x80, 0xCB, 0x04, 0xDD, 0x84, 0xED, 0xAE, 0x77, 0x99, 0xFF, 0x02, 0xBB, 0x02,
    0x99, 0x80, 0x88, 0x06, 0x44, 0x80, 0x34, 0x02, 0x44, 0x82, 0x34, 0x44, 0x34, 0x16, 0x33, 0x80,
    0x23, 0x11, 0x11, 0x81, 0x21, 0xDC, 0x02, 0xDD, 0x0B, 0x11, 0x84, 0xD9, 0x9A, 0xDA, 0xDD, 0x19,
    0x0F, 0x11, 0x80, 0x21, 0x02, 0x33, 0x82, 0x13, 0x01, 0x00, 0x0D, 0x11, 0x03, 0x33, 0x80, 0x11,
    0x0C, 0x33, 0x81, 0x96, 0xDA, 0x06, 0xDD, 0x81, 0xBD, 0xDC, 0x04, 0xDD, 0x86, 0xFD, 0x9F, 0xA9,
    0xBB, 0xFC, 0xDD, 0xCD, 0x02, 0xBB, 0x80, 0xCB, 0x04, 0xDD, 0x84, 0xED, 0xAE, 0x77, 0x99, 0xFF,
    0x02, 0xBB, 0x02, 0x99, 0x80, 0x88, 0x06, 0x44, 0x80, 0x34, 0x02, 0x44, 0x82, 0x34, 0x44, 0x34,
    0x16, 0x33, 0x80, 0x23, 0x11, 0x11, 0x81, 0x21, 0xDC, 0x02, 0xDD, 0x0B, 0x11, 0x84, 0xD9, 0x9A,
    0xDA, 0xDD, 0x19, 0x0F, 0x11, 0x80, 0x21, 0x02, 0x33, 0x82, 0x13, 0x01, 0x00, 0x0D, 0x11, 0x03,
    0x33, 0x80, 0x11, 0x0C, 0x33, 0x81, 0x96, 0xDA, 0x06, 0xDD, 0x81, 0xBD, 0xDC, 0x04, 0xDD, 0x84,
    0xFD, 0x9F, 0xA9, 0xBB, 0xFC, 0x02, 0xDD, 0x02, 0xBB, 0x80, 0xCB, 0x04, 0xDD, 0x81, 0xCC, 0xAE,
    0x03, 0x99, 0x84, 0xAA, 0xCA, 0xAA, 0x99, 0x88, 0x0C, 0x44, 0x80, 0x34, 0x15, 0x33, 0x80, 0x23,
    0x11, 0x11, 0x83, 0x21, 0xDC, 0xDD, 0xAA, 0x0B, 0x11, 0x84, 0xD9, 0x9A, 0xDA, 0xDD, 0x19, 0x0F,
    0x11, 0x80, 0x31, 0x02, 0x33, 0x82, 0x23, 0x01, 0x00, 0x0C, 0x11, 0x80, 0x21, 0x03, 0x33, 0x80,
    0x21, 0x0C, 0x33, 0x81, 0x96, 0xDA, 0x06, 0xDD, 0x80, 0xBD, 0x05, 0xDD, 0x89, 0xFD, 0x9F, 0xAA,
    0xCB, 0xFF, 0xCB, 0xDD, 0xCD, 0xBB, 0xCB, 0x02, 0xDD, 0x8A, 0xBB, 0xAA, 0x99, 0xFF, 0xED, 0xAE,
    0x87, 0x77, 0xFF, 0xAB, 0x99, 0x0D, 0x44, 0x80, 0x34, 0x16, 0x33, 0x80, 0x23, 0x10, 0x11, 0x83,
    0x21, 0xDC, 0xCD, 0x12, 0x0B, 0x11, 0x80, 0xD9, 0x03, 0xDD, 0x80, 0x19, 0x0E, 0x11, 0x80, 0x21,
    0x04, 0x33, 0x83, 0x23, 0x01, 0x10, 0x23, 0x09, 0x11, 0x12, 0x33, 0x80, 0xD9, 0x0D, 0xDD, 0x89,
    0x9C, 0xF9, 0xCF, 0xFB, 0xFF, 0xCB, 0xDD, 0xCD, 0xBB, 0xCB, 0x02, 0xDD, 0x8A, 0xBB, 0xAA, 0x99,
    0xFF, 0xED, 0xAE, 0x87, 0x77, 0xFF, 0xAB, 0x99, 0x0D, 0x44, 0x80, 0x34, 0x16, 0x33, 0x80, 0x23,
    0x10, 0x11, 0x83, 0x21, 0xDC, 0xCD, 0x12, 0x0B, 0x11, 0x80, 0xD9, 0x03, 0xDD, 0x80, 0x19, 0x0E,
    0x11, 0x80, 0x21, 0x04, 0x33, 0x83, 0x23, 0x01, 0x10, 0x23, 0x09, 0x11, 0x12, 0x33, 0x80, 0xD9,
    0x0D, 0xDD, 0x89, 0x9C, 0xF9, 0xCF, 0xFB, 0xFF, 0xCB, 0xDD, 0xCD, 0xBB, 0xCB, 0x02, 0xDD, 0x8A,
    0xBB, 0xAA, 0x99, 0xFF, 0xED, 0xAE, 0x87, 0x77, 0xFF, 0xAB, 0x99, 0x0D, 0x44, 0x80, 0x34, 0x16,
    0x33, 0x80, 0x23, 0x10, 0x11, 0x83, 0x21, 0xDC, 0xCD, 0x12, 0x0B, 0x11, 0x80, 0xD9, 0x03, 0xDD,
    0x80, 0x19, 0x0E, 0x11, 0x80, 0x21, 0x04, 0x33, 0x83, 0x23, 0x01, 0x10, 0x23, 0x09, 0x11, 0x12,
    0x33, 0x80, 0xD9, 0x0D, 0xDD, 0x87, 0x9C, 0xF9, 0xCF, 0xFB, 0xFF, 0xCB, 0xDD, 0xCD, 0x02, 0xBB,
    0x02, 0xDD, 0x80, 0xBB, 0x02, 0xAA, 0x83, 0xFF, 0xED, 0x9A, 0x79, 0x02, 0x99, 0x81, 0xAA, 0x77,
    0x11, 0x44, 0x80, 0x34, 0x12, 0x33, 0x80, 0x23, 0x10, 0x11, 0x80, 0x22, 0x02, 0xAA, 0x81, 0x12,
    0x66, 0x08, 0x11, 0x86, 0x62, 0x12, 0xD9, 0xDD, 0xBD, 0xAA, 0x19, 0x0E, 0x11, 0x80, 0x21, 0x04,
    0x33, 0x84, 0x23, 0x11, 0x10, 0x21, 0x22, 0x07, 0x11, 0x80, 0x21, 0x11, 0x33, 0x81, 0x44, 0xD9,
    0x0C, 0xDD, 0x85, 0xAD, 0xAA, 0xF9, 0xFF, 0xFC, 0xFF, 0x02, 0xBB, 0x81, 0xCB, 0xCD, 0x03, 0xBB,
    0x02, 0xDD, 0x02, 0xCC, 0x84, 0xAA, 0x99, 0xFF, 0xAA, 0x79, 0x02, 0x88, 0x11, 0x44, 0x80, 0x34,
    0x13, 0x33, 0x80, 0x23, 0x0F, 0x11, 0x80, 0x66, 0x02, 0x22, 0x82, 0x11, 0xAC, 0x16, 0x07, 0x11,
    0x86, 0xC7, 0x17, 0xD9, 0xDD, 0x7A, 0x26, 0x12, 0x0E, 0x11, 0x80, 0x21, 0x05, 0x33, 0x83, 0x23,
    0x12, 0x20, 0x48, 0x07, 0x11, 0x12, 0x33, 0x81, 0x84, 0xD9, 0x0C, 0xDD, 0x83, 0x9D, 0xF9, 0xAF,
    0xFA, 0x02, 0xFF, 0x02, 0xBB, 0x81, 0xCB, 0xCD, 0x03, 0xBB, 0x03, 0xDD, 0x85, 0xBB, 0xAA, 0x99,
    0xFF, 0xAB, 0x77, 0x02, 0x88, 0x11, 0x44, 0x80, 0x34, 0x13, 0x33, 0x80, 0x23, 0x0F, 0x11, 0x81,
    0x68, 0x12, 0x02, 0x11, 0x81, 0xCD, 0x16, 0x07, 0x11, 0x85, 0xD9, 0x19, 0xD9, 0xDD, 0x6A, 0x15,
    0x0F, 0x11, 0x80, 0x21, 0x06, 0x33, 0x82, 0x13, 0x20, 0x48, 0x07, 0x11, 0x12, 0x33, 0x81, 0x86,
    0xD9, 0x0C, 0xDD, 0x83, 0x9D, 0xF9, 0xAF, 0xFA, 0x02, 0xFF, 0x02, 0xBB, 0x81, 0xCB, 0xCD, 0x03,
    0xBB, 0x03, 0xDD, 0x85, 0xBB, 0xAA, 0x99, 0xFF, 0xAB, 0x77, 0x02, 0x88, 0x11, 0x44, 0x80, 0x34,
    0x13, 0x33, 0x80, 0x23, 0x0F, 0x11, 0x81, 0x68, 0x12, 0x02, 0x11, 0x81, 0xCD, 0x16, 0x07, 0x11,
    0x85, 0xD9, 0x19, 0xD9, 0xDD, 0x6A, 0x15, 0x0F, 0x11, 0x80, 0x21, 0x06, 0x33, 0x82, 0x13, 0x20,
    0x48, 0x07, 0x11, 0x12, 0x33, 0x81, 0x86, 0xD9, 0x0C, 0xDD, 0x83, 0x9D, 0xF9, 0xAF, 0xFA, 0x02,
    0xFF, 0x02, 0xBB, 0x81, 0xCB, 0xDD, 0x03, 0xBB, 0x03, 0xDD, 0x85, 0xBB, 0xAA, 0xA9, 0xFF, 0xAB,
    0x79, 0x02, 0x88, 0x14, 0x44, 0x80, 0x34, 0x10, 0x33, 0x80, 0x23, 0x0F, 0x11, 0x81, 0x66, 0x12,
    0x02, 0x11, 0x82, 0xAC, 0x26, 0x22, 0x06, 0x11, 0x88, 0xD7, 0x17, 0xC7, 0xCC, 0x69, 0x12, 0x11,
    0x21, 0x12, 0x0C, 0x11, 0x80, 0x21, 0x06, 0x33, 0x82, 0x13, 0x20, 0x46, 0x06, 0x11, 0x80, 0x21,
    0x11, 0x33, 0x82, 0x44, 0x86, 0xD9, 0x0B, 0xDD, 0x84, 0xCD, 0x9A, 0xF9, 0xAF, 0xFA, 0x02, 0xFF,
    0x82, 0xBA, 0xBB, 0xCB, 0x09, 0xDD, 0x02, 0xCC, 0x80, 0xAA, 0x03, 0x99, 0x81, 0x88, 0x46, 0x12,
    0x44, 0x80, 0x34, 0x10, 0x33, 0x80, 0x23, 0x0F, 0x11, 0x80, 0x22, 0x03, 0x11, 0x83, 0x62, 0xCA,
    0xCC, 0x16, 0x05, 0x11, 0x81, 0x76, 0x16, 0x02, 0x22, 0x80, 0x12, 0x02, 0x11, 0x81, 0xC6, 0x1A,
    0x0B, 0x11, 0x80, 0x21, 0x07, 0x33, 0x81, 0x23, 0x12, 0x02, 0x00, 0x02, 0x11, 0x15, 0x33, 0x82,
    0x86, 0xE9, 0xDE, 0x0B, 0xDD, 0x82, 0x9A, 0x99, 0xF9, 0x02, 0xFF, 0x84, 0xCF, 0xFC, 0xAA, 0xBB,
    0xCB, 0x0A, 0xDD, 0x81, 0xBB, 0xAA, 0x03, 0x99, 0x81, 0x88, 0x46, 0x12, 0x44, 0x80, 0x34, 0x10,
    0x33, 0x80, 0x23, 0x13, 0x11, 0x83, 0x21, 0xDA, 0xDD, 0x16, 0x05, 0x11, 0x81, 0x66, 0x12, 0x05,
    0x11, 0x81, 0xD6, 0x1A, 0x0B, 0x11, 0x80, 0x21, 0x08, 0x33, 0x80, 0x13, 0x02, 0x00, 0x02, 0x11,
    0x15, 0x33, 0x81, 0x86, 0xD9, 0x0C, 0xDD, 0x82, 0x9A, 0x99, 0xF9, 0x02, 0xFF, 0x84, 0xBF, 0xFC,
    0xAA, 0xBB, 0xCB, 0x0A, 0xDD, 0x81, 0xBB, 0xAA, 0x03, 0x99, 0x81, 0x88, 0x46, 0x12, 0x44, 0x80,
    0x34, 0x10, 0x33, 0x80, 0x23, 0x13, 0x11, 0x83, 0x21, 0xDA, 0xDD, 0x16, 0x05, 0x11, 0x81, 0x66,
    0x12, 0x05, 0x11, 0x81, 0xD6, 0x1A, 0x0B, 0x11, 0x80, 0x21, 0x08, 0x33, 0x80, 0x13, 0x02, 0x00,
    0x02, 0x11, 0x15, 0x33, 0x81, 0x86, 0xD9, 0x0C, 0xDD, 0x82, 0x9A, 0x99, 0xF9, 0x02, 0xFF, 0x84,
    0xBF, 0xFC, 0xBA, 0xBB, 0xCB, 0x0A, 0xDD, 0x82, 0xBB, 0xAA, 0x9A, 0x02, 0x99, 0x80, 0x88, 0x02,
    0x66, 0x12, 0x44, 0x80, 0x34, 0x0F, 0x33, 0x80, 0x23, 0x13, 0x11, 0x83, 0x21, 0xCA, 0xDD, 0x26,
    0x02, 0x11, 0x03, 0x22, 0x81, 0x76, 0x16, 0x05, 0x11, 0x81, 0xD6, 0x1A, 0x0B, 0x11, 0x80, 0x21,
    0x08, 0x33, 0x82, 0x13, 0x00, 0x10, 0x02, 0x11, 0x13, 0x33, 0x02, 0x44, 0x81, 0x76, 0xD9, 0x0B,
    0xDD, 0x83, 0xAC, 0x9A, 0x99, 0xF9, 0x02, 0xFF, 0x88, 0xCF, 0xFC, 0xDD, 0xCD, 0xBB, 0xBA, 0xCB,
    0xDD, 0xBB, 0x07, 0xDD, 0x81, 0xBB, 0xAA, 0x05, 0x99, 0x81, 0x88, 0x46, 0x11, 0x44, 0x0F, 0x33,
    0x80, 0x23, 0x14, 0x11, 0x82, 0x22, 0xA9, 0xCA, 0x02, 0x66, 0x80, 0xCA, 0x02, 0xCC, 0x81, 0xDC,
    0x17, 0x05, 0x11, 0x81, 0xA6, 0x19, 0x0A, 0x11, 0x80, 0x21, 0x09, 0x33, 0x80, 0x23, 0x02, 0x22,
    0x82, 0x13, 0x00, 0x21, 0x12, 0x33, 0x83, 0x86, 0x97, 0x99, 0xDA, 0x0B, 0xDD, 0x82, 0x5A, 0x95,
    0xF9, 0x05, 0xFF, 0x86, 0xDD, 0xCD, 0xAB, 0xAA, 0xCB, 0xDD, 0xBB, 0x07, 0xDD, 0x81, 0xBB, 0xAA,
    0x05, 0x99, 0x81, 0x88, 0x66, 0x11, 0x44, 0x0F, 0x33, 0x80, 0x23, 0x15, 0x11, 0x84, 0x97, 0xDC,
    0x67, 0x86, 0xDA, 0x03, 0xDD, 0x80, 0x19, 0x05, 0x11, 0x81, 0xA6, 0x19, 0x0A, 0x11, 0x80, 0x21,
    0x0C, 0x33, 0x82, 0x13, 0x00, 0x11, 0x12, 0x33, 0x83, 0x86, 0x97, 0x99, 0xDA, 0x0B, 0xDD, 0x82,
    0x5A, 0x95, 0xF9, 0x05, 0xFF, 0x86, 0xDD, 0xCD, 0xAB, 0xAA, 0xCB, 0xDD, 0xBB, 0x07, 0xDD, 0x81,
    0xBB, 0xAA, 0x05, 0x99, 0x81, 0x88, 0x66, 0x11, 0x44, 0x0F, 0x33, 0x80, 0x23, 0x15, 0x11, 0x84,
    0x97, 0xDC, 0x67, 0x86, 0xDA, 0x03, 0xDD, 0x80, 0x19, 0x05, 0x11, 0x81, 0xA6, 0x19, 0x0A, 0x11,
    0x80, 0x21, 0x0C, 0x33, 0x82, 0x13, 0x00, 0x11, 0x12, 0x33, 0x83, 0x86, 0x97, 0x99, 0xDA, 0x0B,
    0xDD, 0x82, 0x5A, 0x95, 0xF9, 0x05, 0xFF, 0x02, 0xDD, 0x84, 0xBB, 0xBA, 0xCB, 0xDD, 0xBB, 0x07,
    0xDD, 0x81, 0xBB, 0xAA, 0x05, 0x99, 0x80, 0x87, 0x04, 0x66, 0x0F, 0x44, 0x80, 0x34, 0x0D, 0x33,
    0x80, 0x23, 0x10, 0x11, 0x02, 0x22, 0x03, 0x11, 0x81, 0x97, 0xCA, 0x02, 0x66, 0x80, 0xCA, 0x02,
    0xCC, 0x83, 0xDD, 0x19, 0x11, 0x21, 0x03, 0x11, 0x81, 0x92, 0x17, 0x0A, 0x11, 0x80, 0x21, 0x0C,
    0x33, 0x82, 0x13, 0x00, 0x21, 0x0B, 0x33, 0x80, 0x44, 0x04, 0x33, 0x02, 0x44, 0x80, 0x86, 0x02,
    0x99, 0x80, 0xDA, 0x07, 0xDD, 0x80, 0xCD, 0x02, 0xCC, 0x83, 0xAC, 0x5A, 0x95, 0xF9, 0x05, 0xFF,
    0x05, 0xDD, 0x81, 0xBB, 0xAA, 0x02, 0xBB, 0x05, 0xDD, 0x80, 0xBB, 0x02, 0xAA, 0x83, 0xFF, 0xDD,
    0xCC, 0x9A, 0x05, 0x99, 0x02, 0x88, 0x80, 0x46, 0x0D, 0x44, 0x0E, 0x33, 0x80, 0x23, 0x0E, 0x11,
    0x83, 0x21, 0xAA, 0xAC, 0x12, 0x02, 0x11, 0x82, 0xDA, 0x26, 0x12, 0x04, 0x22, 0x84, 0xD9, 0x19,
    0x11, 0xC7, 0x17, 0x02, 0x11, 0x81, 0x21, 0x12, 0x09, 0x11, 0x80, 0x21, 0x0E, 0x33, 0x80, 0x22,
    0x0C, 0x33, 0x81, 0x44, 0x34, 0x03, 0x33, 0x81, 0x86, 0x77, 0x02, 0x99, 0x81, 0xCA, 0xDC, 0x07,
    0xDD, 0x80, 0xFC, 0x02, 0xFF, 0x82, 0x5A, 0xA5, 0x99, 0x02, 0xF9, 0x04, 0xFF, 0x05, 0xDD, 0x81,
    0xBB, 0xAA, 0x02, 0xBB, 0x05, 0xDD, 0x80, 0xBB, 0x02, 0xAA, 0x80, 0xFF, 0x02, 0xDD, 0x80, 0x9A,
    0x05, 0x99, 0x02, 0x88, 0x80, 0x68, 0x0D, 0x44, 0x0E, 0x33, 0x80, 0x23, 0x0E, 0x11, 0x83, 0x21,
    0xDA, 0xCD, 0x12, 0x02, 0x11, 0x81, 0xDA, 0x16, 0x05, 0x11, 0x84, 0xD9, 0x19, 0x11, 0xD9, 0x19,
    0x0D, 0x11, 0x80, 0x21, 0x1B, 0x33, 0x81, 0x44, 0x34, 0x03, 0x33, 0x81, 0x88, 0x97, 0x02, 0x99,
    0x80, 0xDA, 0x08, 0xDD, 0x03, 0xFF, 0x82, 0x59, 0xA5, 0xFA, 0x05, 0xFF, 0x80, 0xCF, 0x05, 0xDD,
    0x81, 0xBB, 0xAA, 0x02, 0xBB, 0x05, 0xDD, 0x80, 0xBB, 0x02, 0xAA, 0x80, 0xFF, 0x02, 0xDD, 0x80,
    0x9A, 0x05, 0x99, 0x02, 0x88, 0x80, 0x68, 0x0D, 0x44, 0x0E, 0x33, 0x80, 0x23, 0x0E, 0x11, 0x83,
    0x21, 0xDA, 0xCD, 0x12, 0x02, 0x11, 0x81, 0xDA, 0x16, 0x05, 0x11, 0x84, 0xD9, 0x19, 0x11, 0xD9,
    0x19, 0x0D, 0x11, 0x80, 0x21, 0x1B, 0x33, 0x81, 0x44, 0x34, 0x03, 0x33, 0x81, 0x88, 0x97, 0x02,
    0x99, 0x80, 0xDA, 0x08, 0xDD, 0x03, 0xFF, 0x82, 0x59, 0xA5, 0xF9, 0x05, 0xFF, 0x80, 0xCF, 0x05,
    0xDD, 0x81, 0xBB, 0xBA, 0x02, 0xBB, 0x05, 0xDD, 0x80, 0xBB, 0x02, 0xAA, 0x83, 0xFF, 0xDD, 0xCC,
    0x9A, 0x05, 0x99, 0x02, 0x88, 0x80, 0x46, 0x0D, 0x44, 0x0E, 0x33, 0x80, 0x23, 0x0E, 0x11, 0x83,
    0x21, 0xAA, 0xAC, 0x12, 0x02, 0x11, 0x81, 0xCA, 0x16, 0x05, 0x11, 0x84, 0xC7, 0x17, 0x11, 0xC7,
    0x17, 0x0D, 0x11, 0x80, 0x21, 0x1B, 0x33, 0x81, 0x44, 0x34, 0x03, 0x44, 0x81, 0x88, 0x97, 0x02,
    0x99, 0x80, 0xDA, 0x06, 0xDD, 0x81, 0xCD, 0xCC, 0x02, 0xFF, 0x83, 0x9F, 0x59, 0xA5, 0xF9, 0x05,
    0xFF, 0x80, 0xCF, 0x08, 0xDD, 0x83, 0xBB, 0xBA, 0xBB, 0xCB, 0x03, 0xDD, 0x03, 0xCC, 0x02, 0xAA,
    0x81, 0xFF, 0xCA, 0x02, 0xCC, 0x81, 0xAA, 0x77, 0x02, 0x66, 0x0D, 0x44, 0x80, 0x34, 0x0D, 0x33,
    0x80, 0x23, 0x10, 0x11, 0x02, 0x66, 0x03, 0x11, 0x80, 0x66, 0x06, 0x11, 0x84, 0x62, 0x12, 0x11,
    0x62, 0x12, 0x0D, 0x11, 0x80, 0x21, 0x1B, 0x33, 0x84, 0x44, 0x33, 0x44, 0x86, 0x77, 0x02, 0x99,
    0x82, 0x79, 0x99, 0xDA, 0x06, 0xDD, 0x80, 0xFC, 0x02, 0xFF, 0x84, 0x5A, 0x55, 0x95, 0x99, 0xF9,
    0x04, 0xFF, 0x81, 0xCC, 0xBC, 0x08, 0xDD, 0x81, 0xBB, 0xAA, 0x02, 0xBB, 0x05, 0xDD, 0x80, 0xBB,
    0x02, 0x99, 0x81, 0xFF, 0xDF, 0x02, 0xDD, 0x82, 0xEE, 0x87, 0x66, 0x0D, 0x44, 0x80, 0x34, 0x0E,
    0x33, 0x80, 0x23, 0x2E, 0x11, 0x80, 0x21, 0x1D, 0x33, 0x82, 0x44, 0x88, 0x97, 0x02, 0x99, 0x82,
    0x77, 0x97, 0xDA, 0x06, 0xDD, 0x03, 0xFF, 0x82, 0x59, 0x55, 0x95, 0x02, 0x99, 0x03, 0xFF, 0x80,
    0xCF, 0x02, 0xBB, 0x08, 0xDD, 0x81, 0xBB, 0xAA, 0x02, 0xBB, 0x05, 0xDD, 0x80, 0xBB, 0x02, 0x99,
    0x81, 0xFF, 0xDF, 0x02, 0xDD, 0x82, 0xEE, 0x87, 0x66, 0x0D, 0x44, 0x80, 0x34, 0x0E, 0x33, 0x80,
    0x23, 0x2E, 0x11, 0x80, 0x21, 0x1D, 0x33, 0x82, 0x44, 0x88, 0x97, 0x02, 0x99, 0x82, 0x77, 0x97,
    0xDA, 0x06, 0xDD, 0x03, 0xFF, 0x82, 0x59, 0x55, 0x95, 0x02, 0x99, 0x03, 0xFF, 0x80, 0xCF, 0x02,
    0xBB, 0x08, 0xDD, 0x81, 0xBB, 0xAA, 0x02, 0xBB, 0x05, 0xDD, 0x80, 0xBB, 0x02, 0x99, 0x81, 0xFF,
    0xDF, 0x02, 0xDD, 0x82, 0xEE, 0x87, 0x66, 0x0D, 0x44, 0x80, 0x34, 0x0E, 0x33, 0x80, 0x23, 0x2E,
    0x11, 0x80, 0x21, 0x1D, 0x33, 0x82, 0x44, 0x88, 0x97, 0x02, 0x99, 0x82, 0x77, 0x97, 0xDA, 0x06,
    0xDD, 0x03, 0xFF, 0x82, 0x59, 0x55, 0x95, 0x02, 0x99, 0x02, 0xF9, 0x81, 0xFF, 0xCF, 0x02, 0xBB,
    0x07, 0xDD, 0x81, 0xCB, 0xFF, 0x02, 0xDD, 0x81, 0xCD, 0xBA, 0x03, 0xBB, 0x02, 0xDD, 0x03, 0xCC,
    0x03, 0xAA, 0x80, 0xFA, 0x03, 0xAA, 0x82, 0x79, 0x87, 0x46, 0x09, 0x44, 0x80, 0x34, 0x0F, 0x33,
    0x02, 0x22, 0x29, 0x11, 0x80, 0x21, 0x02, 0x22, 0x80, 0x32, 0x1B, 0x33, 0x82, 0x43, 0x44, 0x97,
    0x02, 0x99, 0x80, 0x77, 0x02, 0x66, 0x81, 0xA9, 0xDE, 0x05, 0xDD, 0x02, 0xFF, 0x83, 0x9F, 0x59,
    0x55, 0x95, 0x02, 0x99, 0x80, 0xF9, 0x02, 0xFF, 0x81, 0xCF, 0xBC, 0x02, 0xBB, 0x07, 0xDD, 0x81,
    0xCB, 0xFF, 0x02, 0xDD, 0x81, 0xCD, 0xAA, 0x03, 0xBB, 0x04, 0xDD, 0x8A, 0xBB, 0xAA, 0x9A, 0x99,
    0xFF, 0xDF, 0xDD, 0xBC, 0x9A, 0x87, 0x68, 0x09, 0x44, 0x11, 0x33, 0x80, 0x23, 0x29, 0x11, 0x80,
    0x31, 0x1E, 0x33, 0x81, 0x43, 0x44, 0x03, 0x99, 0x83, 0x77, 0x34, 0x64, 0xDA, 0x06, 0xDD, 0x02,
    0xFF, 0x85, 0x9F, 0x59, 0x55, 0x95, 0x99, 0xF9, 0x03, 0xFF, 0x80, 0xBF, 0x03, 0xBB, 0x07, 0xDD,
    0x81, 0xCB, 0xFF, 0x02, 0xDD, 0x81, 0xCD, 0xAA, 0x03, 0xBB, 0x04, 0xDD, 0x8A, 0xBB, 0xAA, 0x9A,
    0x99, 0xFF, 0xDF, 0xDD, 0xBC, 0x9A, 0x87, 0x68, 0x09, 0x44, 0x11, 0x33, 0x80, 0x23, 0x29, 0x11,
    0x80, 0x31, 0x1E, 0x33, 0x81, 0x43, 0x44, 0x03, 0x99, 0x83, 0x77, 0x34, 0x64, 0xDA, 0x06, 0xDD,
    0x02, 0xFF, 0x84, 0x9F, 0x59, 0x55, 0x95, 0x99, 0x02, 0xF9, 0x02, 0xFF, 0x80, 0xBF, 0x03, 0xBB,
    0x07, 0xDD, 0x81, 0xCB, 0xFF, 0x02, 0xDD, 0x81, 0xCD, 0xAA, 0x03, 0xBB, 0x04, 0xDD, 0x8A, 0xBB,
    0xAA, 0x9A, 0x99, 0xFF, 0xDF, 0xDD, 0xBC, 0x9A, 0x87, 0x68, 0x09, 0x44, 0x11, 0x33, 0x80, 0x23,
    0x29, 0x11, 0x80, 0x31, 0x1E, 0x33, 0x81, 0x43, 0x44, 0x03, 0x99, 0x83, 0x77, 0x34, 0x64, 0xDA,
    0x06, 0xDD, 0x02, 0xFF, 0x83, 0x9F, 0x59, 0x55, 0x95, 0x02, 0x99, 0x80, 0xF9, 0x02, 0xFF, 0x80,
    0xBF, 0x03, 0xBB,
};
// clang-format on
